Арабкир, 1 ком., 70 кв.м., 9/10 этаж	1	220000	70	https://www.list.am/ru/item/19614079
Арабкир, 2 ком., 78 кв.м., 6/6 этаж	2	465600	78	https://www.list.am/ru/item/17666103
Арабкир, 3 ком., 70 кв.м., 2/5 этаж	3	350000	70	https://www.list.am/ru/item/19814413
Арабкир, 2 ком., 49 кв.м., 5/5 этаж	2	250000	49	https://www.list.am/ru/item/19438544
Арабкир, 3 ком., 91 кв.м., 7/16 этаж	3	360000	91	https://www.list.am/ru/item/19791939
Арабкир, 3 ком., 72 кв.м., 2/6 этаж	3	504400	72	https://www.list.am/ru/item/19414758
Арабкир, 1 ком., 45 кв.м., 3/5 этаж	1	300000	45	https://www.list.am/ru/item/19884319
Арабкир, 3 ком., 70 кв.м., 3/12 этаж	3	399000	70	https://www.list.am/ru/item/19364360
Арабкир, 4 ком., 130 кв.м., 2/5 этаж	4	504400	130	https://www.list.am/ru/item/17118825
Арабкир, 3 ком., 80 кв.м., 3/5 этаж	3	300000	80	https://www.list.am/ru/item/19667683
Арабкир, 3 ком., 70 кв.м., 3/5 этаж	3	300000	70	https://www.list.am/ru/item/19853264
Арабкир, 3 ком., 135 кв.м., 1/5 этаж	3	380000	135	https://www.list.am/ru/item/19779763
Арабкир, 3 ком., 62 кв.м., 2/5 этаж	3	330000	62	https://www.list.am/ru/item/19178681
Арабкир, 2 ком., 40 кв.м., 2/5 этаж	2	290000	40	https://www.list.am/ru/item/19881088
Арабкир, 1 ком., 50 кв.м., 6/7 этаж	1	250000	50	https://www.list.am/ru/item/18872150
Арабкир, 2 ком., 100 кв.м., 17/17 этаж	2	475000	100	https://www.list.am/ru/item/19210187
Арабкир, 3 ком., 90 кв.м., 2/4 этаж	3	426800	90	https://www.list.am/ru/item/19984875
Арабкир, 3 ком., 70 кв.м., 6/17 этаж	3	465600	70	https://www.list.am/ru/item/17793265
Арабкир, 2 ком., 60 кв.м., 5/5 этаж	2	250000	60	https://www.list.am/ru/item/19984811
Арабкир, 4 ком., 94 кв.м., 2/5 этаж	4	400000	94	https://www.list.am/ru/item/19557800
Арабкир, 3 ком., 75 кв.м., 1/5 этаж	3	320000	75	https://www.list.am/ru/item/19407901
Арабкир, 2 ком., 70 кв.м., 2/14 этаж	2	504400	70	https://www.list.am/ru/item/19949462
Арабкир, 3 ком., 96 кв.м., 3/5 этаж	3	500000	96	https://www.list.am/ru/item/19103792
Арабкир, 4 ком., 158 кв.м., 3/4 этаж	4	776000	158	https://www.list.am/ru/item/19939892
Арабкир, 3 ком., 81 кв.м., 4/5 этаж	3	388000	81	https://www.list.am/ru/item/19335549
Арабкир, 2 ком., 81 кв.м., 2/7 этаж	2	280000	81	https://www.list.am/ru/item/19964719
Арабкир, 2 ком., 47 кв.м., 2/5 этаж	2	300000	47	https://www.list.am/ru/item/19909484
Арабкир, 3 ком., 94 кв.м., 7/16 этаж	3	350000	94	https://www.list.am/ru/item/19283989
Арабкир, 3 ком., 90 кв.м., 1/6 этаж	3	349200	90	https://www.list.am/ru/item/18661457
Арабкир, 3 ком., 90 кв.м., 4/5 этаж	3	400000	90	https://www.list.am/ru/item/19816871
Арабкир, 3 ком., 78 кв.м., 1/5 этаж	3	350000	78	https://www.list.am/ru/item/19787738
Арабкир, 3 ком., 100 кв.м., 5/5 этаж	3	450000	100	https://www.list.am/ru/item/19359164
Арабкир, 2 ком., 46 кв.м., 2/2 этаж	2	230000	46	https://www.list.am/ru/item/19957319
Арабкир, 2 ком., 70 кв.м., 10/10 этаж	2	280000	70	https://www.list.am/ru/item/18426383
Арабкир, 3 ком., 77 кв.м., 9/9 этаж	3	330000	77	https://www.list.am/ru/item/19903907
Арабкир, 4 ком., 103 кв.м., 14/18 этаж	4	450000	103	https://www.list.am/ru/item/19911122
Арабкир, 2 ком., 78 кв.м., 2/3 этаж	2	213400	78	https://www.list.am/ru/item/19813983
Арабкир, 2 ком., 60 кв.м., 4/5 этаж	2	320000	60	https://www.list.am/ru/item/19926438
Арабкир, 2 ком., 60 кв.м., 3/9 этаж	2	300000	60	https://www.list.am/ru/item/19723558
Арабкир, 4 ком., 80 кв.м., 3/5 этаж	4	550000	80	https://www.list.am/ru/item/18565247
Арабкир, 3 ком., 70 кв.м., 2/5 этаж	3	380000	70	https://www.list.am/ru/item/19984417
Арабкир, 2 ком., 45 кв.м., 1/12 этаж	2	349000	45	https://www.list.am/ru/item/19249849
Арабкир, 3 ком., 60 кв.м., 1/5 этаж	3	380000	60	https://www.list.am/ru/item/19950228
Арабкир, 2 ком., 42 кв.м., 2/5 этаж	2	60000	42	https://www.list.am/ru/item/19873255
Арабкир, 2 ком., 65 кв.м., 2/5 этаж	2	320000	65	https://www.list.am/ru/item/19552741
Арабкир, 2 ком., 40 кв.м., 6/9 этаж	2	270000	40	https://www.list.am/ru/item/19887863
Арабкир, 2 ком., 100 кв.м., 4/5 этаж	2	582000	100	https://www.list.am/ru/item/19840421
Арабкир, 3 ком., 80 кв.м., 4/9 этаж	3	350000	80	https://www.list.am/ru/item/19947451
Арабкир, 3 ком., 95 кв.м., 5/5 этаж	3	490000	95	https://www.list.am/ru/item/19640037
Арабкир, 1 ком., 43 кв.м., 7/9 этаж	1	330000	43	https://www.list.am/ru/item/18541670
Арабкир, 2 ком., 40 кв.м., 4/4 этаж	2	349200	40	https://www.list.am/ru/item/17811666
Арабкир, 2 ком., 46 кв.м., 2/5 этаж	2	350000	46	https://www.list.am/ru/item/19905908
Арабкир, 3 ком., 89 кв.м., 1/9 этаж	3	400000	89	https://www.list.am/ru/item/19915475
Арабкир, 2 ком., 54 кв.м., 6/6 этаж	2	250000	54	https://www.list.am/ru/item/19963590
Арабкир, 2 ком., 54 кв.м., 5/5 этаж	2	260000	54	https://www.list.am/ru/item/19954469
Арабкир, 2 ком., 35 кв.м., 1/12 этаж	2	300000	35	https://www.list.am/ru/item/17095667
Арабкир, 1 ком., 35 кв.м., 3/5 этаж	1	260000	35	https://www.list.am/ru/item/19155137
Арабкир, 3 ком., 86 кв.м., 5/12 этаж	3	650000	86	https://www.list.am/ru/item/19631250
Арабкир, 3 ком., 50 кв.м., 2/14 этаж	3	300000	50	https://www.list.am/ru/item/19982909
Арабкир, 1 ком., 30 кв.м., 4/5 этаж	1	170000	30	https://www.list.am/ru/item/19953504
Арабкир, 2 ком., 47 кв.м., 4/5 этаж	2	320000	47	https://www.list.am/ru/item/19968826
Арабкир, 2 ком., 68 кв.м., 10/15 этаж	2	465600	68	https://www.list.am/ru/item/19909666
Арабкир, 2 ком., 72 кв.м., 3/6 этаж	2	250000	72	https://www.list.am/ru/item/19504278
Арабкир, 3 ком., 70 кв.м., 2/4 этаж	3	230000	70	https://www.list.am/ru/item/19930255
Арабкир, 1 ком., 45 кв.м., 1/3 этаж	1	240000	45	https://www.list.am/ru/item/19905556
Арабкир, 1 ком., 35 кв.м., 2/5 этаж	1	370000	35	https://www.list.am/ru/item/19342099
Арабкир, 3 ком., 110 кв.м., 12/18 этаж	3	582000	110	https://www.list.am/ru/item/19910082
Арабкир, 3 ком., 105 кв.м., 9/12 этаж	3	582000	105	https://www.list.am/ru/item/19878315
Арабкир, 3 ком., 73 кв.м., 4/4 этаж	3	250000	73	https://www.list.am/ru/item/19804513
Арабкир, 2 ком., 43 кв.м., 3/3 этаж	2	260000	43	https://www.list.am/ru/item/19789551
Арабкир, 3 ком., 71 кв.м., 2/8 этаж	3	504400	71	https://www.list.am/ru/item/19292163
Арабкир, 2 ком., 52 кв.м., 14/14 этаж	2	380000	52	https://www.list.am/ru/item/19982617
Арабкир, 3 ком., 78 кв.м., 2/10 этаж	3	320000	78	https://www.list.am/ru/item/19036991
Арабкир, 3 ком., 75 кв.м., 2/5 этаж	3	350000	75	https://www.list.am/ru/item/19964690
Арабкир, 3 ком., 97 кв.м., 2/9 этаж	3	620800	97	https://www.list.am/ru/item/19104126
Арабкир, 2 ком., 50 кв.м., 5/5 этаж	2	350000	50	https://www.list.am/ru/item/19706044
Арабкир, 3 ком., 85 кв.м., 3/9 этаж	3	280000	85	https://www.list.am/ru/item/19966555
Арабкир, 3 ком., 70 кв.м., 1/5 этаж	3	220000	70	https://www.list.am/ru/item/19951419
Арабкир, 2 ком., 54 кв.м., 3/5 этаж	2	330000	54	https://www.list.am/ru/item/19865727
Арабкир, 3 ком., 90 кв.м., 1/9 этаж	3	250000	90	https://www.list.am/ru/item/19886153
Арабкир, 2 ком., 67 кв.м., 3/5 этаж	2	275000	67	https://www.list.am/ru/item/19796614
Арабкир, 2 ком., 70 кв.м., 11/16 этаж	2	450000	70	https://www.list.am/ru/item/18524509
Арабкир, 2 ком., 68 кв.м., 6/7 этаж	2	280000	68	https://www.list.am/ru/item/19875615
Арабкир, 2 ком., 56 кв.м., 4/5 этаж	2	215000	56	https://www.list.am/ru/item/19378706
Арабкир, 2 ком., 64 кв.м., 4/5 этаж	2	347000	64	https://www.list.am/ru/item/19729234
Арабкир, 2 ком., 68 кв.м., 9/12 этаж	2	300000	68	https://www.list.am/ru/item/19692967
Арабкир, 1 ком., 50 кв.м., 4/5 этаж	1	270000	50	https://www.list.am/ru/item/19923414
Арабкир, 2 ком., 54 кв.м., 5/11 этаж	2	388000	54	https://www.list.am/ru/item/19436552
Арабкир, 3 ком., 80 кв.м., 8/10 этаж	3	582000	80	https://www.list.am/ru/item/19920556
Арабкир, 4 ком., 68 кв.м., 4/5 этаж	4	380000	68	https://www.list.am/ru/item/19964343
Арабкир, 1 ком., 46 кв.м., 2/5 этаж	1	260000	46	https://www.list.am/ru/item/19981596
Арабкир, 1 ком., 41 кв.м., 3/5 этаж	1	230000	41	https://www.list.am/ru/item/19903153
Арабкир, 3 ком., 80 кв.м., 5/10 этаж	3	350000	80	https://www.list.am/ru/item/19577410
Арабкир, 3 ком., 75 кв.м., 3/6 этаж	3	330000	75	https://www.list.am/ru/item/19493824
Арабкир, 2 ком., 61 кв.м., 5/5 этаж	2	250000	61	https://www.list.am/ru/item/18688755
Арабкир, 3 ком., 78 кв.м., 4/5 этаж	3	550000	78	https://www.list.am/ru/item/19304716
Арабкир, 3 ком., 53 кв.м., 6/9 этаж	3	280000	53	https://www.list.am/ru/item/18899916
Арабкир, 3 ком., 102 кв.м., 2/2 этаж	3	575000	102	https://www.list.am/ru/item/19757975
Арабкир, 3 ком., 70 кв.м., 1/14 этаж	3	240000	70	https://www.list.am/ru/item/18956393
Арабкир, 3 ком., 78 кв.м., 5/5 этаж	3	300000	78	https://www.list.am/ru/item/19721216
Арабкир, 3 ком., 120 кв.м., 1/5 этаж	3	450000	120	https://www.list.am/ru/item/19778950
Арабкир, 3 ком., 97 кв.м., 2/5 этаж	3	300000	97	https://www.list.am/ru/item/19778945
Арабкир, 3 ком., 103 кв.м., 6/14 этаж	3	579000	103	https://www.list.am/ru/item/19778925
Арабкир, 3 ком., 66 кв.м., 2/5 этаж	3	320000	66	https://www.list.am/ru/item/19347700
Арабкир, 2 ком., 45 кв.м., 4/8 этаж	2	350000	45	https://www.list.am/ru/item/19771907
Арабкир, 2 ком., 63 кв.м., 8/10 этаж	2	300000	63	https://www.list.am/ru/item/19597407
Арабкир, 1 ком., 30 кв.м., 2/4 этаж	1	250000	30	https://www.list.am/ru/item/19356641
Арабкир, 1 ком., 30 кв.м., 2/4 этаж	1	250000	30	https://www.list.am/ru/item/19356647
Арабкир, 2 ком., 74 кв.м., 3/7 этаж	2	350000	74	https://www.list.am/ru/item/19066130
Арабкир, 2 ком., 56 кв.м., 2/9 этаж	2	250000	56	https://www.list.am/ru/item/19764847
Арабкир, 2 ком., 43 кв.м., 6/8 этаж	2	500000	43	https://www.list.am/ru/item/19670979
Арабкир, 3 ком., 51 кв.м., 3/5 этаж	3	300000	51	https://www.list.am/ru/item/19762705
Арабкир, 1 ком., 45 кв.м., 2/5 этаж	1	250000	45	https://www.list.am/ru/item/19703114
Арабкир, 2 ком., 67 кв.м., 1/4 этаж	2	350000	67	https://www.list.am/ru/item/19636809
Арабкир, 3 ком., 80 кв.м., 3/5 этаж	3	340000	80	https://www.list.am/ru/item/19643495
Арабкир, 2 ком., 48 кв.м., 7/10 этаж	2	300000	48	https://www.list.am/ru/item/19560625
Арабкир, 1 ком., 88 кв.м., 3/15 этаж	1	504400	88	https://www.list.am/ru/item/19292908
Арабкир, 2 ком., 57 кв.м., 5/5 этаж	2	280000	57	https://www.list.am/ru/item/19742802
Арабкир, 2 ком., 48 кв.м., 5/9 этаж	2	250000	48	https://www.list.am/ru/item/19473861
Арабкир, 3 ком., 73 кв.м., 3/5 этаж	3	350000	73	https://www.list.am/ru/item/19044764
Арабкир, 3 ком., 88 кв.м., 4/9 этаж	3	250000	88	https://www.list.am/ru/item/19330447
Арабкир, 3 ком., 80 кв.м., 2/9 этаж	3	300000	80	https://www.list.am/ru/item/18880626
Арабкир, 4 ком., 120 кв.м., 5/8 этаж	4	550000	120	https://www.list.am/ru/item/19325628
Арабкир, 3 ком., 76 кв.м., 5/5 этаж	3	360000	76	https://www.list.am/ru/item/19436234
Арабкир, 4 ком., 160 кв.м., 7/10 этаж	4	698400	160	https://www.list.am/ru/item/19129235
Арабкир, 2 ком., 70 кв.м., 8/14 этаж	2	426800	70	https://www.list.am/ru/item/19709322
Арабкир, 3 ком., 54 кв.м., 2/5 этаж	3	250000	54	https://www.list.am/ru/item/19700312
Арабкир, 3 ком., 65 кв.м., 5/5 этаж	3	250000	65	https://www.list.am/ru/item/19479567
Арабкир, 2 ком., 56 кв.м., 2/4 этаж	2	250000	56	https://www.list.am/ru/item/19745010
Арабкир, 2 ком., 56 кв.м., 2/4 этаж	2	250000	56	https://www.list.am/ru/item/19744999
Арабкир, 2 ком., 60 кв.м., 9/9 этаж	2	210000	60	https://www.list.am/ru/item/19268750
Арабкир, 2 ком., 55 кв.м., 2/7 этаж	2	388000	55	https://www.list.am/ru/item/19742906
Арабкир, 2 ком., 56 кв.м., 2/8 этаж	2	400000	56	https://www.list.am/ru/item/19670063
Арабкир, 3 ком., 85 кв.м., 9/9 этаж	3	350000	85	https://www.list.am/ru/item/19742052
Арабкир, 2 ком., 46 кв.м., 1/5 этаж	2	250000	46	https://www.list.am/ru/item/19741432
Арабкир, 3 ком., 70 кв.м., 3/5 этаж	3	465600	70	https://www.list.am/ru/item/19686132
Арабкир, 2 ком., 51 кв.м., 5/7 этаж	2	388000	51	https://www.list.am/ru/item/19711314
Арабкир, 1 ком., 31 кв.м., 4/5 этаж	1	240000	31	https://www.list.am/ru/item/19561045
Арабкир, 2 ком., 52 кв.м., 3/5 этаж	2	250000	52	https://www.list.am/ru/item/19738292
Арабкир, 2 ком., 50 кв.м., 3/3 этаж	2	280000	50	https://www.list.am/ru/item/19716173
Арабкир, 4 ком., 110 кв.м., 4/4 этаж	4	400000	110	https://www.list.am/ru/item/19666584
Арабкир, 3 ком., 105 кв.м., 10/10 этаж	3	400000	105	https://www.list.am/ru/item/19732569
Арабкир, 5 ком., 170 кв.м., 8/9 этаж	5	1746000	170	https://www.list.am/ru/item/19731480
Арабкир, 3 ком., 120 кв.м., 4/13 этаж	3	350000	120	https://www.list.am/ru/item/19981548
Арабкир, 3 ком., 85 кв.м., 4/5 этаж	3	70000	85	https://www.list.am/ru/item/19981483
Арабкир, 4 ком., 118 кв.м., 6/6 этаж	4	650000	118	https://www.list.am/ru/item/19612904
Арабкир, 3 ком., 110 кв.м., 3/9 этаж	3	450000	110	https://www.list.am/ru/item/18108053
Арабкир, 4 ком., 100 кв.м., 3/5 этаж	4	300000	100	https://www.list.am/ru/item/19981259
Арабкир, 2 ком., 39 кв.м., 3/5 этаж	2	330000	39	https://www.list.am/ru/item/19135148
Арабкир, 3 ком., 82 кв.м., 5/5 этаж	3	500000	82	https://www.list.am/ru/item/19735200
Арабкир, 2 ком., 62 кв.м., 5/5 этаж	2	250000	62	https://www.list.am/ru/item/19924943
Арабкир, 2 ком., 50 кв.м., 5/5 этаж	2	380000	50	https://www.list.am/ru/item/19829685
Арабкир, 2 ком., 70 кв.м., 1/5 этаж	2	400000	70	https://www.list.am/ru/item/19293533
Арабкир, 2 ком., 52 кв.м., 1/5 этаж	2	230000	52	https://www.list.am/ru/item/19922404
Арабкир, 2 ком., 43 кв.м., 5/9 этаж	2	260000	43	https://www.list.am/ru/item/19891626
Арабкир, 2 ком., 46 кв.м., 4/4 этаж	2	225000	46	https://www.list.am/ru/item/19931339
Арабкир, 2 ком., 84 кв.м., 4/4 этаж	2	388000	84	https://www.list.am/ru/item/19561375
Арабкир, 3 ком., 80 кв.м., 3/5 этаж	3	350000	80	https://www.list.am/ru/item/19953936
Арабкир, 1 ком., 33 кв.м., 4/5 этаж	1	200000	33	https://www.list.am/ru/item/19915376
Арабкир, 3 ком., 67 кв.м., 5/5 этаж	3	300000	67	https://www.list.am/ru/item/19468793
Арабкир, 3 ком., 80 кв.м., 4/5 этаж	3	280000	80	https://www.list.am/ru/item/19703278
Арабкир, 1 ком., 70 кв.м., 9/10 этаж	1	220000	70	https://www.list.am/ru/item/19933796
Арабкир, 3 ком., 72 кв.м., 5/5 этаж	3	280000	72	https://www.list.am/ru/item/19966096
Арабкир, 3 ком., 97 кв.м., 2/9 этаж	3	450000	97	https://www.list.am/ru/item/19799709
Арабкир, 4 ком., 78 кв.м., 7/10 этаж	4	350000	78	https://www.list.am/ru/item/19516913
Арабкир, 2 ком., 70 кв.м., 9/13 этаж	2	320000	70	https://www.list.am/ru/item/19967446
Арабкир, 3 ком., 101 кв.м., 7/18 этаж	3	620800	101	https://www.list.am/ru/item/19071878
Арабкир, 2 ком., 48 кв.м., 7/8 этаж	2	470000	48	https://www.list.am/ru/item/19538969
Арабкир, 2 ком., 50 кв.м., 2/5 этаж	2	300000	50	https://www.list.am/ru/item/19685154
Арабкир, 3 ком., 75 кв.м., 1/2 этаж	3	250000	75	https://www.list.am/ru/item/19870335
Арабкир, 1 ком., 38 кв.м., 1/5 этаж	1	245000	38	https://www.list.am/ru/item/19131078
Арабкир, 3 ком., 84 кв.м., 5/5 этаж	3	450000	84	https://www.list.am/ru/item/19854378
Арабкир, 2 ком., 66 кв.м., 6/8 этаж	2	370000	66	https://www.list.am/ru/item/19769590
Арабкир, 2 ком., 45 кв.м., 4/9 этаж	2	350000	45	https://www.list.am/ru/item/19297174
Арабкир, 2 ком., 62 кв.м., 3/17 этаж	2	300000	62	https://www.list.am/ru/item/19821011
Арабкир, 2 ком., 63 кв.м., 3/9 этаж	2	250000	63	https://www.list.am/ru/item/19115057
Арабкир, 3 ком., 75 кв.м., 2/5 этаж	3	290000	75	https://www.list.am/ru/item/19980325
Арабкир, 3 ком., 90 кв.м., 10/17 этаж	3	620800	90	https://www.list.am/ru/item/19980281
Арабкир, 3 ком., 90 кв.м., 2/4 этаж	3	420000	90	https://www.list.am/ru/item/19677233
Арабкир, 1 ком., 60 кв.м., 9/10 этаж	1	220000	60	https://www.list.am/ru/item/19544473
Арабкир, 2 ком., 67 кв.м., 1/5 этаж	2	310400	67	https://www.list.am/ru/item/19850956
Арабкир, 2 ком., 53 кв.м., 3/8 этаж	2	500000	53	https://www.list.am/ru/item/19631904
Арабкир, 2 ком., 45 кв.м., 10/17 этаж	2	388000	45	https://www.list.am/ru/item/19372960
Арабкир, 2 ком., 76 кв.м., 6/7 этаж	2	350000	76	https://www.list.am/ru/item/19805304
Арабкир, 3 ком., 98 кв.м., 4/8 этаж	3	580000	98	https://www.list.am/ru/item/19506589
Арабкир, 2 ком., 77 кв.м., 3/8 этаж	2	400000	77	https://www.list.am/ru/item/19507643
Арабкир, 3 ком., 61 кв.м., 2/3 этаж	3	368600	61	https://www.list.am/ru/item/19927491
Арабкир, 1 ком., 38 кв.м., 5/5 этаж	1	200000	38	https://www.list.am/ru/item/19481497
Арабкир, 3 ком., 56 кв.м., 1/5 этаж	3	465600	56	https://www.list.am/ru/item/19812074
Арабкир, 2 ком., 65 кв.м., 4/5 этаж	2	320000	65	https://www.list.am/ru/item/19359093
Арабкир, 4 ком., 100 кв.м., 5/12 этаж	4	350000	100	https://www.list.am/ru/item/19917818
Арабкир, 3 ком., 124 кв.м., 1/5 этаж	3	300000	124	https://www.list.am/ru/item/19869303
Арабкир, 2 ком., 45 кв.м., 2/5 этаж	2	330000	45	https://www.list.am/ru/item/19905892
Арабкир, 2 ком., 56 кв.м., 4/9 этаж	2	500000	56	https://www.list.am/ru/item/19959618
Арабкир, 3 ком., 85 кв.м., 2/5 этаж	3	750000	85	https://www.list.am/ru/item/19206591
Арабкир, 3 ком., 85 кв.м., 1/5 этаж	3	380000	85	https://www.list.am/ru/item/19200262
Арабкир, 2 ком., 55 кв.м., 1/5 этаж	2	270000	55	https://www.list.am/ru/item/19887072
Арабкир, 1 ком., 47 кв.м., 2/5 этаж	1	200000	47	https://www.list.am/ru/item/19818594
Арабкир, 2 ком., 68 кв.м., 10/17 этаж	2	465600	68	https://www.list.am/ru/item/19900327
Арабкир, 2 ком., 45 кв.м., 6/7 этаж	2	350000	45	https://www.list.am/ru/item/18816511
Арабкир, 2 ком., 69 кв.м., 4/16 этаж	2	350000	69	https://www.list.am/ru/item/19979303
Арабкир, 4 ком., 107 кв.м., 8/16 этаж	4	350000	107	https://www.list.am/ru/item/19836147
Арабкир, 2 ком., 60 кв.м., 9/11 этаж	2	504400	60	https://www.list.am/ru/item/19979205
Арабкир, 3 ком., 60 кв.м., 14/16 этаж	3	230000	60	https://www.list.am/ru/item/19979204
Арабкир, 1 ком., 16 кв.м., 4/4 этаж	1	60000	16	https://www.list.am/ru/item/19123908
Арабкир, 2 ком., 46 кв.м., 2/5 этаж	2	310000	46	https://www.list.am/ru/item/18946004
Арабкир, 3 ком., 78 кв.м., 2/5 этаж	3	380000	78	https://www.list.am/ru/item/19978974
Арабкир, 2 ком., 40 кв.м., 4/4 этаж	2	320000	40	https://www.list.am/ru/item/19828285
Арабкир, 1 ком., 35 кв.м., 5/5 этаж	1	300000	35	https://www.list.am/ru/item/19964364
Арабкир, 3 ком., 87 кв.м., 12/14 этаж	3	450000	87	https://www.list.am/ru/item/19942215
Арабкир, 2 ком., 64 кв.м., 2/5 этаж	2	300000	64	https://www.list.am/ru/item/19367231
Арабкир, 3 ком., 100 кв.м., 3/3 этаж	3	490000	100	https://www.list.am/ru/item/19958727
Арабкир, 2 ком., 33 кв.м., 2/4 этаж	2	300000	33	https://www.list.am/ru/item/19904311
Арабкир, 2 ком., 33 кв.м., 2/4 этаж	2	300000	33	https://www.list.am/ru/item/19903917
Арабкир, 1 ком., 45 кв.м., 4/5 этаж	1	200000	45	https://www.list.am/ru/item/19120654
Арабкир, 1 ком., 40 кв.м., 2/8 этаж	1	250000	40	https://www.list.am/ru/item/19053788
Арабкир, 2 ком., 54 кв.м., 3/4 этаж	2	426800	54	https://www.list.am/ru/item/19727783
Арабкир, 2 ком., 80 кв.м., 8/9 этаж	2	250000	80	https://www.list.am/ru/item/19423103
Арабкир, 2 ком., 48 кв.м., 4/5 этаж	2	200000	48	https://www.list.am/ru/item/19878361
Арабкир, 4 ком., 100 кв.м., 3/3 этаж	4	400000	100	https://www.list.am/ru/item/19315884
Арабкир, 5 ком., 118 кв.м., 4/4 этаж	5	580000	118	https://www.list.am/ru/item/19202703
Арабкир, 3 ком., 69 кв.м., 1/4 этаж	3	400000	69	https://www.list.am/ru/item/19978344
Арабкир, 2 ком., 65 кв.м., 9/9 этаж	2	400000	65	https://www.list.am/ru/item/19930903
Арабкир, 3 ком., 75 кв.м., 4/9 этаж	3	426800	75	https://www.list.am/ru/item/19500211
Арабкир, 3 ком., 125 кв.м., 6/13 этаж	3	620800	125	https://www.list.am/ru/item/19946434
Арабкир, 1 ком., 35 кв.м., 2/5 этаж	1	368600	35	https://www.list.am/ru/item/19177452
Арабкир, 1 ком., 30 кв.м., 1/5 этаж	1	220000	30	https://www.list.am/ru/item/19978137
Арабкир, 4 ком., 103 кв.м., 7/9 этаж	4	582000	103	https://www.list.am/ru/item/19978121
Арабкир, 3 ком., 65 кв.м., 5/5 этаж	3	400000	65	https://www.list.am/ru/item/19978095
Арабкир, 3 ком., 65 кв.м., 2/2 этаж	3	250000	65	https://www.list.am/ru/item/18881876
Арабкир, 4 ком., 90 кв.м., 2/8 этаж	4	530000	90	https://www.list.am/ru/item/19978029
Арабкир, 3 ком., 100 кв.м., 6/14 этаж	3	370000	100	https://www.list.am/ru/item/18458139
Арабкир, 3 ком., 59 кв.м., 14/14 этаж	3	350000	59	https://www.list.am/ru/item/18009895
Арабкир, 3 ком., 68 кв.м., 4/5 этаж	3	450000	68	https://www.list.am/ru/item/19955337
Арабкир, 1 ком., 38 кв.м., 4/4 этаж	1	200000	38	https://www.list.am/ru/item/19819131
Арабкир, 2 ком., 48 кв.м., 7/16 этаж	2	450000	48	https://www.list.am/ru/item/19988383
Арабкир, 3 ком., 80 кв.м., 1/5 этаж	3	350000	80	https://www.list.am/ru/item/19988367
Арабкир, 3 ком., 64 кв.м., 5/5 этаж	3	300000	64	https://www.list.am/ru/item/19829712
Арабкир, 3 ком., 78 кв.м., 14/14 этаж	3	300000	78	https://www.list.am/ru/item/19568147
Арабкир, 4 ком., 110 кв.м., 1/3 этаж	4	582000	110	https://www.list.am/ru/item/18609048
Арабкир, 2 ком., 48 кв.м., 5/8 этаж	2	300000	48	https://www.list.am/ru/item/19814641
Арабкир, 3 ком., 77 кв.м., 3/5 этаж	3	250000	77	https://www.list.am/ru/item/19988115
Арабкир, 3 ком., 80 кв.м., 4/18 этаж	3	504400	80	https://www.list.am/ru/item/19571495
Арабкир, 2 ком., 45 кв.м., 1/12 этаж	2	369000	45	https://www.list.am/ru/item/19268624
Арабкир, 4 ком., 97 кв.м., 5/9 этаж	4	350000	97	https://www.list.am/ru/item/19949599
Арабкир, 2 ком., 55 кв.м., 11/11 этаж	2	350000	55	https://www.list.am/ru/item/19124604
Арабкир, 3 ком., 68 кв.м., 3/11 этаж	3	270000	68	https://www.list.am/ru/item/19832803
Арабкир, 1 ком., 45 кв.м., 4/5 этаж	1	230000	45	https://www.list.am/ru/item/19498745
Арабкир, 4 ком., 160 кв.м., 1/5 этаж	4	550000	160	https://www.list.am/ru/item/19888567
Арабкир, 2 ком., 58 кв.м., 4/7 этаж	2	380000	58	https://www.list.am/ru/item/19987536
Арабкир, 3 ком., 76 кв.м., 6/7 этаж	3	349200	76	https://www.list.am/ru/item/19987520
Арабкир, 2 ком., 62 кв.м., 2/12 этаж	2	523800	62	https://www.list.am/ru/item/19987458
Арабкир, 2 ком., 54 кв.м., 5/8 этаж	2	320000	54	https://www.list.am/ru/item/19952031
Арабкир, 2 ком., 56 кв.м., 11/17 этаж	2	504400	56	https://www.list.am/ru/item/19679826
Арабкир, 2 ком., 48 кв.м., 1/1 этаж	2	220000	48	https://www.list.am/ru/item/19648143
Арабкир, 2 ком., 70 кв.м., 3/4 этаж	2	120000	70	https://www.list.am/ru/item/19803125
Арабкир, 2 ком., 55 кв.м., 4/5 этаж	2	450000	55	https://www.list.am/ru/item/19777638
Арабкир, 2 ком., 70 кв.м., 9/13 этаж	2	260000	70	https://www.list.am/ru/item/19987293
Арабкир, 4 ком., 98 кв.м., 3/8 этаж	4	776000	98	https://www.list.am/ru/item/19688308
Арабкир, 3 ком., 100 кв.м., 2/4 этаж	3	291000	100	https://www.list.am/ru/item/19852934
Арабкир, 2 ком., 45 кв.м., 2/5 этаж	2	390000	45	https://www.list.am/ru/item/19987189
Арабкир, 3 ком., 117 кв.м., 3/8 этаж	3	465600	117	https://www.list.am/ru/item/19735068
Арабкир, 2 ком., 47 кв.м., 2/5 этаж	2	250000	47	https://www.list.am/ru/item/19360522
Арабкир, 2 ком., 77 кв.м., 6/8 этаж	2	504400	77	https://www.list.am/ru/item/19062368
Арабкир, 3 ком., 115 кв.м., 9/16 этаж	3	310400	115	https://www.list.am/ru/item/19987004
Арабкир, 4 ком., 120 кв.м., 6/10 этаж	4	490000	120	https://www.list.am/ru/item/19481081
Арабкир, 3 ком., 80 кв.м., 9/16 этаж	3	320000	80	https://www.list.am/ru/item/19986943
Арабкир, 4 ком., 76 кв.м., 4/5 этаж	4	300000	76	https://www.list.am/ru/item/19986933
Арабкир, 3 ком., 97 кв.м., 4/5 этаж	3	776000	97	https://www.list.am/ru/item/17533672
Арабкир, 3 ком., 54 кв.м., 2/3 этаж	3	300000	54	https://www.list.am/ru/item/19974136
Арабкир, 3 ком., 80 кв.м., 10/12 этаж	3	540000	80	https://www.list.am/ru/item/19847888
Арабкир, 2 ком., 50 кв.м., 1/5 этаж	2	350000	50	https://www.list.am/ru/item/19890053
Арабкир, 2 ком., 40 кв.м., 2/5 этаж	2	300000	40	https://www.list.am/ru/item/19868708
Арабкир, 2 ком., 60 кв.м., 10/15 этаж	2	470000	60	https://www.list.am/ru/item/19946390
Арабкир, 3 ком., 65 кв.м., 3/9 этаж	3	465600	65	https://www.list.am/ru/item/19986752
Арабкир, 4 ком., 75 кв.м., 14/15 этаж	4	380000	75	https://www.list.am/ru/item/19868569
Арабкир, 2 ком., 50 кв.м., 4/7 этаж	2	300000	50	https://www.list.am/ru/item/19506616
Арабкир, 2 ком., 67 кв.м., 2/5 этаж	2	300000	67	https://www.list.am/ru/item/19584062
Арабкир, 3 ком., 72 кв.м., 5/5 этаж	3	300000	72	https://www.list.am/ru/item/19932053
Арабкир, 3 ком., 117 кв.м., 4/10 этаж	3	430000	117	https://www.list.am/ru/item/19670239
Арабкир, 4 ком., 120 кв.м., 7/8 этаж	4	450000	120	https://www.list.am/ru/item/19873057
Арабкир, 2 ком., 70 кв.м., 8/9 этаж	2	330000	70	https://www.list.am/ru/item/19098294
Арабкир, 3 ком., 70 кв.м., 1/4 этаж	3	329800	70	https://www.list.am/ru/item/19948108
Арабкир, 3 ком., 75 кв.м., 1/6 этаж	3	350000	75	https://www.list.am/ru/item/19902720
Арабкир, 3 ком., 78 кв.м., 2/5 этаж	3	280000	78	https://www.list.am/ru/item/19475562
Арабкир, 3 ком., 91 кв.м., 2/5 этаж	3	320000	91	https://www.list.am/ru/item/19544615
Арабкир, 3 ком., 98 кв.м., 3/5 этаж	3	500000	98	https://www.list.am/ru/item/18374407
Арабкир, 3 ком., 78 кв.м., 2/10 этаж	3	320000	78	https://www.list.am/ru/item/19915486
Арабкир, 2 ком., 54 кв.м., 3/5 этаж	2	230000	54	https://www.list.am/ru/item/19893030
Арабкир, 1 ком., 40 кв.м., 3/5 этаж	1	356960	40	https://www.list.am/ru/item/19920800
Арабкир, 2 ком., 65 кв.м., 4/18 этаж	2	465600	65	https://www.list.am/ru/item/19066093
Арабкир, 3 ком., 75 кв.м., 1/5 этаж	3	350000	75	https://www.list.am/ru/item/19986188
Арабкир, 3 ком., 105 кв.м., 4/5 этаж	3	270000	105	https://www.list.am/ru/item/19903554
Арабкир, 5 ком., 135 кв.м., 3/12 этаж	5	750000	135	https://www.list.am/ru/item/19253831
Арабкир, 3 ком., 70 кв.м., 3/16 этаж	3	582000	70	https://www.list.am/ru/item/19064597
Арабкир, 2 ком., 32 кв.м., 3/4 этаж	2	350000	32	https://www.list.am/ru/item/19863715
Арабкир, 2 ком., 70 кв.м., 9/14 этаж	2	300000	70	https://www.list.am/ru/item/19826241
Арабкир, 2 ком., 70 кв.м., 2/5 этаж	2	330000	70	https://www.list.am/ru/item/19957966
Арабкир, 3 ком., 73 кв.м., 4/4 этаж	3	300000	73	https://www.list.am/ru/item/19922757
Арабкир, 2 ком., 68 кв.м., 4/4 этаж	2	350000	68	https://www.list.am/ru/item/19973462
Арабкир, 3 ком., 60 кв.м., 1/4 этаж	3	260000	60	https://www.list.am/ru/item/19801259
Арабкир, 4 ком., 110 кв.м., 7/14 этаж	4	800000	110	https://www.list.am/ru/item/19783071
Арабкир, 3 ком., 55 кв.м., 11/16 этаж	3	290000	55	https://www.list.am/ru/item/19985875
Арабкир, 3 ком., 54 кв.м., 3/5 этаж	3	350000	54	https://www.list.am/ru/item/19900091
Арабкир, 2 ком., 50 кв.м., 6/10 этаж	2	283240	50	https://www.list.am/ru/item/19929171
Арабкир, 2 ком., 45 кв.м., 6/9 этаж	2	250000	45	https://www.list.am/ru/item/19888367
Арабкир, 8 ком., 307 кв.м., 3/3 этаж	8	700000	307	https://www.list.am/ru/item/19898949
Арабкир, 2 ком., 46 кв.м., 3/8 этаж	2	450000	46	https://www.list.am/ru/item/19985785
Арабкир, 2 ком., 63 кв.м., 2/5 этаж	2	320000	63	https://www.list.am/ru/item/19896865
Арабкир, 3 ком., 70 кв.м., 1/8 этаж	3	582000	70	https://www.list.am/ru/item/18586843
Арабкир, 4 ком., 80 кв.м., 3/5 этаж	4	420000	80	https://www.list.am/ru/item/19985746
Арабкир, 3 ком., 75 кв.м., 5/5 этаж	3	375000	75	https://www.list.am/ru/item/19965457
Арабкир, 4 ком., 125 кв.м., 8/8 этаж	4	550000	125	https://www.list.am/ru/item/18717104
Арабкир, 3 ком., 60 кв.м., 5/5 этаж	3	388000	60	https://www.list.am/ru/item/19088203
Арабкир, 3 ком., 95 кв.м., 4/10 этаж	3	420000	95	https://www.list.am/ru/item/19629649
Арабкир, 3 ком., 73 кв.м., 1/9 этаж	3	240000	73	https://www.list.am/ru/item/19612224
Арабкир, 2 ком., 75 кв.м., 7/8 этаж	2	550000	75	https://www.list.am/ru/item/19785631
Арабкир, 2 ком., 50 кв.м., 5/5 этаж	2	350000	50	https://www.list.am/ru/item/19870516
Арабкир, 3 ком., 68 кв.м., 2/5 этаж	3	388000	68	https://www.list.am/ru/item/19894477
Арабкир, 2 ком., 65 кв.м., 3/9 этаж	2	430000	65	https://www.list.am/ru/item/19871845
Арабкир, 2 ком., 72 кв.м., 8/9 этаж	2	300000	72	https://www.list.am/ru/item/19232801
Арабкир, 3 ком., 54 кв.м., 12/16 этаж	3	300000	54	https://www.list.am/ru/item/19985362
Арабкир, 2 ком., 47 кв.м., 3/8 этаж	2	370000	47	https://www.list.am/ru/item/19969388
Арабкир, 2 ком., 55 кв.м., 3/8 этаж	2	360000	55	https://www.list.am/ru/item/18612721
Арабкир, 2 ком., 50 кв.м., 9/10 этаж	2	270000	50	https://www.list.am/ru/item/19096588
Арабкир, 3 ком., 63 кв.м., 3/5 этаж	3	420000	63	https://www.list.am/ru/item/19821872
Арабкир, 1 ком., 40 кв.м., 3/5 этаж	1	230000	40	https://www.list.am/ru/item/19886295
Арабкир, 4 ком., 97 кв.м., 9/10 этаж	4	450000	97	https://www.list.am/ru/item/18591152
Арабкир, 3 ком., 80 кв.м., 1/5 этаж	3	271600	80	https://www.list.am/ru/item/19886064
Арабкир, 2 ком., 42 кв.м., 3/5 этаж	2	300000	42	https://www.list.am/ru/item/19398165
Арабкир, 2 ком., 68 кв.м., 7/16 этаж	2	350000	68	https://www.list.am/ru/item/19200266
Арабкир, 3 ком., 60 кв.м., 4/4 этаж	3	291000	60	https://www.list.am/ru/item/19837243
Арабкир, 3 ком., 80 кв.м., 9/9 этаж	3	310400	80	https://www.list.am/ru/item/19880081
Арабкир, 1 ком., 45 кв.м., 3/5 этаж	1	220000	45	https://www.list.am/ru/item/19879842
Арабкир, 2 ком., 45 кв.м., 3/3 этаж	2	426800	45	https://www.list.am/ru/item/19761403
Арабкир, 3 ком., 80 кв.м., 1/5 этаж	3	388000	80	https://www.list.am/ru/item/19444743
Арабкир, 3 ком., 82 кв.м., 9/9 этаж	3	400000	82	https://www.list.am/ru/item/19263833
Арабкир, 2 ком., 78 кв.м., 3/5 этаж	2	350000	78	https://www.list.am/ru/item/19584662
Арабкир, 3 ком., 83 кв.м., 3/5 этаж	3	380000	83	https://www.list.am/ru/item/19860159
Арабкир, 2 ком., 70 кв.м., 5/9 этаж	2	350000	70	https://www.list.am/ru/item/18806767
Арабкир, 3 ком., 110 кв.м., 3/16 этаж	3	620800	110	https://www.list.am/ru/item/19129372
Арабкир, 3 ком., 73 кв.м., 3/5 этаж	3	350000	73	https://www.list.am/ru/item/19839583
Арабкир, 2 ком., 68 кв.м., 7/10 этаж	2	500000	68	https://www.list.am/ru/item/19872255
Арабкир, 2 ком., 49 кв.м., 5/6 этаж	2	250000	49	https://www.list.am/ru/item/19549457
Арабкир, 4 ком., 110 кв.м., 1/5 этаж	4	504400	110	https://www.list.am/ru/item/18671158
Арабкир, 3 ком., 76 кв.м., 3/15 этаж	3	465600	76	https://www.list.am/ru/item/19495110
Арабкир, 3 ком., 108 кв.м., 13/18 этаж	3	600000	108	https://www.list.am/ru/item/19821486
Арабкир, 3 ком., 83 кв.м., 2/14 этаж	3	450000	83	https://www.list.am/ru/item/19148381
Арабкир, 2 ком., 50 кв.м., 2/8 этаж	2	440000	50	https://www.list.am/ru/item/19325186
Арабкир, 2 ком., 67 кв.м., 2/9 этаж	2	250000	67	https://www.list.am/ru/item/18790490
Арабкир, 3 ком., 70 кв.м., 1/5 этаж	3	388000	70	https://www.list.am/ru/item/19776289
Арабкир, 2 ком., 42 кв.м., 3/5 этаж	2	270000	42	https://www.list.am/ru/item/19847830
Арабкир, 3 ком., 100 кв.м., 4/10 этаж	3	320000	100	https://www.list.am/ru/item/17837655
Арабкир, 2 ком., 60 кв.м., 3/14 этаж	2	430000	60	https://www.list.am/ru/item/19642296
Арабкир, 2 ком., 30 кв.м., 2/3 этаж	2	310000	30	https://www.list.am/ru/item/19568639
Арабкир, 3 ком., 85 кв.м., 5/5 этаж	3	300000	85	https://www.list.am/ru/item/19820018
Арабкир, 3 ком., 93 кв.м., 4/5 этаж	3	310400	93	https://www.list.am/ru/item/19847903
Арабкир, 2 ком., 48 кв.м., 7/8 этаж	2	400000	48	https://www.list.am/ru/item/19471412
Арабкир, 1 ком., 32 кв.м., 2/5 этаж	1	200000	32	https://www.list.am/ru/item/19085906
Арабкир, 2 ком., 55 кв.м., 3/5 этаж	2	320000	55	https://www.list.am/ru/item/19690383
Арабкир, 2 ком., 45 кв.м., 4/4 этаж	2	465600	45	https://www.list.am/ru/item/19856266
Арабкир, 4 ком., 95 кв.м., 4/14 этаж	4	800000	95	https://www.list.am/ru/item/19556947
Арабкир, 2 ком., 48 кв.м., 2/5 этаж	2	250000	48	https://www.list.am/ru/item/19558708
Арабкир, 2 ком., 68 кв.м., 13/14 этаж	2	500000	68	https://www.list.am/ru/item/19811889
Арабкир, 4 ком., 80 кв.м., 9/9 этаж	4	1164000	80	https://www.list.am/ru/item/17479814
Арабкир, 1 ком., 33 кв.м., 2/5 этаж	1	230000	33	https://www.list.am/ru/item/19506446
Арабкир, 2 ком., 40 кв.м., 2/2 этаж	2	250000	40	https://www.list.am/ru/item/19836507
Арабкир, 2 ком., 43 кв.м., 5/9 этаж	2	750000	43	https://www.list.am/ru/item/19066005
Арабкир, 2 ком., 60 кв.м., 5/7 этаж	2	400000	60	https://www.list.am/ru/item/19818534
Арабкир, 3 ком., 110 кв.м., 11/15 этаж	3	582000	110	https://www.list.am/ru/item/19790894
Арабкир, 2 ком., 77 кв.м., 8/15 этаж	2	350000	77	https://www.list.am/ru/item/19527690
Арабкир, 2 ком., 60 кв.м., 4/8 этаж	2	550000	60	https://www.list.am/ru/item/19688336
Арабкир, 2 ком., 70 кв.м., 3/3 этаж	2	350000	70	https://www.list.am/ru/item/19631143
Арабкир, 1 ком., 46 кв.м., 4/5 этаж	1	350000	46	https://www.list.am/ru/item/19816091
Арабкир, 2 ком., 45 кв.м., 2/5 этаж	2	250000	45	https://www.list.am/ru/item/18921774
Арабкир, 2 ком., 50 кв.м., 11/14 этаж	2	320000	50	https://www.list.am/ru/item/19806773
Арабкир, 4 ком., 108 кв.м., 1/3 этаж	4	450000	108	https://www.list.am/ru/item/18771310
Арабкир, 3 ком., 72 кв.м., 2/5 этаж	3	400000	72	https://www.list.am/ru/item/19425873
Арабкир, 3 ком., 85 кв.м., 3/4 этаж	3	385000	85	https://www.list.am/ru/item/19833647
Арабкир, 1 ком., 60 кв.м., 5/7 этаж	1	270000	60	https://www.list.am/ru/item/19554361
Арабкир, 2 ком., 65 кв.м., 3/9 этаж	2	300000	65	https://www.list.am/ru/item/19832394
Арабкир, 2 ком., 65 кв.м., 3/5 этаж	2	370000	65	https://www.list.am/ru/item/19634434
Арабкир, 4 ком., 85 кв.м., 3/16 этаж	4	370000	85	https://www.list.am/ru/item/19831080
Арабкир, 2 ком., 50 кв.м., 2/5 этаж	2	180000	50	https://www.list.am/ru/item/19829576
Арабкир, 3 ком., 100 кв.м., 9/10 этаж	3	582000	100	https://www.list.am/ru/item/19315869
Арабкир, 3 ком., 74 кв.м., 8/9 этаж	3	220000	74	https://www.list.am/ru/item/19771738
Арабкир, 2 ком., 55 кв.м., 8/17 этаж	2	425000	55	https://www.list.am/ru/item/19616098
Арабкир, 3 ком., 100 кв.м., 2/5 этаж	3	300000	100	https://www.list.am/ru/item/19813033
Арабкир, 2 ком., 57 кв.м., 4/5 этаж	2	420000	57	https://www.list.am/ru/item/18693253
Арабкир, 2 ком., 40 кв.м., 2/5 этаж	2	250000	40	https://www.list.am/ru/item/19766570
Арабкир, 4 ком., 78 кв.м., 3/5 этаж	4	400000	78	https://www.list.am/ru/item/19637921
Арабкир, 3 ком., 70 кв.м., 2/2 этаж	3	426800	70	https://www.list.am/ru/item/19554253
Арабкир, 2 ком., 60 кв.м., 4/5 этаж	2	270000	60	https://www.list.am/ru/item/19819285
Арабкир, 2 ком., 70 кв.м., 9/9 этаж	2	500000	70	https://www.list.am/ru/item/19671404
Арабкир, 2 ком., 58 кв.м., 4/5 этаж	2	250000	58	https://www.list.am/ru/item/18970651
Арабкир, 1 ком., 45 кв.м., 9/9 этаж	1	200000	45	https://www.list.am/ru/item/18482062
Арабкир, 2 ком., 65 кв.м., 14/14 этаж	2	400000	65	https://www.list.am/ru/item/19106955
Арабкир, 3 ком., 71 кв.м., 1/5 этаж	3	270000	71	https://www.list.am/ru/item/18766584
Арабкир, 1 ком., 55 кв.м., 10/20 этаж	1	523800	55	https://www.list.am/ru/item/19810859
Арабкир, 3 ком., 90 кв.м., 9/14 этаж	3	350000	90	https://www.list.am/ru/item/19733782
Арабкир, 3 ком., 78 кв.м., 1/5 этаж	3	350000	78	https://www.list.am/ru/item/19787758
Арабкир, 3 ком., 82 кв.м., 2/5 этаж	3	400000	82	https://www.list.am/ru/item/19776385
Арабкир, 4 ком., 74 кв.м., 5/5 этаж	4	350000	74	https://www.list.am/ru/item/19725732
Арабкир, 2 ком., 46 кв.м., 1/5 этаж	2	350000	46	https://www.list.am/ru/item/19729934
Арабкир, 2 ком., 52 кв.м., 3/14 этаж	2	32000	52	https://www.list.am/ru/item/19804865
Арабкир, 2 ком., 42 кв.м., 3/4 этаж	2	350000	42	https://www.list.am/ru/item/19578817
Арабкир, 3 ком., 65 кв.м., 3/5 этаж	3	500000	65	https://www.list.am/ru/item/19570799
Арабкир, 3 ком., 74 кв.м., 5/5 этаж	3	350000	74	https://www.list.am/ru/item/19725652
Арабкир, 3 ком., 62 кв.м., 6/13 этаж	3	388000	62	https://www.list.am/ru/item/19663582
Арабкир, 2 ком., 60 кв.м., 5/5 этаж	2	400000	60	https://www.list.am/ru/item/19796365
Арабкир, 3 ком., 73 кв.м., 3/5 этаж	3	330000	73	https://www.list.am/ru/item/19796233
Арабкир, 3 ком., 101 кв.м., 6/14 этаж	3	578000	101	https://www.list.am/ru/item/19792953
Арабкир, 3 ком., 102 кв.м., 6/15 этаж	3	585000	102	https://www.list.am/ru/item/19774711
Арабкир, 2 ком., 45 кв.м., 8/8 этаж	2	300000	45	https://www.list.am/ru/item/19416017
Арабкир, 5 ком., 150 кв.м., 5/9 этаж	5	620800	150	https://www.list.am/ru/item/19512842
Арабкир, 2 ком., 70 кв.м., 1/9 этаж	2	400000	70	https://www.list.am/ru/item/19619295
Арабкир, 3 ком., 84 кв.м., 2/5 этаж	3	270000	84	https://www.list.am/ru/item/19964518
Арабкир, 2 ком., 75 кв.м., 5/12 этаж	2	350000	75	https://www.list.am/ru/item/19951465
Арабкир, 3 ком., 120 кв.м., 3/12 этаж	3	426800	120	https://www.list.am/ru/item/19781704
Арабкир, 2 ком., 40 кв.м., 2/5 этаж	2	291000	40	https://www.list.am/ru/item/19974205
Арабкир, 4 ком., 120 кв.м., 2/5 этаж	4	426800	120	https://www.list.am/ru/item/17602689
Арабкир, 1 ком., 39 кв.м., 4/5 этаж	1	180000	39	https://www.list.am/ru/item/19756019
Арабкир, 3 ком., 110 кв.м., 2/5 этаж	3	420000	110	https://www.list.am/ru/item/19404270
Арабкир, 2 ком., 35 кв.м., 4/5 этаж	2	400000	35	https://www.list.am/ru/item/17060529
Арабкир, 2 ком., 54 кв.м., 1/5 этаж	2	330000	54	https://www.list.am/ru/item/19964704
Арабкир, 3 ком., 60 кв.м., 1/5 этаж	3	400000	60	https://www.list.am/ru/item/19464387
Арабкир, 1 ком., 46 кв.м., 2/4 этаж	1	250000	46	https://www.list.am/ru/item/19293047
Арабкир, 2 ком., 48 кв.м., 4/4 этаж	2	350000	48	https://www.list.am/ru/item/19941348
Арабкир, 4 ком., 110 кв.м., 2/5 этаж	4	582000	110	https://www.list.am/ru/item/19867144
Арабкир, 3 ком., 63 кв.м., 3/16 этаж	3	200000	63	https://www.list.am/ru/item/19990875
Арабкир, 2 ком., 70 кв.м., 1/5 этаж	2	220000	70	https://www.list.am/ru/item/19755224
Арабкир, 3 ком., 100 кв.м., 1/5 этаж	3	370000	100	https://www.list.am/ru/item/19990710
Арабкир, 2 ком., 38 кв.м., 3/4 этаж	2	260000	38	https://www.list.am/ru/item/19715662
Арабкир, 2 ком., 60 кв.м., 1/5 этаж	2	250000	60	https://www.list.am/ru/item/19694663
Арабкир, 5 ком., 127 кв.м., 2/5 этаж	5	460000	127	https://www.list.am/ru/item/19977231
Арабкир, 4 ком., 90 кв.м., 2/9 этаж	4	500000	90	https://www.list.am/ru/item/19836312
Арабкир, 2 ком., 77 кв.м., 5/6 этаж	2	500000	77	https://www.list.am/ru/item/19976277
Арабкир, 2 ком., 55 кв.м., 2/5 этаж	2	300000	55	https://www.list.am/ru/item/19990577
Арабкир, 3 ком., 80 кв.м., 1/5 этаж	3	380000	80	https://www.list.am/ru/item/19173608
Арабкир, 2 ком., 40 кв.м., 2/4 этаж	2	220000	40	https://www.list.am/ru/item/19949512
Арабкир, 3 ком., 82 кв.м., 17/17 этаж	3	550000	82	https://www.list.am/ru/item/19968786
Арабкир, 3 ком., 70 кв.м., 6/18 этаж	3	426800	70	https://www.list.am/ru/item/19990545
Арабкир, 3 ком., 70 кв.м., 3/14 этаж	3	582000	70	https://www.list.am/ru/item/19066184
Арабкир, 2 ком., 50 кв.м., 7/10 этаж	2	280000	50	https://www.list.am/ru/item/18419727
Арабкир, 2 ком., 38 кв.м., 7/10 этаж	2	250000	38	https://www.list.am/ru/item/19990528
Арабкир, 2 ком., 58 кв.м., 5/5 этаж	2	350000	58	https://www.list.am/ru/item/19283079
Арабкир, 1 ком., 43 кв.м., 5/5 этаж	1	230000	43	https://www.list.am/ru/item/19977428
Арабкир, 2 ком., 40 кв.м., 2/5 этаж	2	260000	40	https://www.list.am/ru/item/19170171
Арабкир, 2 ком., 45 кв.м., 4/5 этаж	2	170000	45	https://www.list.am/ru/item/19779977
Арабкир, 1 ком., 50 кв.м., 4/5 этаж	1	180000	50	https://www.list.am/ru/item/19867356
Арабкир, 2 ком., 70 кв.м., 14/17 этаж	2	465600	70	https://www.list.am/ru/item/19327301
Арабкир, 3 ком., 75 кв.м., 6/18 этаж	3	465600	75	https://www.list.am/ru/item/19837182
Арабкир, 3 ком., 90 кв.м., 2/5 этаж	3	300000	90	https://www.list.am/ru/item/19990278
Арабкир, 3 ком., 84 кв.м., 5/18 этаж	3	450000	84	https://www.list.am/ru/item/19943575
Арабкир, 3 ком., 85 кв.м., 7/12 этаж	3	300000	85	https://www.list.am/ru/item/19352402
Арабкир, 3 ком., 78 кв.м., 4/9 этаж	3	370000	78	https://www.list.am/ru/item/19774712
Арабкир, 3 ком., 100 кв.м., 3/15 этаж	3	450000	100	https://www.list.am/ru/item/19990163
Арабкир, 2 ком., 66 кв.м., 1/9 этаж	2	300000	66	https://www.list.am/ru/item/19719461
Арабкир, 3 ком., 78 кв.м., 4/4 этаж	3	280000	78	https://www.list.am/ru/item/19130858
Арабкир, 1 ком., 54 кв.м., 2/5 этаж	1	250000	54	https://www.list.am/ru/item/19924687
Арабкир, 4 ком., 106 кв.м., 7/10 этаж	4	450000	106	https://www.list.am/ru/item/19990047
Арабкир, 3 ком., 60 кв.м., 5/5 этаж	3	450000	60	https://www.list.am/ru/item/19990019
Арабкир, 4 ком., 92 кв.м., 1/5 этаж	4	350000	92	https://www.list.am/ru/item/19635676
Арабкир, 2 ком., 60 кв.м., 4/5 этаж	2	310000	60	https://www.list.am/ru/item/19938252
Арабкир, 3 ком., 76 кв.м., 5/5 этаж	3	388000	76	https://www.list.am/ru/item/19976294
Арабкир, 3 ком., 77 кв.м., 7/14 этаж	3	490000	77	https://www.list.am/ru/item/19936368
Арабкир, 2 ком., 54 кв.м., 2/6 этаж	2	300000	54	https://www.list.am/ru/item/19943206
Арабкир, 3 ком., 76 кв.м., 3/5 этаж	3	450000	76	https://www.list.am/ru/item/19619195
Арабкир, 2 ком., 48 кв.м., 1/5 этаж	2	260000	48	https://www.list.am/ru/item/18863670
Арабкир, 3 ком., 75 кв.м., 4/4 этаж	3	500000	75	https://www.list.am/ru/item/19091694
Арабкир, 2 ком., 68 кв.м., 1/9 этаж	2	300000	68	https://www.list.am/ru/item/19989443
Арабкир, 3 ком., 78 кв.м., 2/14 этаж	3	350000	78	https://www.list.am/ru/item/19832359
Арабкир, 4 ком., 90 кв.м., 1/5 этаж	4	400000	90	https://www.list.am/ru/item/19492013
Арабкир, 3 ком., 74 кв.м., 6/7 этаж	3	510000	74	https://www.list.am/ru/item/19783831
Арабкир, 3 ком., 72 кв.м., 5/5 этаж	3	300000	72	https://www.list.am/ru/item/19989356
Арабкир, 4 ком., 80 кв.м., 3/5 этаж	4	350000	80	https://www.list.am/ru/item/19942065
Арабкир, 2 ком., 55 кв.м., 3/5 этаж	2	280000	55	https://www.list.am/ru/item/19783199
Арабкир, 2 ком., 55 кв.м., 5/5 этаж	2	400000	55	https://www.list.am/ru/item/19850192
Арабкир, 3 ком., 65 кв.м., 1/5 этаж	3	340000	65	https://www.list.am/ru/item/19989268
Арабкир, 3 ком., 70 кв.м., 4/5 этаж	3	400000	70	https://www.list.am/ru/item/19862830
Арабкир, 3 ком., 79 кв.м., 2/14 этаж	3	380000	79	https://www.list.am/ru/item/19940733
Арабкир, 2 ком., 74 кв.м., 1/9 этаж	2	255000	74	https://www.list.am/ru/item/19989178
Арабкир, 3 ком., 100 кв.м., 5/8 этаж	3	892400	100	https://www.list.am/ru/item/19549959
Арабкир, 1 ком., 55 кв.м., 4/5 этаж	1	250000	55	https://www.list.am/ru/item/19823196
Арабкир, 4 ком., 110 кв.м., 1/3 этаж	4	601400	110	https://www.list.am/ru/item/19766122
Арабкир, 3 ком., 95 кв.м., 2/5 этаж	3	400000	95	https://www.list.am/ru/item/19715681
Арабкир, 3 ком., 83 кв.м., 9/14 этаж	3	450000	83	https://www.list.am/ru/item/19799614
Арабкир, 1 ком., 40 кв.м., 5/5 этаж	1	350000	40	https://www.list.am/ru/item/19596900
Арабкир, 3 ком., 110 кв.м., 3/12 этаж	3	349200	110	https://www.list.am/ru/item/19679280
Арабкир, 3 ком., 101 кв.м., 7/16 этаж	3	931200	101	https://www.list.am/ru/item/18463569
Арабкир, 2 ком., 35 кв.м., 1/1 этаж	2	220000	35	https://www.list.am/ru/item/19904024
Арабкир, 3 ком., 80 кв.м., 4/5 этаж	3	400000	80	https://www.list.am/ru/item/19961401
Арабкир, 3 ком., 80 кв.м., 4/9 этаж	3	300000	80	https://www.list.am/ru/item/19711696
Арабкир, 3 ком., 100 кв.м., 2/5 этаж	3	450000	100	https://www.list.am/ru/item/19644832
Арабкир, 2 ком., 75 кв.м., 13/13 этаж	2	480000	75	https://www.list.am/ru/item/19596668
Арабкир, 2 ком., 107 кв.м., 5/5 этаж	2	350000	107	https://www.list.am/ru/item/19718921
Арабкир, 2 ком., 60 кв.м., 5/5 этаж	2	300000	60	https://www.list.am/ru/item/19845178
Арабкир, 3 ком., 89 кв.м., 3/5 этаж	3	300000	89	https://www.list.am/ru/item/19534725
Арабкир, 2 ком., 47 кв.м., 6/7 этаж	2	300000	47	https://www.list.am/ru/item/19973393
Арабкир, 3 ком., 90 кв.м., 6/6 этаж	3	450000	90	https://www.list.am/ru/item/19919425
Арабкир, 3 ком., 98 кв.м., 4/8 этаж	3	650000	98	https://www.list.am/ru/item/18732387
Арабкир, 2 ком., 77 кв.м., 3/8 этаж	2	400000	77	https://www.list.am/ru/item/18769324
Арабкир, 3 ком., 80 кв.м., 2/5 этаж	3	388000	80	https://www.list.am/ru/item/19314651
Арабкир, 2 ком., 40 кв.м., 4/9 этаж	2	270000	40	https://www.list.am/ru/item/19950143
Арабкир, 4 ком., 80 кв.м., 3/5 этаж	4	550000	80	https://www.list.am/ru/item/17504961
Арабкир, 1 ком., 70 кв.м., 9/10 этаж	1	220000	70	https://www.list.am/ru/item/19933661
Арабкир, 4 ком., 82 кв.м., 3/9 этаж	4	400000	82	https://www.list.am/ru/item/17914535
Арабкир, 2 ком., 57 кв.м., 4/5 этаж	2	220000	57	https://www.list.am/ru/item/19886883
Арабкир, 3 ком., 77 кв.м., 5/5 этаж	3	350000	77	https://www.list.am/ru/item/19971196
Арабкир, 4 ком., 98 кв.м., 12/16 этаж	4	430000	98	https://www.list.am/ru/item/19672407
Арабкир, 2 ком., 74 кв.м., 13/19 этаж	2	450000	74	https://www.list.am/ru/item/19559253
Арабкир, 3 ком., 63 кв.м., 4/5 этаж	3	300000	63	https://www.list.am/ru/item/19939497
Арабкир, 2 ком., 70 кв.м., 9/12 этаж	2	290000	70	https://www.list.am/ru/item/19324681
Арабкир, 3 ком., 80 кв.м., 2/5 этаж	3	360000	80	https://www.list.am/ru/item/19565402
Арабкир, 2 ком., 46 кв.м., 2/5 этаж	2	300000	46	https://www.list.am/ru/item/19884970
Арабкир, 3 ком., 80 кв.м., 3/9 этаж	3	370000	80	https://www.list.am/ru/item/19970501
Арабкир, 3 ком., 75 кв.м., 5/5 этаж	3	350000	75	https://www.list.am/ru/item/19448862
Арабкир, 2 ком., 70 кв.м., 4/6 этаж	2	370000	70	https://www.list.am/ru/item/19894851
Арабкир, 2 ком., 45 кв.м., 1/5 этаж	2	400000	45	https://www.list.am/ru/item/19869428
Арабкир, 3 ком., 78 кв.м., 4/9 этаж	3	370000	78	https://www.list.am/ru/item/19804084
Арабкир, 3 ком., 82 кв.м., 4/4 этаж	3	400000	82	https://www.list.am/ru/item/19153253
Арабкир, 3 ком., 78 кв.м., 1/5 этаж	3	310000	78	https://www.list.am/ru/item/19386086
Арабкир, 2 ком., 38 кв.м., 1/4 этаж	2	200000	38	https://www.list.am/ru/item/19913523
Арабкир, 5 ком., 143 кв.м., 5/5 этаж	5	500000	143	https://www.list.am/ru/item/19814042
Арабкир, 2 ком., 72 кв.м., 7/9 этаж	2	350000	72	https://www.list.am/ru/item/19340213
Арабкир, 5 ком., 122 кв.м., 1/3 этаж	5	650000	122	https://www.list.am/ru/item/18278782
Арабкир, 3 ком., 80 кв.м., 14/16 этаж	3	450000	80	https://www.list.am/ru/item/19969194
Арабкир, 3 ком., 80 кв.м., 1/5 этаж	3	513600	80	https://www.list.am/ru/item/19832112
Арабкир, 1 ком., 36 кв.м., 3/5 этаж	1	271600	36	https://www.list.am/ru/item/19933994
Арабкир, 3 ком., 100 кв.м., 4/5 этаж	3	350000	100	https://www.list.am/ru/item/19782577
Арабкир, 3 ком., 67 кв.м., 2/9 этаж	3	465600	67	https://www.list.am/ru/item/19601546
Арабкир, 3 ком., 68 кв.м., 2/5 этаж	3	280000	68	https://www.list.am/ru/item/19607683
Арабкир, 1 ком., 25 кв.м., 1/1 этаж	1	200000	25	https://www.list.am/ru/item/19698797
Арабкир, 2 ком., 54 кв.м., 3/5 этаж	2	280000	54	https://www.list.am/ru/item/19836168
Арабкир, 3 ком., 70 кв.м., 1/4 этаж	3	500000	70	https://www.list.am/ru/item/19520105
Арабкир, 3 ком., 75 кв.м., 3/8 этаж	3	446200	75	https://www.list.am/ru/item/19913299
Арабкир, 3 ком., 115 кв.м., 3/18 этаж	3	426800	115	https://www.list.am/ru/item/19720648
Арабкир, 2 ком., 38 кв.м., 1/5 этаж	2	360000	38	https://www.list.am/ru/item/19723368
Арабкир, 3 ком., 72 кв.м., 3/5 этаж	3	350000	72	https://www.list.am/ru/item/19791174
Арабкир, 2 ком., 75 кв.м., 9/14 этаж	2	300000	75	https://www.list.am/ru/item/19915398
Арабкир, 3 ком., 48 кв.м., 1/5 этаж	3	240000	48	https://www.list.am/ru/item/19946840
Арабкир, 2 ком., 47 кв.м., 2/5 этаж	2	250000	47	https://www.list.am/ru/item/18760025
Арабкир, 3 ком., 80 кв.м., 16/18 этаж	3	543200	80	https://www.list.am/ru/item/19694505
Арабкир, 3 ком., 87 кв.м., 2/5 этаж	3	280000	87	https://www.list.am/ru/item/19890809
Арабкир, 4 ком., 115 кв.м., 1/10 этаж	4	850000	115	https://www.list.am/ru/item/19826974
Арабкир, 2 ком., 63 кв.м., 9/9 этаж	2	300000	63	https://www.list.am/ru/item/19965693
Арабкир, 3 ком., 95 кв.м., 7/10 этаж	3	430000	95	https://www.list.am/ru/item/19965657
Арабкир, 3 ком., 87 кв.м., 3/4 этаж	3	450000	87	https://www.list.am/ru/item/19255906
Арабкир, 3 ком., 68 кв.м., 2/9 этаж	3	280000	68	https://www.list.am/ru/item/19875976
Арабкир, 3 ком., 73 кв.м., 5/6 этаж	3	500000	73	https://www.list.am/ru/item/19759914
Арабкир, 1 ком., 50 кв.м., 2/5 этаж	1	410000	50	https://www.list.am/ru/item/19042446
Арабкир, 3 ком., 70 кв.м., 11/18 этаж	3	582000	70	https://www.list.am/ru/item/19047589
Арабкир, 2 ком., 62 кв.м., 2/5 этаж	2	290000	62	https://www.list.am/ru/item/17989780
Арабкир, 2 ком., 48 кв.м., 1/3 этаж	2	310000	48	https://www.list.am/ru/item/17563731
Арабкир, 3 ком., 55 кв.м., 4/12 этаж	3	400000	55	https://www.list.am/ru/item/19871037
Арабкир, 2 ком., 40 кв.м., 4/4 этаж	2	349200	40	https://www.list.am/ru/item/18686860
Арабкир, 2 ком., 110 кв.м., 2/4 этаж	2	388000	110	https://www.list.am/ru/item/19842437
Арабкир, 3 ком., 76 кв.м., 2/4 этаж	3	582000	76	https://www.list.am/ru/item/19557919
Арабкир, 2 ком., 67 кв.м., 9/14 этаж	2	300000	67	https://www.list.am/ru/item/19964101
Арабкир, 3 ком., 90 кв.м., 9/14 этаж	3	350000	90	https://www.list.am/ru/item/19733571
Арабкир, 2 ком., 70 кв.м., 3/5 этаж	2	368600	70	https://www.list.am/ru/item/19963805
Арабкир, 2 ком., 70 кв.м., 3/5 этаж	2	426800	70	https://www.list.am/ru/item/19636923
Арабкир, 3 ком., 95 кв.м., 3/11 этаж	3	250000	95	https://www.list.am/ru/item/19860166
Арабкир, 3 ком., 82 кв.м., 4/5 этаж	3	465600	82	https://www.list.am/ru/item/19877428
Арабкир, 3 ком., 85 кв.м., 4/9 этаж	3	450000	85	https://www.list.am/ru/item/19457018
Арабкир, 5 ком., 155 кв.м., 12/14 этаж	5	931200	155	https://www.list.am/ru/item/19423918
Арабкир, 3 ком., 67 кв.м., 2/4 этаж	3	350000	67	https://www.list.am/ru/item/19698028
Арабкир, 2 ком., 73 кв.м., 3/9 этаж	2	340000	73	https://www.list.am/ru/item/19696182
Арабкир, 2 ком., 50 кв.м., 5/5 этаж	2	500000	50	https://www.list.am/ru/item/19331710
Арабкир, 3 ком., 83 кв.м., 8/11 этаж	3	500000	83	https://www.list.am/ru/item/19963371
Арабкир, 1 ком., 38 кв.м., 4/4 этаж	1	220000	38	https://www.list.am/ru/item/19495935
Арабкир, 3 ком., 100 кв.м., 2/15 этаж	3	400000	100	https://www.list.am/ru/item/19930536
Арабкир, 1 ком., 50 кв.м., 2/9 этаж	1	300000	50	https://www.list.am/ru/item/19900337
Арабкир, 3 ком., 61 кв.м., 1/3 этаж	3	450000	61	https://www.list.am/ru/item/18791873
Арабкир, 2 ком., 63 кв.м., 5/9 этаж	2	220000	63	https://www.list.am/ru/item/19822780
Арабкир, 2 ком., 62 кв.м., 1/5 этаж	2	300000	62	https://www.list.am/ru/item/19553066
Арабкир, 3 ком., 60 кв.м., 4/5 этаж	3	300000	60	https://www.list.am/ru/item/19774728
Арабкир, 2 ком., 60 кв.м., 1/5 этаж	2	300000	60	https://www.list.am/ru/item/19564827
Арабкир, 2 ком., 56 кв.м., 1/5 этаж	2	300000	56	https://www.list.am/ru/item/19962684
Арабкир, 2 ком., 56 кв.м., 7/12 этаж	2	300000	56	https://www.list.am/ru/item/19962430
Арабкир, 2 ком., 44 кв.м., 1/5 этаж	2	380000	44	https://www.list.am/ru/item/19616537
Арабкир, 2 ком., 48 кв.м., 8/14 этаж	2	300000	48	https://www.list.am/ru/item/19923070
Арабкир, 2 ком., 48 кв.м., 14/16 этаж	2	280000	48	https://www.list.am/ru/item/19812271
Арабкир, 1 ком., 40 кв.м., 3/5 этаж	1	220000	40	https://www.list.am/ru/item/19470719
Арабкир, 2 ком., 48 кв.м., 6/9 этаж	2	350000	48	https://www.list.am/ru/item/19082244
Арабкир, 1 ком., 65 кв.м., 2/6 этаж	1	50000	65	https://www.list.am/ru/item/19860065
Арабкир, 2 ком., 56 кв.м., 13/15 этаж	2	420000	56	https://www.list.am/ru/item/19929193
Арабкир, 4 ком., 100 кв.м., 4/4 этаж	4	360000	100	https://www.list.am/ru/item/19858375
Арабкир, 2 ком., 40 кв.м., 2/4 этаж	2	350000	40	https://www.list.am/ru/item/19942197
Арабкир, 2 ком., 50 кв.м., 7/9 этаж	2	370000	50	https://www.list.am/ru/item/19902280
Арабкир, 3 ком., 91 кв.м., 4/17 этаж	3	620800	91	https://www.list.am/ru/item/18886061
Арабкир, 2 ком., 42 кв.м., 2/8 этаж	2	380000	42	https://www.list.am/ru/item/19960496
Арабкир, 2 ком., 40 кв.м., 2/5 этаж	2	320000	40	https://www.list.am/ru/item/19523072
Арабкир, 3 ком., 78 кв.м., 5/9 этаж	3	582000	78	https://www.list.am/ru/item/19960247
Арабкир, 2 ком., 44 кв.м., 8/9 этаж	2	250000	44	https://www.list.am/ru/item/19959901
Арабкир, 3 ком., 95 кв.м., 7/8 этаж	3	470000	95	https://www.list.am/ru/item/18137157
Арабкир, 3 ком., 97 кв.м., 1/3 этаж	3	310000	97	https://www.list.am/ru/item/19910595
Арабкир, 3 ком., 85 кв.м., 7/7 этаж	3	380000	85	https://www.list.am/ru/item/18445809
Арабкир, 3 ком., 88 кв.м., 5/5 этаж	3	300000	88	https://www.list.am/ru/item/19474102
Арабкир, 3 ком., 70 кв.м., 4/8 этаж	3	320000	70	https://www.list.am/ru/item/19977837
Арабкир, 3 ком., 75 кв.м., 3/4 этаж	3	270000	75	https://www.list.am/ru/item/19696051
Арабкир, 2 ком., 45 кв.м., 2/8 этаж	2	350000	45	https://www.list.am/ru/item/19373015
Арабкир, 2 ком., 46 кв.м., 6/7 этаж	2	210000	46	https://www.list.am/ru/item/19977626
Арабкир, 3 ком., 80 кв.м., 4/5 этаж	3	280000	80	https://www.list.am/ru/item/19977614
Арабкир, 2 ком., 65 кв.м., 7/12 этаж	2	388000	65	https://www.list.am/ru/item/19218604
Арабкир, 3 ком., 85 кв.м., 1/3 этаж	3	260000	85	https://www.list.am/ru/item/19962282
Арабкир, 3 ком., 106 кв.м., 8/8 этаж	3	680000	106	https://www.list.am/ru/item/19946138
Арабкир, 3 ком., 80 кв.м., 3/5 этаж	3	350000	80	https://www.list.am/ru/item/19412657
Арабкир, 2 ком., 55 кв.м., 4/12 этаж	2	250000	55	https://www.list.am/ru/item/19520469
Арабкир, 3 ком., 100 кв.м., 7/9 этаж	3	280000	100	https://www.list.am/ru/item/19880241
Арабкир, 1 ком., 30 кв.м., 4/4 этаж	1	190000	30	https://www.list.am/ru/item/19565985
Арабкир, 3 ком., 90 кв.м., 5/5 этаж	3	240000	90	https://www.list.am/ru/item/19856367
Арабкир, 3 ком., 75 кв.м., 2/5 этаж	3	320000	75	https://www.list.am/ru/item/18656892
Арабкир, 1 ком., 46 кв.м., 5/5 этаж	1	260000	46	https://www.list.am/ru/item/19867119
Арабкир, 3 ком., 81 кв.м., 1/5 этаж	3	330000	81	https://www.list.am/ru/item/19928912
Арабкир, 1 ком., 33 кв.м., 2/5 этаж	1	180000	33	https://www.list.am/ru/item/19940165
Арабкир, 3 ком., 61 кв.м., 5/5 этаж	3	350000	61	https://www.list.am/ru/item/19688742
Арабкир, 2 ком., 46 кв.м., 5/5 этаж	2	230000	46	https://www.list.am/ru/item/19976713
Арабкир, 3 ком., 75 кв.м., 5/5 этаж	3	300000	75	https://www.list.am/ru/item/19884983
Арабкир, 2 ком., 55 кв.м., 3/5 этаж	2	280000	55	https://www.list.am/ru/item/19922844
Арабкир, 4 ком., 160 кв.м., 8/18 этаж	4	853600	160	https://www.list.am/ru/item/19858773
Арабкир, 3 ком., 60 кв.м., 10/11 этаж	3	550000	60	https://www.list.am/ru/item/19207045
Арабкир, 1 ком., 37 кв.м., 2/2 этаж	1	250000	37	https://www.list.am/ru/item/18693768
Арабкир, 2 ком., 68 кв.м., 4/5 этаж	2	232800	68	https://www.list.am/ru/item/19900184
Арабкир, 1 ком., 46 кв.м., 9/9 этаж	1	280000	46	https://www.list.am/ru/item/18593404
Арабкир, 3 ком., 96 кв.м., 5/13 этаж	3	400000	96	https://www.list.am/ru/item/19120678
Арабкир, 3 ком., 70 кв.м., 5/5 этаж	3	400000	70	https://www.list.am/ru/item/19680898
Арабкир, 1 ком., 30 кв.м., 4/4 этаж	1	190000	30	https://www.list.am/ru/item/19567086
Арабкир, 3 ком., 105 кв.м., 6/15 этаж	3	490000	105	https://www.list.am/ru/item/19626507
Арабкир, 1 ком., 56 кв.м., 2/6 этаж	1	250000	56	https://www.list.am/ru/item/19716691
Арабкир, 2 ком., 68 кв.м., 9/9 этаж	2	300000	68	https://www.list.am/ru/item/18160880
Арабкир, 3 ком., 95 кв.м., 1/4 этаж	3	600000	95	https://www.list.am/ru/item/16141074
Арабкир, 2 ком., 54 кв.м., 8/13 этаж	2	300000	54	https://www.list.am/ru/item/19975887
Арабкир, 3 ком., 100 кв.м., 2/6 этаж	3	465600	100	https://www.list.am/ru/item/19975495
Арабкир, 3 ком., 75 кв.м., 5/5 этаж	3	250000	75	https://www.list.am/ru/item/19953959
Арабкир, 1 ком., 33 кв.м., 3/4 этаж	1	220000	33	https://www.list.am/ru/item/19891751
Арабкир, 3 ком., 90 кв.м., 4/5 этаж	3	300000	90	https://www.list.am/ru/item/18592796
Арабкир, 1 ком., 48 кв.м., 1/1 этаж	1	250000	48	https://www.list.am/ru/item/19938206
Арабкир, 3 ком., 100 кв.м., 10/10 этаж	3	360000	100	https://www.list.am/ru/item/19683057
Арабкир, 3 ком., 85 кв.м., 1/6 этаж	3	465600	85	https://www.list.am/ru/item/19844637
Арабкир, 2 ком., 35 кв.м., 4/4 этаж	2	388000	35	https://www.list.am/ru/item/19844716
Арабкир, 4 ком., 140 кв.м., 7/16 этаж	4	970000	140	https://www.list.am/ru/item/19809990
Арабкир, 3 ком., 98 кв.м., 5/5 этаж	3	500000	98	https://www.list.am/ru/item/19346349
Арабкир, 5 ком., 165 кв.м., 4/4 этаж	5	100000	165	https://www.list.am/ru/item/17491120
Арабкир, 3 ком., 130 кв.м., 1/11 этаж	3	500000	130	https://www.list.am/ru/item/19161580
Арабкир, 3 ком., 80 кв.м., 5/9 этаж	3	380000	80	https://www.list.am/ru/item/19703702
Арабкир, 2 ком., 82 кв.м., 1/10 этаж	2	240000	82	https://www.list.am/ru/item/19737788
Арабкир, 3 ком., 100 кв.м., 2/6 этаж	3	465600	100	https://www.list.am/ru/item/19643844
Арабкир, 5 ком., 120 кв.м., 4/5 этаж	5	450000	120	https://www.list.am/ru/item/19953990
Арабкир, 2 ком., 46 кв.м., 1/15 этаж	2	400000	46	https://www.list.am/ru/item/19346042
Арабкир, 4 ком., 145 кв.м., 1/5 этаж	4	400000	145	https://www.list.am/ru/item/19937117
Арабкир, 2 ком., 116 кв.м., 4/12 этаж	2	659600	116	https://www.list.am/ru/item/19942281
Арабкир, 3 ком., 87 кв.м., 6/9 этаж	3	320000	87	https://www.list.am/ru/item/19848862
Арабкир, 3 ком., 80 кв.м., 9/9 этаж	3	380000	80	https://www.list.am/ru/item/19684941
Арабкир, 2 ком., 53 кв.м., 3/5 этаж	2	230000	53	https://www.list.am/ru/item/19961204
Арабкир, 3 ком., 85 кв.м., 5/5 этаж	3	280000	85	https://www.list.am/ru/item/19929359
Арабкир, 3 ком., 73 кв.м., 4/5 этаж	3	400000	73	https://www.list.am/ru/item/19895176
Арабкир, 2 ком., 53 кв.м., 3/4 этаж	2	250000	53	https://www.list.am/ru/item/19807754
Арабкир, 2 ком., 58 кв.м., 4/9 этаж	2	280000	58	https://www.list.am/ru/item/19849770
Арабкир, 2 ком., 55 кв.м., 1/5 этаж	2	300000	55	https://www.list.am/ru/item/19959784
Арабкир, 4 ком., 126 кв.м., 2/5 этаж	4	450000	126	https://www.list.am/ru/item/19413239
Арабкир, 3 ком., 90 кв.м., 4/8 этаж	3	520000	90	https://www.list.am/ru/item/19847102
Арабкир, 3 ком., 51 кв.м., 4/5 этаж	3	300000	51	https://www.list.am/ru/item/19955048
Арабкир, 3 ком., 100 кв.м., 17/18 этаж	3	500000	100	https://www.list.am/ru/item/19598727
Арабкир, 3 ком., 58 кв.м., 5/5 этаж	3	320000	58	https://www.list.am/ru/item/19608632
Арабкир, 2 ком., 78 кв.м., 6/7 этаж	2	340000	78	https://www.list.am/ru/item/19782350
Арабкир, 2 ком., 65 кв.м., 5/5 этаж	2	280000	65	https://www.list.am/ru/item/19885379
Арабкир, 2 ком., 45 кв.м., 2/5 этаж	2	360000	45	https://www.list.am/ru/item/19169235
Арабкир, 3 ком., 80 кв.м., 11/12 этаж	3	419040	80	https://www.list.am/ru/item/19974100
Арабкир, 3 ком., 98 кв.м., 1/13 этаж	3	430000	98	https://www.list.am/ru/item/19974098
Арабкир, 3 ком., 54 кв.м., 4/5 этаж	3	260000	54	https://www.list.am/ru/item/19943482
Арабкир, 3 ком., 65 кв.м., 1/2 этаж	3	300000	65	https://www.list.am/ru/item/19867829
Арабкир, 3 ком., 65 кв.м., 4/9 этаж	3	388000	65	https://www.list.am/ru/item/19378764
Арабкир, 2 ком., 60 кв.м., 2/16 этаж	2	349200	60	https://www.list.am/ru/item/19670488
Арабкир, 2 ком., 70 кв.м., 1/2 этаж	2	350000	70	https://www.list.am/ru/item/19973365
Арабкир, 2 ком., 50 кв.м., 1/9 этаж	2	260000	50	https://www.list.am/ru/item/19893154
Арабкир, 3 ком., 73 кв.м., 2/5 этаж	3	350000	73	https://www.list.am/ru/item/19972819
Арабкир, 3 ком., 90 кв.м., 4/7 этаж	3	365000	90	https://www.list.am/ru/item/19972668
Арабкир, 3 ком., 74 кв.м., 6/7 этаж	3	510000	74	https://www.list.am/ru/item/19749866
Арабкир, 2 ком., 40 кв.м., 4/9 этаж	2	260000	40	https://www.list.am/ru/item/18926212
Арабкир, 1 ком., 50 кв.м., 4/5 этаж	1	270000	50	https://www.list.am/ru/item/19922788
Арабкир, 2 ком., 50 кв.м., 2/2 этаж	2	360000	50	https://www.list.am/ru/item/19783942
Арабкир, 3 ком., 96 кв.м., 1/5 этаж	3	300000	96	https://www.list.am/ru/item/19933766
Арабкир, 3 ком., 65 кв.м., 6/6 этаж	3	350000	65	https://www.list.am/ru/item/19883492
Арабкир, 3 ком., 110 кв.м., 1/5 этаж	3	450000	110	https://www.list.am/ru/item/19773955
Арабкир, 3 ком., 68 кв.м., 4/8 этаж	3	250000	68	https://www.list.am/ru/item/18692329
Арабкир, 4 ком., 126 кв.м., 8/8 этаж	4	550000	126	https://www.list.am/ru/item/19479770
Арабкир, 2 ком., 55 кв.м., 5/12 этаж	2	388000	55	https://www.list.am/ru/item/19749007
Арабкир, 3 ком., 63 кв.м., 1/5 этаж	3	320000	63	https://www.list.am/ru/item/19917691
Арабкир, 2 ком., 46 кв.м., 2/5 этаж	2	350000	46	https://www.list.am/ru/item/19946620
Арабкир, 3 ком., 170 кв.м., 14/24 этаж	3	601400	170	https://www.list.am/ru/item/19045890
Арабкир, 2 ком., 60 кв.м., 4/12 этаж	2	400000	60	https://www.list.am/ru/item/19886468
Арабкир, 5 ком., 133 кв.м., 5/15 этаж	5	650000	133	https://www.list.am/ru/item/19929632
Арабкир, 2 ком., 45 кв.м., 1/12 этаж	2	349000	45	https://www.list.am/ru/item/19431463
Арабкир, 2 ком., 42 кв.м., 2/7 этаж	2	400000	42	https://www.list.am/ru/item/18567998
Арабкир, 2 ком., 54 кв.м., 2/5 этаж	2	250000	54	https://www.list.am/ru/item/19831058
Арабкир, 3 ком., 110 кв.м., 2/5 этаж	3	260000	110	https://www.list.am/ru/item/19317943
Арабкир, 1 ком., 20 кв.м., 3/5 этаж	1	190000	20	https://www.list.am/ru/item/19815930
Арабкир, 2 ком., 50 кв.м., 1/7 этаж	2	200000	50	https://www.list.am/ru/item/19335534
Арабкир, 3 ком., 62 кв.м., 7/10 этаж	3	600000	62	https://www.list.am/ru/item/18727125
Арабкир, 3 ком., 62 кв.м., 7/10 этаж	3	600000	62	https://www.list.am/ru/item/17597740
Арабкир, 3 ком., 80 кв.м., 1/14 этаж	3	300000	80	https://www.list.am/ru/item/19383072
Арабкир, 4 ком., 100 кв.м., 11/12 этаж	4	582000	100	https://www.list.am/ru/item/19652238
Арабкир, 1 ком., 20 кв.м., 1/5 этаж	1	160000	20	https://www.list.am/ru/item/19816176
Арабкир, 1 ком., 38 кв.м., 5/5 этаж	1	150000	38	https://www.list.am/ru/item/19488893
Арабкир, 3 ком., 85 кв.м., 5/18 этаж	3	450000	85	https://www.list.am/ru/item/19926185
Арабкир, 2 ком., 68 кв.м., 5/15 этаж	2	550000	68	https://www.list.am/ru/item/19926120
Арабкир, 2 ком., 55 кв.м., 5/9 этаж	2	390000	55	https://www.list.am/ru/item/19926040
Арабкир, 1 ком., 45 кв.м., 6/12 этаж	1	180000	45	https://www.list.am/ru/item/19891678
Арабкир, 2 ком., 60 кв.м., 4/5 этаж	2	300000	60	https://www.list.am/ru/item/19925624
Арабкир, 3 ком., 101 кв.м., 4/11 этаж	3	600000	101	https://www.list.am/ru/item/19924598
Арабкир, 3 ком., 60 кв.м., 2/2 этаж	3	250000	60	https://www.list.am/ru/item/19806538
Арабкир, 2 ком., 57 кв.м., 4/4 этаж	2	450000	57	https://www.list.am/ru/item/19743170
Арабкир, 2 ком., 72 кв.м., 6/11 этаж	2	310400	72	https://www.list.am/ru/item/19886265
Арабкир, 3 ком., 70 кв.м., 2/5 этаж	3	350000	70	https://www.list.am/ru/item/19775015
Арабкир, 2 ком., 54 кв.м., 4/14 этаж	2	320000	54	https://www.list.am/ru/item/19672269
Арабкир, 2 ком., 57 кв.м., 4/5 этаж	2	300000	57	https://www.list.am/ru/item/19119929
Арабкир, 2 ком., 65 кв.м., 11/12 этаж	2	388000	65	https://www.list.am/ru/item/18732041
Арабкир, 2 ком., 68 кв.м., 11/12 этаж	2	388000	68	https://www.list.am/ru/item/18732069
Арабкир, 1 ком., 30 кв.м., 3/5 этаж	1	250000	30	https://www.list.am/ru/item/19551224
Арабкир, 3 ком., 84 кв.м., 3/5 этаж	3	480000	84	https://www.list.am/ru/item/19918898
Арабкир, 3 ком., 75 кв.м., 3/9 этаж	3	500000	75	https://www.list.am/ru/item/18585327
Арабкир, 3 ком., 100 кв.м., 2/5 этаж	3	480000	100	https://www.list.am/ru/item/19732903
Арабкир, 3 ком., 95 кв.м., 7/12 этаж	3	250000	95	https://www.list.am/ru/item/19564243
Арабкир, 3 ком., 89 кв.м., 15/16 этаж	3	300000	89	https://www.list.am/ru/item/18687747
Арабкир, 2 ком., 60 кв.м., 7/9 этаж	2	300000	60	https://www.list.am/ru/item/19915391
Арабкир, 2 ком., 60 кв.м., 3/9 этаж	2	210000	60	https://www.list.am/ru/item/19914838
Арабкир, 2 ком., 48 кв.м., 5/15 этаж	2	465600	48	https://www.list.am/ru/item/19544580
Арабкир, 4 ком., 80 кв.м., 1/5 этаж	4	290000	80	https://www.list.am/ru/item/18943177
Арабкир, 2 ком., 52 кв.м., 4/7 этаж	2	550000	52	https://www.list.am/ru/item/18583776
Арабкир, 2 ком., 50 кв.м., 2/5 этаж	2	260000	50	https://www.list.am/ru/item/19910824
Арабкир, 2 ком., 53 кв.м., 3/5 этаж	2	280000	53	https://www.list.am/ru/item/19910607
Арабкир, 2 ком., 70 кв.м., 1/5 этаж	2	300000	70	https://www.list.am/ru/item/18023208
Арабкир, 2 ком., 55 кв.м., 9/10 этаж	2	300000	55	https://www.list.am/ru/item/19007570
Арабкир, 3 ком., 1200 кв.м., 1/1 этаж	3	288000	1200	https://www.list.am/ru/item/19909552
Арабкир, 2 ком., 58 кв.м., 5/5 этаж	2	270000	58	https://www.list.am/ru/item/19908204
Арабкир, 3 ком., 74 кв.м., 13/16 этаж	3	465600	74	https://www.list.am/ru/item/19907174
Арабкир, 3 ком., 101 кв.м., 13/14 этаж	3	250000	101	https://www.list.am/ru/item/19666820
Арабкир, 2 ком., 45 кв.м., 7/8 этаж	2	350000	45	https://www.list.am/ru/item/19468439
Арабкир, 3 ком., 80 кв.м., 9/9 этаж	3	380000	80	https://www.list.am/ru/item/19904564
Арабкир, 3 ком., 65 кв.м., 3/5 этаж	3	400000	65	https://www.list.am/ru/item/18482312
Арабкир, 3 ком., 65 кв.м., 3/5 этаж	3	400000	65	https://www.list.am/ru/item/19797026
Арабкир, 2 ком., 52 кв.м., 1/3 этаж	2	500000	52	https://www.list.am/ru/item/17946008
Арабкир, 2 ком., 54 кв.м., 7/9 этаж	2	310000	54	https://www.list.am/ru/item/19721717
Арабкир, 5 ком., 236 кв.м., 18/19 этаж	5	1746000	236	https://www.list.am/ru/item/19577969
Арабкир, 3 ком., 100 кв.м., 7/7 этаж	3	500000	100	https://www.list.am/ru/item/18809044
Арабкир, 1 ком., 18 кв.м., 6/9 этаж	1	360000	18	https://www.list.am/ru/item/19901144
Арабкир, 2 ком., 60 кв.м., 5/5 этаж	2	250000	60	https://www.list.am/ru/item/19900554
Арабкир, 3 ком., 67 кв.м., 4/5 этаж	3	465600	67	https://www.list.am/ru/item/18895804
Арабкир, 3 ком., 89 кв.м., 2/16 этаж	3	300000	89	https://www.list.am/ru/item/19899681
Арабкир, 4 ком., 92 кв.м., 5/5 этаж	4	280000	92	https://www.list.am/ru/item/19705088
Арабкир, 3 ком., 65 кв.м., 5/9 этаж	3	520000	65	https://www.list.am/ru/item/19799856
Арабкир, 1 ком., 35 кв.м., 4/4 этаж	1	230000	35	https://www.list.am/ru/item/19897932
Арабкир, 1 ком., 31 кв.м., 2/5 этаж	1	300000	31	https://www.list.am/ru/item/19854296
Арабкир, 1 ком., 31 кв.м., 2/5 этаж	1	300000	31	https://www.list.am/ru/item/19835897
Арабкир, 2 ком., 67 кв.м., 6/7 этаж	2	240000	67	https://www.list.am/ru/item/19773333
Арабкир, 1 ком., 40 кв.м., 4/5 этаж	1	271600	40	https://www.list.am/ru/item/19853840
Арабкир, 3 ком., 210 кв.м., 9/9 этаж	3	700000	210	https://www.list.am/ru/item/19160658
Арабкир, 4 ком., 100 кв.м., 12/14 этаж	4	350000	100	https://www.list.am/ru/item/19896993
Арабкир, 1 ком., 35 кв.м., 4/4 этаж	1	230000	35	https://www.list.am/ru/item/19896868
Арабкир, 3 ком., 95 кв.м., 2/9 этаж	3	310400	95	https://www.list.am/ru/item/19563045
Арабкир, 1 ком., 33 кв.м., 3/3 этаж	1	260000	33	https://www.list.am/ru/item/19717968
Арабкир, 3 ком., 83 кв.м., 3/5 этаж	3	280000	83	https://www.list.am/ru/item/19894656
Арабкир, 3 ком., 70 кв.м., 3/5 этаж	3	300000	70	https://www.list.am/ru/item/19006172
Арабкир, 3 ком., 83 кв.м., 4/7 этаж	3	465600	83	https://www.list.am/ru/item/19549493
Арабкир, 4 ком., 120 кв.м., 7/16 этаж	4	698400	120	https://www.list.am/ru/item/18876066
Арабкир, 2 ком., 38 кв.м., 3/5 этаж	2	270000	38	https://www.list.am/ru/item/19869178
Арабкир, 3 ком., 90 кв.м., 2/16 этаж	3	300000	90	https://www.list.am/ru/item/19871111
Арабкир, 3 ком., 90 кв.м., 2/16 этаж	3	300000	90	https://www.list.am/ru/item/19757237
Арабкир, 1 ком., 35 кв.м., 3/5 этаж	1	200000	35	https://www.list.am/ru/item/19866011
Арабкир, 2 ком., 40 кв.м., 1/5 этаж	2	250000	40	https://www.list.am/ru/item/19891668
Арабкир, 4 ком., 80 кв.м., 4/5 этаж	4	80000	80	https://www.list.am/ru/item/19646022
Арабкир, 3 ком., 126 кв.м., 5/13 этаж	3	698400	126	https://www.list.am/ru/item/19507277
Арабкир, 2 ком., 60 кв.м., 9/13 этаж	2	270000	60	https://www.list.am/ru/item/19823109
Арабкир, 3 ком., 103 кв.м., 6/14 этаж	3	380000	103	https://www.list.am/ru/item/19086214
Арабкир, 2 ком., 90 кв.м., 12/12 этаж	2	465600	90	https://www.list.am/ru/item/17461299
Арабкир, 4 ком., 70 кв.м., 6/9 этаж	4	350000	70	https://www.list.am/ru/item/19959397
Арабкир, 3 ком., 74 кв.м., 3/8 этаж	3	400000	74	https://www.list.am/ru/item/19959305
Арабкир, 3 ком., 67 кв.м., 9/10 этаж	3	400000	67	https://www.list.am/ru/item/18987484
Арабкир, 4 ком., 120 кв.м., 6/6 этаж	4	465600	120	https://www.list.am/ru/item/19707184
Арабкир, 3 ком., 70 кв.м., 1/5 этаж	3	350000	70	https://www.list.am/ru/item/19839239
Арабкир, 3 ком., 60 кв.м., 10/10 этаж	3	575000	60	https://www.list.am/ru/item/19217159
Арабкир, 3 ком., 85 кв.м., 4/4 этаж	3	300000	85	https://www.list.am/ru/item/19522584
Арабкир, 4 ком., 110 кв.м., 4/5 этаж	4	349200	110	https://www.list.am/ru/item/19643892
Арабкир, 5 ком., 100 кв.м., 1/5 этаж	5	200000	100	https://www.list.am/ru/item/18385240
Арабкир, 2 ком., 70 кв.м., 3/3 этаж	2	370000	70	https://www.list.am/ru/item/19711313
Арабкир, 3 ком., 80 кв.м., 9/9 этаж	3	550000	80	https://www.list.am/ru/item/19958126
Арабкир, 2 ком., 68 кв.м., 2/5 этаж	2	300000	68	https://www.list.am/ru/item/19822526
Арабкир, 2 ком., 55 кв.м., 2/7 этаж	2	400000	55	https://www.list.am/ru/item/19548033
Арабкир, 2 ком., 43 кв.м., 13/16 этаж	2	380000	43	https://www.list.am/ru/item/19908792
Арабкир, 2 ком., 30 кв.м., 1/13 этаж	2	310400	30	https://www.list.am/ru/item/19854763
Арабкир, 3 ком., 120 кв.м., 4/5 этаж	3	500000	120	https://www.list.am/ru/item/19131685
Арабкир, 3 ком., 65 кв.м., 9/16 этаж	3	465600	65	https://www.list.am/ru/item/19598037
Арабкир, 3 ком., 84 кв.м., 3/5 этаж	3	330000	84	https://www.list.am/ru/item/19739937
Арабкир, 2 ком., 73 кв.м., 3/9 этаж	2	340000	73	https://www.list.am/ru/item/19866172
Арабкир, 2 ком., 45 кв.м., 3/5 этаж	2	300000	45	https://www.list.am/ru/item/19955166
Арабкир, 3 ком., 100 кв.м., 6/9 этаж	3	400000	100	https://www.list.am/ru/item/19652820
Арабкир, 2 ком., 140 кв.м., 4/5 этаж	2	260000	140	https://www.list.am/ru/item/19786989
Арабкир, 4 ком., 140 кв.м., 9/14 этаж	4	582000	140	https://www.list.am/ru/item/19734666
Арабкир, 3 ком., 70 кв.м., 1/5 этаж	3	450000	70	https://www.list.am/ru/item/19747479
Арабкир, 3 ком., 151 кв.м., 1/1 этаж	3	550000	151	https://www.list.am/ru/item/19920704
Арабкир, 2 ком., 97 кв.м., 4/4 этаж	2	400000	97	https://www.list.am/ru/item/19881475
Арабкир, 3 ком., 74 кв.м., 1/3 этаж	3	395000	74	https://www.list.am/ru/item/19952029
Арабкир, 3 ком., 60 кв.м., 3/4 этаж	3	320000	60	https://www.list.am/ru/item/19548566
Арабкир, 2 ком., 50 кв.м., 4/9 этаж	2	250000	50	https://www.list.am/ru/item/18419752
Арабкир, 3 ком., 135 кв.м., 2/2 этаж	3	582000	135	https://www.list.am/ru/item/19840797
Арабкир, 3 ком., 110 кв.м., 4/10 этаж	3	480000	110	https://www.list.am/ru/item/19557774
Арабкир, 3 ком., 70 кв.м., 3/4 этаж	3	300000	70	https://www.list.am/ru/item/19886206
Арабкир, 2 ком., 45 кв.м., 3/3 этаж	2	426800	45	https://www.list.am/ru/item/19853738
Арабкир, 3 ком., 94 кв.м., 1/3 этаж	3	388000	94	https://www.list.am/ru/item/19950304
Арабкир, 5 ком., 153 кв.м., 12/14 этаж	5	931200	153	https://www.list.am/ru/item/19887529
Арабкир, 4 ком., 140 кв.м., 1/4 этаж	4	1164000	140	https://www.list.am/ru/item/17970906
Арабкир, 5 ком., 120 кв.м., 1/3 этаж	5	700000	120	https://www.list.am/ru/item/19268675
Арабкир, 5 ком., 143 кв.м., 5/5 этаж	5	500000	143	https://www.list.am/ru/item/19814049
Арабкир, 2 ком., 65 кв.м., 10/17 этаж	2	430000	65	https://www.list.am/ru/item/19897507
Арабкир, 3 ком., 90 кв.м., 3/5 этаж	3	300000	90	https://www.list.am/ru/item/19638041
Арабкир, 2 ком., 30 кв.м., 5/5 этаж	2	270000	30	https://www.list.am/ru/item/19947876
Арабкир, 3 ком., 90 кв.м., 9/10 этаж	3	420000	90	https://www.list.am/ru/item/18566300
Арабкир, 3 ком., 100 кв.м., 2/5 этаж	3	300000	100	https://www.list.am/ru/item/19870990
Арабкир, 2 ком., 38 кв.м., 2/5 этаж	2	360000	38	https://www.list.am/ru/item/19337743
Арабкир, 3 ком., 80 кв.м., 7/11 этаж	3	543200	80	https://www.list.am/ru/item/19847907
Арабкир, 2 ком., 68 кв.м., 4/5 этаж	2	250000	68	https://www.list.am/ru/item/19060662
Арабкир, 3 ком., 68 кв.м., 1/2 этаж	3	400000	68	https://www.list.am/ru/item/19946664
Арабкир, 3 ком., 96 кв.м., 4/5 этаж	3	280000	96	https://www.list.am/ru/item/18883390
Арабкир, 3 ком., 97 кв.м., 5/6 этаж	3	350000	97	https://www.list.am/ru/item/19946356
Арабкир, 2 ком., 56 кв.м., 4/5 этаж	2	270000	56	https://www.list.am/ru/item/19693181
Арабкир, 1 ком., 50 кв.м., 2/5 этаж	1	250000	50	https://www.list.am/ru/item/19869478
Арабкир, 3 ком., 98 кв.м., 3/7 этаж	3	250000	98	https://www.list.am/ru/item/19124481
Арабкир, 3 ком., 76 кв.м., 1/5 этаж	3	310000	76	https://www.list.am/ru/item/19407940
Арабкир, 3 ком., 96 кв.м., 4/7 этаж	3	350000	96	https://www.list.am/ru/item/19350354
Арабкир, 4 ком., 121 кв.м., 7/8 этаж	4	679000	121	https://www.list.am/ru/item/19654259
Арабкир, 2 ком., 49 кв.м., 13/16 этаж	2	310000	49	https://www.list.am/ru/item/19896982
Арабкир, 2 ком., 54 кв.м., 3/5 этаж	2	320000	54	https://www.list.am/ru/item/19853026
Арабкир, 3 ком., 83 кв.м., 9/10 этаж	3	465600	83	https://www.list.am/ru/item/19626943
Арабкир, 4 ком., 86 кв.м., 2/9 этаж	4	480000	86	https://www.list.am/ru/item/19526844
Арабкир, 2 ком., 48 кв.м., 3/9 этаж	2	300000	48	https://www.list.am/ru/item/19752873
Арабкир, 2 ком., 48 кв.м., 4/5 этаж	2	400000	48	https://www.list.am/ru/item/19752084
Арабкир, 2 ком., 64 кв.м., 4/9 этаж	2	275000	64	https://www.list.am/ru/item/19293207
Арабкир, 2 ком., 50 кв.м., 3/5 этаж	2	420000	50	https://www.list.am/ru/item/19293540
Арабкир, 3 ком., 61 кв.м., 8/8 этаж	3	280000	61	https://www.list.am/ru/item/19923897
Арабкир, 3 ком., 68 кв.м., 1/3 этаж	3	250000	68	https://www.list.am/ru/item/19942066
Арабкир, 2 ком., 50 кв.м., 1/5 этаж	2	240000	50	https://www.list.am/ru/item/19942027
Арабкир, 1 ком., 45 кв.м., 4/5 этаж	1	220000	45	https://www.list.am/ru/item/19860814
Арабкир, 3 ком., 80 кв.м., 5/5 этаж	3	349200	80	https://www.list.am/ru/item/18876796
Арабкир, 4 ком., 158 кв.м., 2/12 этаж	4	659600	158	https://www.list.am/ru/item/19665286
Арабкир, 1 ком., 42 кв.м., 3/5 этаж	1	230000	42	https://www.list.am/ru/item/19670143
Арабкир, 3 ком., 100 кв.м., 13/18 этаж	3	800000	100	https://www.list.am/ru/item/19553876
Арабкир, 1 ком., 15 кв.м., 1/1 этаж	1	200000	15	https://www.list.am/ru/item/19939865
Арабкир, 3 ком., 62 кв.м., 2/9 этаж	3	250000	62	https://www.list.am/ru/item/19887464
Арабкир, 2 ком., 50 кв.м., 6/9 этаж	2	250000	50	https://www.list.am/ru/item/19908080
Арабкир, 2 ком., 74 кв.м., 8/9 этаж	2	310400	74	https://www.list.am/ru/item/19937248
Арабкир, 2 ком., 48 кв.м., 10/16 этаж	2	465600	48	https://www.list.am/ru/item/19905660
Арабкир, 3 ком., 83 кв.м., 4/4 этаж	3	430000	83	https://www.list.am/ru/item/18543129
Арабкир, 3 ком., 102 кв.м., 5/5 этаж	3	500000	102	https://www.list.am/ru/item/19113194
Арабкир, 3 ком., 96 кв.м., 3/16 этаж	3	350000	96	https://www.list.am/ru/item/19935748
Арабкир, 3 ком., 71 кв.м., 4/5 этаж	3	388000	71	https://www.list.am/ru/item/18997733
Арабкир, 4 ком., 174 кв.м., 10/14 этаж	4	1000000	174	https://www.list.am/ru/item/19245208
Арабкир, 4 ком., 127 кв.м., 1/10 этаж	4	850000	127	https://www.list.am/ru/item/19450920
Арабкир, 3 ком., 70 кв.м., 5/18 этаж	3	543200	70	https://www.list.am/ru/item/19598806
Арабкир, 3 ком., 75 кв.м., 2/2 этаж	3	350000	75	https://www.list.am/ru/item/19860789
Арабкир, 2 ком., 68 кв.м., 2/10 этаж	2	300000	68	https://www.list.am/ru/item/19933954
Арабкир, 3 ком., 79 кв.м., 4/5 этаж	3	300000	79	https://www.list.am/ru/item/19933905
Арабкир, 2 ком., 55 кв.м., 1/4 этаж	2	230000	55	https://www.list.am/ru/item/19932563
Арабкир, 2 ком., 42 кв.м., 4/5 этаж	2	350000	42	https://www.list.am/ru/item/19913241
Арабкир, 1 ком., 29 кв.м., 3/5 этаж	1	250000	29	https://www.list.am/ru/item/18037155
Арабкир, 1 ком., 45 кв.м., 1/5 этаж	1	250000	45	https://www.list.am/ru/item/19277871
Арабкир, 2 ком., 40 кв.м., 3/5 этаж	2	250000	40	https://www.list.am/ru/item/18426766
Арабкир, 3 ком., 62 кв.м., 8/8 этаж	3	280000	62	https://www.list.am/ru/item/19686933
