Арабкир, 3 ком., 110 кв.м., 4/5 этаж	3	350000	110	https://www.list.am/ru/item/20125932
Арабкир, 2 ком., 65 кв.м., 6/6 этаж	2	350000	65	https://www.list.am/ru/item/19747615
Арабкир, 2 ком., 50 кв.м., 6/7 этаж	2	300000	50	https://www.list.am/ru/item/20358599
Арабкир, 2 ком., 70 кв.м., 1/5 этаж	2	350000	70	https://www.list.am/ru/item/20299041
Арабкир, 2 ком., 70 кв.м., 1/5 этаж	2	350000	70	https://www.list.am/ru/item/19293533
Арабкир, 3 ком., 89 кв.м., 8/9 этаж	3	380000	89	https://www.list.am/ru/item/19359162
Арабкир, 3 ком., 85 кв.м., 3/5 этаж	3	368600	85	https://www.list.am/ru/item/20358450
Арабкир, 3 ком., 20 кв.м., 1/2 этаж	3	100000	20	https://www.list.am/ru/item/20323069
Арабкир, 3 ком., 85 кв.м., 9/9 этаж	3	600000	85	https://www.list.am/ru/item/20358412
Арабкир, 3 ком., 68 кв.м., 5/5 этаж	3	543200	68	https://www.list.am/ru/item/20236567
Арабкир, 4 ком., 78 кв.м., 3/5 этаж	4	320000	78	https://www.list.am/ru/item/20305686
Арабкир, 2 ком., 61 кв.м., 5/11 этаж	2	450000	61	https://www.list.am/ru/item/20198593
Арабкир, 3 ком., 70 кв.м., 1/9 этаж	3	420000	70	https://www.list.am/ru/item/20146083
Арабкир, 2 ком., 72 кв.м., 3/5 этаж	2	400000	72	https://www.list.am/ru/item/20358299
Арабкир, 3 ком., 70 кв.м., 9/10 этаж	3	280000	70	https://www.list.am/ru/item/19426367
Арабкир, 3 ком., 95 кв.м., 10/14 этаж	3	380000	95	https://www.list.am/ru/item/20225383
Арабкир, 3 ком., 80 кв.м., 6/9 этаж	3	400000	80	https://www.list.am/ru/item/20204729
Арабкир, 3 ком., 77 кв.м., 2/8 этаж	3	450000	77	https://www.list.am/ru/item/18871183
Арабкир, 1 ком., 37 кв.м., 5/5 этаж	1	300000	37	https://www.list.am/ru/item/20199459
Арабкир, 3 ком., 78 кв.м., 9/14 этаж	3	300000	78	https://www.list.am/ru/item/20358206
Арабкир, 3 ком., 80 кв.м., 1/6 этаж	3	650000	80	https://www.list.am/ru/item/20203779
Арабкир, 1 ком., 30 кв.м., 1/1 этаж	1	220000	30	https://www.list.am/ru/item/20327239
Арабкир, 5 ком., 166 кв.м., 9/16 этаж	5	659600	166	https://www.list.am/ru/item/20214568
Арабкир, 2 ком., 46 кв.м., 1/12 этаж	2	300000	46	https://www.list.am/ru/item/20358071
Арабкир, 2 ком., 44 кв.м., 1/2 этаж	2	230000	44	https://www.list.am/ru/item/20292184
Арабкир, 3 ком., 96 кв.м., 2/9 этаж	3	550000	96	https://www.list.am/ru/item/20238250
Арабкир, 3 ком., 85 кв.м., 4/5 этаж	3	450000	85	https://www.list.am/ru/item/20193748
Арабкир, 1 ком., 90 кв.м., 2/2 этаж	1	120000	90	https://www.list.am/ru/item/19612093
Арабкир, 3 ком., 85 кв.м., 2/9 этаж	3	300000	85	https://www.list.am/ru/item/20212603
Арабкир, 2 ком., 60 кв.м., 2/4 этаж	2	400000	60	https://www.list.am/ru/item/20177041
Арабкир, 2 ком., 40 кв.м., 2/2 этаж	2	300000	40	https://www.list.am/ru/item/20242471
Арабкир, 2 ком., 45 кв.м., 3/8 этаж	2	350000	45	https://www.list.am/ru/item/20266204
Арабкир, 2 ком., 55 кв.м., 10/14 этаж	2	250000	55	https://www.list.am/ru/item/20339859
Арабкир, 3 ком., 70 кв.м., 2/4 этаж	3	330000	70	https://www.list.am/ru/item/20226249
Арабкир, 3 ком., 65 кв.м., 6/6 этаж	3	330000	65	https://www.list.am/ru/item/19883492
Арабкир, 3 ком., 75 кв.м., 14/15 этаж	3	450000	75	https://www.list.am/ru/item/20270802
Арабкир, 4 ком., 80 кв.м., 3/5 этаж	4	400000	80	https://www.list.am/ru/item/20309274
Арабкир, 3 ком., 65 кв.м., 5/9 этаж	3	450000	65	https://www.list.am/ru/item/19799856
Арабкир, 2 ком., 40 кв.м., 4/4 этаж	2	350000	40	https://www.list.am/ru/item/20255900
Арабкир, 2 ком., 65 кв.м., 3/5 этаж	2	300000	65	https://www.list.am/ru/item/20357213
Арабкир, 3 ком., 75 кв.м., 3/4 этаж	3	543200	75	https://www.list.am/ru/item/20357195
Арабкир, 4 ком., 140 кв.м., 1/4 этаж	4	1164000	140	https://www.list.am/ru/item/17970906
Арабкир, 3 ком., 95 кв.м., 3/7 этаж	3	380000	95	https://www.list.am/ru/item/20339952
Арабкир, 3 ком., 95 кв.м., 5/5 этаж	3	490000	95	https://www.list.am/ru/item/19640037
Арабкир, 2 ком., 53 кв.м., 5/7 этаж	2	256080	53	https://www.list.am/ru/item/20299028
Арабкир, 1 ком., 46 кв.м., 2/3 этаж	1	170000	46	https://www.list.am/ru/item/20186269
Арабкир, 2 ком., 65 кв.м., 1/5 этаж	2	400000	65	https://www.list.am/ru/item/20210112
Арабкир, 4 ком., 170 кв.м., 1/3 этаж	4	659600	170	https://www.list.am/ru/item/20275144
Арабкир, 3 ком., 75 кв.м., 3/5 этаж	3	350000	75	https://www.list.am/ru/item/20305893
Арабкир, 4 ком., 90 кв.м., 4/5 этаж	4	659600	90	https://www.list.am/ru/item/20219417
Арабкир, 2 ком., 55 кв.м., 1/5 этаж	2	250000	55	https://www.list.am/ru/item/20320495
Арабкир, 3 ком., 96 кв.м., 5/7 этаж	3	360000	96	https://www.list.am/ru/item/20264504
Арабкир, 4 ком., 124 кв.м., 1/9 этаж	4	700000	124	https://www.list.am/ru/item/20356086
Арабкир, 3 ком., 68 кв.м., 4/5 этаж	3	360000	68	https://www.list.am/ru/item/19955337
Арабкир, 1 ком., 38 кв.м., 4/5 этаж	1	170000	38	https://www.list.am/ru/item/19867356
Арабкир, 3 ком., 70 кв.м., 3/14 этаж	3	582000	70	https://www.list.am/ru/item/19066184
Арабкир, 2 ком., 77 кв.м., 3/8 этаж	2	350000	77	https://www.list.am/ru/item/19507643
Арабкир, 3 ком., 98 кв.м., 4/8 этаж	3	650000	98	https://www.list.am/ru/item/19506589
Арабкир, 3 ком., 98 кв.м., 3/5 этаж	3	500000	98	https://www.list.am/ru/item/18374407
Арабкир, 3 ком., 110 кв.м., 9/16 этаж	3	500000	110	https://www.list.am/ru/item/20002365
Арабкир, 3 ком., 110 кв.м., 1/5 этаж	3	350000	110	https://www.list.am/ru/item/19773955
Арабкир, 2 ком., 75 кв.м., 7/8 этаж	2	500000	75	https://www.list.am/ru/item/19785631
Арабкир, 4 ком., 97 кв.м., 3/5 этаж	4	300000	97	https://www.list.am/ru/item/20290149
Арабкир, 2 ком., 82 кв.м., 7/12 этаж	2	400000	82	https://www.list.am/ru/item/20355677
Арабкир, 3 ком., 100 кв.м., 5/5 этаж	3	250000	100	https://www.list.am/ru/item/20338895
Арабкир, 3 ком., 90 кв.м., 4/13 этаж	3	698400	90	https://www.list.am/ru/item/20341120
Арабкир, 3 ком., 70 кв.м., 5/9 этаж	3	240000	70	https://www.list.am/ru/item/20237950
Арабкир, 4 ком., 86 кв.м., 6/14 этаж	4	543200	86	https://www.list.am/ru/item/20199575
Арабкир, 1 ком., 50 кв.м., 4/10 этаж	1	350000	50	https://www.list.am/ru/item/20157366
Арабкир, 2 ком., 39 кв.м., 3/5 этаж	2	330000	39	https://www.list.am/ru/item/19135148
Арабкир, 2 ком., 35 кв.м., 3/5 этаж	2	350000	35	https://www.list.am/ru/item/19719778
Арабкир, 2 ком., 32 кв.м., 3/4 этаж	2	300000	32	https://www.list.am/ru/item/19863715
Арабкир, 2 ком., 100 кв.м., 8/9 этаж	2	400000	100	https://www.list.am/ru/item/20340825
Арабкир, 4 ком., 95 кв.м., 2/4 этаж	4	450000	95	https://www.list.am/ru/item/20247924
Арабкир, 1 ком., 54 кв.м., 9/9 этаж	1	300000	54	https://www.list.am/ru/item/18830956
Арабкир, 2 ком., 48 кв.м., 7/8 этаж	2	350000	48	https://www.list.am/ru/item/20336287
Арабкир, 4 ком., 130 кв.м., 4/8 этаж	4	737200	130	https://www.list.am/ru/item/20063306
Арабкир, 1 ком., 40 кв.м., 1/1 этаж	1	130000	40	https://www.list.am/ru/item/20355113
Арабкир, 1 ком., 20 кв.м., 1/16 этаж	1	150000	20	https://www.list.am/ru/item/20149469
Арабкир, 3 ком., 80 кв.м., 9/14 этаж	3	450000	80	https://www.list.am/ru/item/20354969
Арабкир, 3 ком., 74 кв.м., 1/9 этаж	3	255000	74	https://www.list.am/ru/item/20321913
Арабкир, 4 ком., 95 кв.м., 2/9 этаж	4	380000	95	https://www.list.am/ru/item/20216629
Арабкир, 4 ком., 157 кв.м., 5/9 этаж	4	620800	157	https://www.list.am/ru/item/20202391
Арабкир, 2 ком., 100 кв.м., 17/17 этаж	2	485000	100	https://www.list.am/ru/item/19210187
Арабкир, 3 ком., 74 кв.м., 3/3 этаж	3	600000	74	https://www.list.am/ru/item/20340113
Арабкир, 3 ком., 87 кв.м., 6/9 этаж	3	320000	87	https://www.list.am/ru/item/19848862
Арабкир, 2 ком., 65 кв.м., 12/14 этаж	2	230000	65	https://www.list.am/ru/item/20186163
Арабкир, 2 ком., 65 кв.м., 5/9 этаж	2	220000	65	https://www.list.am/ru/item/19832074
Арабкир, 2 ком., 50 кв.м., 6/9 этаж	2	250000	50	https://www.list.am/ru/item/20335272
Арабкир, 2 ком., 34 кв.м., 5/5 этаж	2	220000	34	https://www.list.am/ru/item/19694238
Арабкир, 3 ком., 79 кв.м., 13/14 этаж	3	300000	79	https://www.list.am/ru/item/19974730
Арабкир, 3 ком., 90 кв.м., 2/9 этаж	3	650000	90	https://www.list.am/ru/item/20221514
Арабкир, 3 ком., 75 кв.м., 3/9 этаж	3	500000	75	https://www.list.am/ru/item/18585327
Арабкир, 2 ком., 52 кв.м., 4/5 этаж	2	280000	52	https://www.list.am/ru/item/20232864
Арабкир, 2 ком., 64 кв.м., 4/9 этаж	2	360000	64	https://www.list.am/ru/item/20209852
Арабкир, 2 ком., 30 кв.м., 4/4 этаж	2	200000	30	https://www.list.am/ru/item/20285416
Арабкир, 3 ком., 100 кв.м., 2/5 этаж	3	440000	100	https://www.list.am/ru/item/20095302
Арабкир, 2 ком., 65 кв.м., 7/12 этаж	2	372480	65	https://www.list.am/ru/item/19218604
Арабкир, 2 ком., 60 кв.м., 3/3 этаж	2	450000	60	https://www.list.am/ru/item/20278860
Арабкир, 3 ком., 120 кв.м., 7/13 этаж	3	620800	120	https://www.list.am/ru/item/20354478
Арабкир, 2 ком., 78 кв.м., 6/9 этаж	2	320000	78	https://www.list.am/ru/item/20354465
Арабкир, 2 ком., 65 кв.м., 5/5 этаж	2	225000	65	https://www.list.am/ru/item/20107136
Арабкир, 4 ком., 150 кв.м., 2/3 этаж	4	800000	150	https://www.list.am/ru/item/20354433
Арабкир, 2 ком., 40 кв.м., 6/9 этаж	2	250000	40	https://www.list.am/ru/item/19887863
Арабкир, 4 ком., 120 кв.м., 3/5 этаж	4	320000	120	https://www.list.am/ru/item/20354431
Арабкир, 1 ком., 45 кв.м., 2/9 этаж	1	260000	45	https://www.list.am/ru/item/20322337
Арабкир, 2 ком., 71 кв.м., 5/9 этаж	2	260000	71	https://www.list.am/ru/item/19993191
Арабкир, 2 ком., 50 кв.м., 1/5 этаж	2	400000	50	https://www.list.am/ru/item/20210142
Арабкир, 2 ком., 55 кв.м., 3/14 этаж	2	350000	55	https://www.list.am/ru/item/20329410
Арабкир, 2 ком., 58 кв.м., 5/14 этаж	2	400000	58	https://www.list.am/ru/item/20354352
Арабкир, 2 ком., 25 кв.м., 2/3 этаж	2	65000	25	https://www.list.am/ru/item/17120654
Арабкир, 2 ком., 70 кв.м., 2/4 этаж	2	300000	70	https://www.list.am/ru/item/20323578
Арабкир, 2 ком., 68 кв.м., 5/5 этаж	2	200000	68	https://www.list.am/ru/item/20354122
Арабкир, 2 ком., 45 кв.м., 1/7 этаж	2	230000	45	https://www.list.am/ru/item/20340009
Арабкир, 3 ком., 138 кв.м., 7/10 этаж	3	530000	138	https://www.list.am/ru/item/20232005
Арабкир, 2 ком., 45 кв.м., 1/7 этаж	2	230000	45	https://www.list.am/ru/item/20335421
Арабкир, 3 ком., 80 кв.м., 2/10 этаж	3	280000	80	https://www.list.am/ru/item/20243316
Арабкир, 2 ком., 40 кв.м., 1/5 этаж	2	280000	40	https://www.list.am/ru/item/20335186
Арабкир, 1 ком., 36 кв.м., 6/6 этаж	1	500000	36	https://www.list.am/ru/item/20154626
Арабкир, 2 ком., 100 кв.м., 8/16 этаж	2	400000	100	https://www.list.am/ru/item/20353923
Арабкир, 1 ком., 35 кв.м., 6/17 этаж	1	244440	35	https://www.list.am/ru/item/20353906
Арабкир, 2 ком., 42 кв.м., 4/5 этаж	2	290000	42	https://www.list.am/ru/item/20307487
Арабкир, 2 ком., 47 кв.м., 2/8 этаж	2	370000	47	https://www.list.am/ru/item/20332844
Арабкир, 2 ком., 45 кв.м., 2/2 этаж	2	270000	45	https://www.list.am/ru/item/19472604
Арабкир, 2 ком., 50 кв.м., 1/5 этаж	2	300000	50	https://www.list.am/ru/item/20353783
Арабкир, 4 ком., 80 кв.м., 3/5 этаж	4	480000	80	https://www.list.am/ru/item/17504961
Арабкир, 4 ком., 80 кв.м., 3/5 этаж	4	480000	80	https://www.list.am/ru/item/18565247
Арабкир, 2 ком., 55 кв.м., 11/13 этаж	2	300000	55	https://www.list.am/ru/item/20332858
Арабкир, 2 ком., 45 кв.м., 2/2 этаж	2	329800	45	https://www.list.am/ru/item/20335038
Арабкир, 3 ком., 50 кв.м., 2/5 этаж	3	450000	50	https://www.list.am/ru/item/20261218
Арабкир, 3 ком., 75 кв.м., 4/9 этаж	3	450000	75	https://www.list.am/ru/item/20353589
Арабкир, 2 ком., 67 кв.м., 5/9 этаж	2	310000	67	https://www.list.am/ru/item/20353563
Арабкир, 4 ком., 127 кв.м., 1/10 этаж	4	750000	127	https://www.list.am/ru/item/19826974
Арабкир, 2 ком., 60 кв.м., 3/5 этаж	2	350000	60	https://www.list.am/ru/item/20245250
Арабкир, 2 ком., 60 кв.м., 5/5 этаж	2	170000	60	https://www.list.am/ru/item/20353509
Арабкир, 2 ком., 100 кв.м., 4/5 этаж	2	582000	100	https://www.list.am/ru/item/20271022
Арабкир, 2 ком., 62 кв.м., 9/11 этаж	2	426800	62	https://www.list.am/ru/item/20091302
Арабкир, 2 ком., 50 кв.м., 7/10 этаж	2	300000	50	https://www.list.am/ru/item/18419727
Арабкир, 2 ком., 50 кв.м., 6/10 этаж	2	291000	50	https://www.list.am/ru/item/19929171
Арабкир, 1 ком., 40 кв.м., 3/5 этаж	1	220000	40	https://www.list.am/ru/item/19470719
Арабкир, 2 ком., 74 кв.м., 14/17 этаж	2	400000	74	https://www.list.am/ru/item/20270406
Арабкир, 1 ком., 35 кв.м., 3/4 этаж	1	250000	35	https://www.list.am/ru/item/20337683
Арабкир, 2 ком., 42 кв.м., 7/10 этаж	2	400000	42	https://www.list.am/ru/item/20158812
Арабкир, 2 ком., 68 кв.м., 8/16 этаж	2	250000	68	https://www.list.am/ru/item/20353258
Арабкир, 2 ком., 62 кв.м., 6/9 этаж	2	320000	62	https://www.list.am/ru/item/20195463
Арабкир, 3 ком., 76 кв.м., 3/5 этаж	3	450000	76	https://www.list.am/ru/item/20353252
Арабкир, 2 ком., 45 кв.м., 3/5 этаж	2	260000	45	https://www.list.am/ru/item/20308445
Арабкир, 2 ком., 97 кв.м., 4/4 этаж	2	349200	97	https://www.list.am/ru/item/19881475
Арабкир, 2 ком., 40 кв.м., 2/4 этаж	2	270000	40	https://www.list.am/ru/item/20201025
Арабкир, 2 ком., 45 кв.м., 2/4 этаж	2	300000	45	https://www.list.am/ru/item/20231896
Арабкир, 3 ком., 78 кв.м., 6/9 этаж	3	380000	78	https://www.list.am/ru/item/20255979
Арабкир, 3 ком., 127 кв.м., 14/17 этаж	3	550000	127	https://www.list.am/ru/item/20352923
Арабкир, 2 ком., 60 кв.м., 10/10 этаж	2	360000	60	https://www.list.am/ru/item/20010652
Арабкир, 3 ком., 100 кв.м., 17/17 этаж	3	776000	100	https://www.list.am/ru/item/20059486
Арабкир, 3 ком., 100 кв.м., 3/5 этаж	3	465600	100	https://www.list.am/ru/item/20257933
Арабкир, 4 ком., 90 кв.м., 3/5 этаж	4	450000	90	https://www.list.am/ru/item/20270429
Арабкир, 2 ком., 47 кв.м., 3/7 этаж	2	310400	47	https://www.list.am/ru/item/20040944
Арабкир, 3 ком., 95 кв.м., 5/5 этаж	3	300000	95	https://www.list.am/ru/item/20258967
Арабкир, 3 ком., 67 кв.м., 2/10 этаж	3	420000	67	https://www.list.am/ru/item/20052878
Арабкир, 1 ком., 25 кв.м., 3/9 этаж	1	250000	25	https://www.list.am/ru/item/20225349
Арабкир, 3 ком., 82 кв.м., 2/3 этаж	3	330000	82	https://www.list.am/ru/item/20323038
Арабкир, 3 ком., 90 кв.м., 14/14 этаж	3	450000	90	https://www.list.am/ru/item/20133244
Арабкир, 2 ком., 50 кв.м., 2/5 этаж	2	240000	50	https://www.list.am/ru/item/20230059
Арабкир, 3 ком., 65 кв.м., 9/9 этаж	3	230000	65	https://www.list.am/ru/item/20352404
Арабкир, 4 ком., 126 кв.м., 8/14 этаж	4	400000	126	https://www.list.am/ru/item/20141071
Арабкир, 2 ком., 51 кв.м., 7/18 этаж	2	388000	51	https://www.list.am/ru/item/19244126
Арабкир, 2 ком., 45 кв.м., 6/9 этаж	2	250000	45	https://www.list.am/ru/item/20314866
Арабкир, 2 ком., 43 кв.м., 5/5 этаж	2	320000	43	https://www.list.am/ru/item/20257526
Арабкир, 3 ком., 65 кв.м., 3/9 этаж	3	300000	65	https://www.list.am/ru/item/19998632
Арабкир, 3 ком., 79 кв.м., 1/9 этаж	3	280000	79	https://www.list.am/ru/item/20033674
Арабкир, 2 ком., 57 кв.м., 5/5 этаж	2	250000	57	https://www.list.am/ru/item/20301532
Арабкир, 2 ком., 65 кв.м., 6/8 этаж	2	350000	65	https://www.list.am/ru/item/20089967
Арабкир, 2 ком., 54 кв.м., 4/7 этаж	2	291000	54	https://www.list.am/ru/item/19522887
Арабкир, 4 ком., 139 кв.м., 3/13 этаж	4	700000	139	https://www.list.am/ru/item/20285839
Арабкир, 2 ком., 55 кв.м., 2/5 этаж	2	280000	55	https://www.list.am/ru/item/20009076
Арабкир, 1 ком., 33 кв.м., 2/5 этаж	1	270000	33	https://www.list.am/ru/item/19940165
Арабкир, 2 ком., 77 кв.м., 6/20 этаж	2	350000	77	https://www.list.am/ru/item/20007442
Арабкир, 2 ком., 40 кв.м., 1/5 этаж	2	250000	40	https://www.list.am/ru/item/20303460
Арабкир, 4 ком., 92 кв.м., 1/5 этаж	4	500000	92	https://www.list.am/ru/item/19635676
Арабкир, 4 ком., 150 кв.м., 13/15 этаж	4	853600	150	https://www.list.am/ru/item/20277878
Арабкир, 3 ком., 72 кв.м., 8/9 этаж	3	388000	72	https://www.list.am/ru/item/20218749
Арабкир, 4 ком., 130 кв.м., 2/5 этаж	4	430000	130	https://www.list.am/ru/item/17118825
Арабкир, 5 ком., 160 кв.м., 1/3 этаж	5	1498000	160	https://www.list.am/ru/item/20024557
Арабкир, 3 ком., 70 кв.м., 2/5 этаж	3	388000	70	https://www.list.am/ru/item/19709910
Арабкир, 2 ком., 70 кв.м., 2/5 этаж	2	350000	70	https://www.list.am/ru/item/19911598
Арабкир, 2 ком., 40 кв.м., 1/2 этаж	2	170000	40	https://www.list.am/ru/item/20315878
Арабкир, 2 ком., 60 кв.м., 11/14 этаж	2	388000	60	https://www.list.am/ru/item/20284868
Арабкир, 1 ком., 35 кв.м., 1/1 этаж	1	250000	35	https://www.list.am/ru/item/20238315
Арабкир, 1 ком., 38 кв.м., 2/5 этаж	1	350000	38	https://www.list.am/ru/item/20076861
Арабкир, 1 ком., 32 кв.м., 4/5 этаж	1	250000	32	https://www.list.am/ru/item/20214903
Арабкир, 3 ком., 100 кв.м., 9/10 этаж	3	582000	100	https://www.list.am/ru/item/19315869
Арабкир, 3 ком., 81 кв.м., 4/5 этаж	3	380000	81	https://www.list.am/ru/item/20219534
Арабкир, 2 ком., 45 кв.м., 2/10 этаж	2	330000	45	https://www.list.am/ru/item/20010467
Арабкир, 2 ком., 65 кв.м., 3/5 этаж	2	425000	65	https://www.list.am/ru/item/19559150
Арабкир, 2 ком., 46 кв.м., 1/15 этаж	2	400000	46	https://www.list.am/ru/item/19346042
Арабкир, 3 ком., 135 кв.м., 15/19 этаж	3	853600	135	https://www.list.am/ru/item/20345242
Арабкир, 2 ком., 40 кв.м., 2/4 этаж	2	260000	40	https://www.list.am/ru/item/20271483
Арабкир, 2 ком., 56 кв.м., 4/4 этаж	2	426800	56	https://www.list.am/ru/item/20360904
Арабкир, 4 ком., 95 кв.м., 1/8 этаж	4	700000	95	https://www.list.am/ru/item/20256827
Арабкир, 3 ком., 70 кв.м., 2/19 этаж	3	390000	70	https://www.list.am/ru/item/20072546
Арабкир, 4 ком., 184 кв.м., 2/4 этаж	4	776000	184	https://www.list.am/ru/item/20360840
Арабкир, 3 ком., 82 кв.м., 3/4 этаж	3	310000	82	https://www.list.am/ru/item/20345605
Арабкир, 3 ком., 90 кв.м., 4/8 этаж	3	460000	90	https://www.list.am/ru/item/19847102
Арабкир, 1 ком., 40 кв.м., 2/5 этаж	1	280000	40	https://www.list.am/ru/item/20219923
Арабкир, 3 ком., 80 кв.м., 2/5 этаж	3	368600	80	https://www.list.am/ru/item/20284274
Арабкир, 4 ком., 159 кв.м., 2/19 этаж	4	1125200	159	https://www.list.am/ru/item/20360756
Арабкир, 3 ком., 60 кв.м., 9/9 этаж	3	400000	60	https://www.list.am/ru/item/20345739
Арабкир, 3 ком., 70 кв.м., 3/4 этаж	3	390000	70	https://www.list.am/ru/item/20294667
Арабкир, 3 ком., 85 кв.м., 9/10 этаж	3	800000	85	https://www.list.am/ru/item/20339879
Арабкир, 2 ком., 50 кв.м., 1/9 этаж	2	280000	50	https://www.list.am/ru/item/20223064
Арабкир, 2 ком., 60 кв.м., 1/5 этаж	2	280000	60	https://www.list.am/ru/item/19564827
Арабкир, 2 ком., 55 кв.м., 1/5 этаж	2	280000	55	https://www.list.am/ru/item/19959784
Арабкир, 4 ком., 104 кв.м., 9/14 этаж	4	400000	104	https://www.list.am/ru/item/20265967
Арабкир, 3 ком., 104 кв.м., 7/9 этаж	3	450000	104	https://www.list.am/ru/item/20309204
Арабкир, 2 ком., 65 кв.м., 12/16 этаж	2	504400	65	https://www.list.am/ru/item/20088327
Арабкир, 2 ком., 59 кв.м., 1/5 этаж	2	320000	59	https://www.list.am/ru/item/20318015
Арабкир, 2 ком., 64 кв.м., 2/3 этаж	2	260000	64	https://www.list.am/ru/item/20360593
Арабкир, 1 ком., 300 кв.м., 4/4 этаж	1	200000	300	https://www.list.am/ru/item/20360547
Арабкир, 1 ком., 45 кв.м., 7/9 этаж	1	280000	45	https://www.list.am/ru/item/20164287
Арабкир, 2 ком., 60 кв.м., 10/12 этаж	2	400000	60	https://www.list.am/ru/item/20360477
Арабкир, 2 ком., 60 кв.м., 11/14 этаж	2	400000	60	https://www.list.am/ru/item/20204685
Арабкир, 4 ком., 150 кв.м., 3/4 этаж	4	590000	150	https://www.list.am/ru/item/20324812
Арабкир, 3 ком., 75 кв.м., 1/3 этаж	3	269660	75	https://www.list.am/ru/item/20081479
Арабкир, 3 ком., 80 кв.м., 14/14 этаж	3	350000	80	https://www.list.am/ru/item/20330364
Арабкир, 3 ком., 70 кв.м., 3/5 этаж	3	300000	70	https://www.list.am/ru/item/20204527
Арабкир, 2 ком., 56 кв.м., 8/10 этаж	2	270000	56	https://www.list.am/ru/item/20135197
Арабкир, 2 ком., 40 кв.м., 5/5 этаж	2	271600	40	https://www.list.am/ru/item/20341307
Арабкир, 3 ком., 60 кв.м., 3/5 этаж	3	300000	60	https://www.list.am/ru/item/20009799
Арабкир, 3 ком., 119 кв.м., 6/18 этаж	3	1164000	119	https://www.list.am/ru/item/20192522
Арабкир, 2 ком., 65 кв.м., 3/11 этаж	2	420000	65	https://www.list.am/ru/item/20019597
Арабкир, 2 ком., 60 кв.м., 10/10 этаж	2	291000	60	https://www.list.am/ru/item/20266524
Арабкир, 2 ком., 42 кв.м., 3/10 этаж	2	300000	42	https://www.list.am/ru/item/20030150
Арабкир, 3 ком., 90 кв.м., 5/9 этаж	3	330000	90	https://www.list.am/ru/item/20227067
Арабкир, 3 ком., 95 кв.м., 5/7 этаж	3	280000	95	https://www.list.am/ru/item/20242219
Арабкир, 2 ком., 79 кв.м., 5/6 этаж	2	250000	79	https://www.list.am/ru/item/20325022
Арабкир, 3 ком., 98 кв.м., 5/5 этаж	3	450000	98	https://www.list.am/ru/item/19346349
Арабкир, 2 ком., 65 кв.м., 7/9 этаж	2	232800	65	https://www.list.am/ru/item/20298862
Арабкир, 1 ком., 53 кв.м., 5/7 этаж	1	220000	53	https://www.list.am/ru/item/20301527
Арабкир, 2 ком., 71 кв.м., 7/9 этаж	2	400000	71	https://www.list.am/ru/item/20285567
Арабкир, 3 ком., 70 кв.м., 1/5 этаж	3	150000	70	https://www.list.am/ru/item/20048632
Арабкир, 3 ком., 75 кв.м., 4/4 этаж	3	400000	75	https://www.list.am/ru/item/19091694
Арабкир, 2 ком., 35 кв.м., 4/4 этаж	2	388000	35	https://www.list.am/ru/item/19844716
Арабкир, 3 ком., 83 кв.м., 2/4 этаж	3	250000	83	https://www.list.am/ru/item/20308360
Арабкир, 3 ком., 60 кв.м., 4/5 этаж	3	380000	60	https://www.list.am/ru/item/20278630
Арабкир, 3 ком., 72 кв.м., 8/9 этаж	3	300000	72	https://www.list.am/ru/item/20190979
Арабкир, 3 ком., 92 кв.м., 5/16 этаж	3	350000	92	https://www.list.am/ru/item/20291472
Арабкир, 2 ком., 52 кв.м., 4/16 этаж	2	400000	52	https://www.list.am/ru/item/20248644
Арабкир, 3 ком., 83 кв.м., 9/10 этаж	3	388000	83	https://www.list.am/ru/item/20360020
Арабкир, 2 ком., 68 кв.м., 7/9 этаж	2	280000	68	https://www.list.am/ru/item/20344163
Арабкир, 2 ком., 70 кв.м., 5/5 этаж	2	350000	70	https://www.list.am/ru/item/20345179
Арабкир, 2 ком., 60 кв.м., 4/5 этаж	2	260000	60	https://www.list.am/ru/item/20129515
Арабкир, 2 ком., 45 кв.м., 6/8 этаж	2	280000	45	https://www.list.am/ru/item/20359909
Арабкир, 4 ком., 130 кв.м., 3/4 этаж	4	582000	130	https://www.list.am/ru/item/20344122
Арабкир, 4 ком., 150 кв.м., 3/4 этаж	4	465600	150	https://www.list.am/ru/item/20170153
Арабкир, 2 ком., 70 кв.м., 2/5 этаж	2	250000	70	https://www.list.am/ru/item/20359832
Арабкир, 1 ком., 40 кв.м., 5/5 этаж	1	250000	40	https://www.list.am/ru/item/20238358
Арабкир, 3 ком., 85 кв.м., 6/8 этаж	3	450000	85	https://www.list.am/ru/item/20256117
Арабкир, 2 ком., 70 кв.м., 9/12 этаж	2	280000	70	https://www.list.am/ru/item/19324681
Арабкир, 4 ком., 90 кв.м., 4/6 этаж	4	700000	90	https://www.list.am/ru/item/20340811
Арабкир, 2 ком., 45 кв.м., 7/8 этаж	2	349200	45	https://www.list.am/ru/item/20163377
Арабкир, 1 ком., 20 кв.м., 3/5 этаж	1	170000	20	https://www.list.am/ru/item/20260360
Арабкир, 1 ком., 45 кв.м., 2/5 этаж	1	250000	45	https://www.list.am/ru/item/17815174
Арабкир, 2 ком., 62 кв.м., 3/17 этаж	2	800000	62	https://www.list.am/ru/item/19821011
Арабкир, 3 ком., 87 кв.м., 3/3 этаж	3	350000	87	https://www.list.am/ru/item/20242171
Арабкир, 2 ком., 50 кв.м., 2/2 этаж	2	360000	50	https://www.list.am/ru/item/19783942
Арабкир, 3 ком., 70 кв.м., 3/4 этаж	3	450000	70	https://www.list.am/ru/item/20104138
Арабкир, 1 ком., 27 кв.м., 3/4 этаж	1	280000	27	https://www.list.am/ru/item/20100935
Арабкир, 3 ком., 100 кв.м., 2/5 этаж	3	550000	100	https://www.list.am/ru/item/19644832
Арабкир, 2 ком., 64 кв.м., 3/4 этаж	2	375000	64	https://www.list.am/ru/item/20285339
Арабкир, 2 ком., 70 кв.м., 8/17 этаж	2	550000	70	https://www.list.am/ru/item/20320500
Арабкир, 3 ком., 75 кв.м., 1/5 этаж	3	380000	75	https://www.list.am/ru/item/20186906
Арабкир, 3 ком., 105 кв.м., 13/16 этаж	3	440000	105	https://www.list.am/ru/item/20325872
Арабкир, 4 ком., 95 кв.м., 2/11 этаж	4	480000	95	https://www.list.am/ru/item/20310448
Арабкир, 3 ком., 74 кв.м., 4/5 этаж	3	520000	74	https://www.list.am/ru/item/20305010
Арабкир, 2 ком., 44 кв.м., 1/5 этаж	2	380000	44	https://www.list.am/ru/item/19616537
Арабкир, 3 ком., 86 кв.м., 12/16 этаж	3	390000	86	https://www.list.am/ru/item/20344428
Арабкир, 3 ком., 96 кв.м., 7/12 этаж	3	500000	96	https://www.list.am/ru/item/20183895
Арабкир, 3 ком., 94 кв.м., 4/9 этаж	3	320000	94	https://www.list.am/ru/item/20320240
Арабкир, 3 ком., 70 кв.м., 6/7 этаж	3	250000	70	https://www.list.am/ru/item/20270854
Арабкир, 2 ком., 45 кв.м., 5/5 этаж	2	270000	45	https://www.list.am/ru/item/20308460
Арабкир, 3 ком., 83 кв.м., 2/5 этаж	3	250000	83	https://www.list.am/ru/item/20315582
Арабкир, 2 ком., 78 кв.м., 6/6 этаж	2	500000	78	https://www.list.am/ru/item/17666103
Арабкир, 3 ком., 70 кв.м., 1/2 этаж	3	280000	70	https://www.list.am/ru/item/20323627
Арабкир, 2 ком., 70 кв.м., 2/2 этаж	2	250000	70	https://www.list.am/ru/item/20323626
Арабкир, 2 ком., 60 кв.м., 2/2 этаж	2	255000	60	https://www.list.am/ru/item/20358653
Арабкир, 2 ком., 70 кв.м., 8/15 этаж	2	388000	70	https://www.list.am/ru/item/20322838
Арабкир, 3 ком., 101 кв.м., 7/16 этаж	3	931200	101	https://www.list.am/ru/item/18463569
Арабкир, 2 ком., 55 кв.м., 2/5 этаж	2	300000	55	https://www.list.am/ru/item/19990577
Арабкир, 2 ком., 56 кв.м., 1/9 этаж	2	250000	56	https://www.list.am/ru/item/20041318
Арабкир, 2 ком., 70 кв.м., 2/5 этаж	2	350000	70	https://www.list.am/ru/item/20216352
Арабкир, 4 ком., 129 кв.м., 3/12 этаж	4	776000	129	https://www.list.am/ru/item/20216302
Арабкир, 3 ком., 90 кв.м., 9/10 этаж	3	450000	90	https://www.list.am/ru/item/18566300
Арабкир, 5 ком., 100 кв.м., 1/5 этаж	5	400000	100	https://www.list.am/ru/item/20164560
Арабкир, 3 ком., 70 кв.м., 2/3 этаж	3	350000	70	https://www.list.am/ru/item/20213776
Арабкир, 4 ком., 95 кв.м., 3/5 этаж	4	450000	95	https://www.list.am/ru/item/20210540
Арабкир, 2 ком., 54 кв.м., 3/4 этаж	2	426800	54	https://www.list.am/ru/item/19727783
Арабкир, 3 ком., 69 кв.м., 4/9 этаж	3	330000	69	https://www.list.am/ru/item/20207880
Арабкир, 2 ком., 90 кв.м., 2/6 этаж	2	426800	90	https://www.list.am/ru/item/20141768
Арабкир, 3 ком., 78 кв.м., 4/5 этаж	3	550000	78	https://www.list.am/ru/item/19304716
Арабкир, 2 ком., 48 кв.м., 4/5 этаж	2	400000	48	https://www.list.am/ru/item/19752084
Арабкир, 2 ком., 67 кв.м., 2/9 этаж	2	250000	67	https://www.list.am/ru/item/18790490
Арабкир, 3 ком., 76 кв.м., 5/5 этаж	3	350000	76	https://www.list.am/ru/item/20201390
Арабкир, 3 ком., 100 кв.м., 3/7 этаж	3	500000	100	https://www.list.am/ru/item/20035586
Арабкир, 2 ком., 57 кв.м., 4/4 этаж	2	450000	57	https://www.list.am/ru/item/19743170
Арабкир, 2 ком., 45 кв.м., 6/7 этаж	2	320000	45	https://www.list.am/ru/item/18816511
Арабкир, 2 ком., 48 кв.м., 5/15 этаж	2	465600	48	https://www.list.am/ru/item/19544580
Арабкир, 2 ком., 38 кв.м., 1/5 этаж	2	330000	38	https://www.list.am/ru/item/19723368
Арабкир, 3 ком., 84 кв.м., 3/5 этаж	3	460000	84	https://www.list.am/ru/item/19918898
Арабкир, 3 ком., 75 кв.м., 2/5 этаж	3	349200	75	https://www.list.am/ru/item/20119894
Арабкир, 3 ком., 64 кв.м., 5/5 этаж	3	350000	64	https://www.list.am/ru/item/19829712
Арабкир, 2 ком., 50 кв.м., 2/8 этаж	2	450000	50	https://www.list.am/ru/item/19325186
Арабкир, 3 ком., 70 кв.м., 1/5 этаж	3	500000	70	https://www.list.am/ru/item/19747479
Арабкир, 2 ком., 49 кв.м., 2/5 этаж	2	450000	49	https://www.list.am/ru/item/20177434
Арабкир, 3 ком., 60 кв.м., 10/11 этаж	3	520000	60	https://www.list.am/ru/item/19207045
Арабкир, 2 ком., 45 кв.м., 6/7 этаж	2	320000	45	https://www.list.am/ru/item/20020441
Арабкир, 3 ком., 80 кв.м., 16/18 этаж	3	543200	80	https://www.list.am/ru/item/19694505
Арабкир, 3 ком., 96 кв.м., 4/5 этаж	3	280000	96	https://www.list.am/ru/item/18883390
Арабкир, 2 ком., 60 кв.м., 2/4 этаж	2	250000	60	https://www.list.am/ru/item/20163169
Арабкир, 3 ком., 85 кв.м., 1/6 этаж	3	426800	85	https://www.list.am/ru/item/19844637
Арабкир, 4 ком., 110 кв.м., 4/14 этаж	4	600000	110	https://www.list.am/ru/item/20085138
Арабкир, 2 ком., 45 кв.м., 8/9 этаж	2	140000	45	https://www.list.am/ru/item/20143078
Арабкир, 2 ком., 70 кв.м., 2/14 этаж	2	465600	70	https://www.list.am/ru/item/19949462
Арабкир, 2 ком., 30 кв.м., 4/4 этаж	2	110000	30	https://www.list.am/ru/item/19998647
Арабкир, 3 ком., 82 кв.м., 4/9 этаж	3	380000	82	https://www.list.am/ru/item/20105039
Арабкир, 3 ком., 80 кв.м., 5/7 этаж	3	582000	80	https://www.list.am/ru/item/20155313
Арабкир, 3 ком., 102 кв.м., 5/5 этаж	3	500000	102	https://www.list.am/ru/item/19113194
Арабкир, 2 ком., 54 кв.м., 1/4 этаж	2	280000	54	https://www.list.am/ru/item/20076981
Арабкир, 3 ком., 60 кв.м., 4/16 этаж	3	582000	60	https://www.list.am/ru/item/20145975
Арабкир, 2 ком., 47 кв.м., 3/8 этаж	2	340000	47	https://www.list.am/ru/item/19969388
Арабкир, 2 ком., 48 кв.м., 2/5 этаж	2	250000	48	https://www.list.am/ru/item/19558708
Арабкир, 2 ком., 72 кв.м., 12/17 этаж	2	776000	72	https://www.list.am/ru/item/20134187
Арабкир, 1 ком., 50 кв.м., 5/14 этаж	1	350000	50	https://www.list.am/ru/item/20130834
Арабкир, 3 ком., 87 кв.м., 2/5 этаж	3	350000	87	https://www.list.am/ru/item/20126335
Арабкир, 1 ком., 40 кв.м., 3/3 этаж	1	300000	40	https://www.list.am/ru/item/20124039
Арабкир, 2 ком., 66 кв.м., 2/8 этаж	2	380000	66	https://www.list.am/ru/item/20121921
Арабкир, 3 ком., 76 кв.м., 2/4 этаж	3	543200	76	https://www.list.am/ru/item/19557919
Арабкир, 2 ком., 52 кв.м., 4/5 этаж	2	300000	52	https://www.list.am/ru/item/20097122
Арабкир, 3 ком., 68 кв.м., 3/4 этаж	3	365000	68	https://www.list.am/ru/item/20119507
Арабкир, 3 ком., 89 кв.м., 2/16 этаж	3	380000	89	https://www.list.am/ru/item/19899681
Арабкир, 3 ком., 90 кв.м., 2/16 этаж	3	380000	90	https://www.list.am/ru/item/19757237
Арабкир, 3 ком., 85 кв.м., 1/5 этаж	3	420000	85	https://www.list.am/ru/item/19200262
Арабкир, 3 ком., 71 кв.м., 4/5 этаж	3	388000	71	https://www.list.am/ru/item/18997733
Арабкир, 3 ком., 61 кв.м., 5/5 этаж	3	350000	61	https://www.list.am/ru/item/19688742
Арабкир, 2 ком., 48 кв.м., 6/9 этаж	2	388000	48	https://www.list.am/ru/item/19082244
Арабкир, 2 ком., 45 кв.м., 4/14 этаж	2	370000	45	https://www.list.am/ru/item/20088403
Арабкир, 3 ком., 73 кв.м., 5/6 этаж	3	550000	73	https://www.list.am/ru/item/19759914
Арабкир, 2 ком., 58 кв.м., 5/5 этаж	2	270000	58	https://www.list.am/ru/item/19908204
Арабкир, 3 ком., 75 кв.м., 2/5 этаж	3	388000	75	https://www.list.am/ru/item/20037502
Арабкир, 3 ком., 78 кв.м., 2/5 этаж	3	350000	78	https://www.list.am/ru/item/19978974
Арабкир, 2 ком., 51 кв.м., 4/9 этаж	2	330000	51	https://www.list.am/ru/item/20052239
Арабкир, 3 ком., 56 кв.м., 1/5 этаж	3	465600	56	https://www.list.am/ru/item/19812074
Арабкир, 3 ком., 75 кв.м., 5/5 этаж	3	350000	75	https://www.list.am/ru/item/19448862
Арабкир, 2 ком., 72 кв.м., 4/5 этаж	2	388000	72	https://www.list.am/ru/item/20285847
Арабкир, 2 ком., 45 кв.м., 7/9 этаж	2	350000	45	https://www.list.am/ru/item/20312080
Арабкир, 4 ком., 110 кв.м., 7/14 этаж	4	550000	110	https://www.list.am/ru/item/19783071
Арабкир, 2 ком., 60 кв.м., 1/4 этаж	2	320000	60	https://www.list.am/ru/item/20256439
Арабкир, 3 ком., 80 кв.м., 2/5 этаж	3	280000	80	https://www.list.am/ru/item/20335145
Арабкир, 2 ком., 58 кв.м., 5/13 этаж	2	350000	58	https://www.list.am/ru/item/20318392
Арабкир, 3 ком., 80 кв.м., 6/9 этаж	3	350000	80	https://www.list.am/ru/item/20027463
Арабкир, 2 ком., 45 кв.м., 2/8 этаж	2	350000	45	https://www.list.am/ru/item/19960420
Арабкир, 2 ком., 56 кв.м., 10/14 этаж	2	400000	56	https://www.list.am/ru/item/20238211
Арабкир, 3 ком., 75 кв.м., 5/5 этаж	3	446200	75	https://www.list.am/ru/item/19965457
Арабкир, 2 ком., 45 кв.м., 2/8 этаж	2	310000	45	https://www.list.am/ru/item/19373015
Арабкир, 2 ком., 40 кв.м., 4/4 этаж	2	349200	40	https://www.list.am/ru/item/18686860
Арабкир, 2 ком., 61 кв.м., 6/10 этаж	2	250000	61	https://www.list.am/ru/item/20348369
Арабкир, 2 ком., 40 кв.м., 4/9 этаж	2	280000	40	https://www.list.am/ru/item/18926212
Арабкир, 3 ком., 92 кв.м., 3/4 этаж	3	360000	92	https://www.list.am/ru/item/20298632
Арабкир, 2 ком., 68 кв.м., 4/4 этаж	2	426800	68	https://www.list.am/ru/item/18911105
Арабкир, 3 ком., 64 кв.м., 5/16 этаж	3	504400	64	https://www.list.am/ru/item/20330378
Арабкир, 2 ком., 67 кв.м., 4/5 этаж	2	300000	67	https://www.list.am/ru/item/20332941
Арабкир, 2 ком., 46 кв.м., 7/8 этаж	2	350000	46	https://www.list.am/ru/item/20309030
Арабкир, 3 ком., 74 кв.м., 12/16 этаж	3	420000	74	https://www.list.am/ru/item/20349402
Арабкир, 2 ком., 51 кв.м., 17/19 этаж	2	388000	51	https://www.list.am/ru/item/20073613
Арабкир, 3 ком., 70 кв.м., 11/18 этаж	3	582000	70	https://www.list.am/ru/item/19047589
Арабкир, 1 ком., 50 кв.м., 2/5 этаж	1	350000	50	https://www.list.am/ru/item/19042446
Арабкир, 2 ком., 62 кв.м., 4/5 этаж	2	280000	62	https://www.list.am/ru/item/20247729
Арабкир, 2 ком., 56 кв.м., 7/9 этаж	2	300000	56	https://www.list.am/ru/item/20184565
Арабкир, 3 ком., 52 кв.м., 4/4 этаж	3	270000	52	https://www.list.am/ru/item/20332087
Арабкир, 1 ком., 43 кв.м., 7/9 этаж	1	300000	43	https://www.list.am/ru/item/18541670
Арабкир, 3 ком., 97 кв.м., 4/7 этаж	3	450000	97	https://www.list.am/ru/item/19883345
Арабкир, 2 ком., 40 кв.м., 3/4 этаж	2	260000	40	https://www.list.am/ru/item/20294748
Арабкир, 2 ком., 31 кв.м., 2/5 этаж	2	250000	31	https://www.list.am/ru/item/20229540
Арабкир, 5 ком., 165 кв.м., 4/4 этаж	5	100000	165	https://www.list.am/ru/item/17491120
Арабкир, 2 ком., 45 кв.м., 2/5 этаж	2	350000	45	https://www.list.am/ru/item/20315891
Арабкир, 3 ком., 54 кв.м., 3/5 этаж	3	300000	54	https://www.list.am/ru/item/20023395
Арабкир, 2 ком., 55 кв.м., 8/17 этаж	2	440000	55	https://www.list.am/ru/item/20280177
Арабкир, 3 ком., 75 кв.м., 1/4 этаж	3	350000	75	https://www.list.am/ru/item/20203120
Арабкир, 2 ком., 46 кв.м., 5/8 этаж	2	310000	46	https://www.list.am/ru/item/19584587
Арабкир, 3 ком., 107 кв.м., 4/10 этаж	3	426800	107	https://www.list.am/ru/item/20027340
Арабкир, 2 ком., 59 кв.м., 1/5 этаж	2	320000	59	https://www.list.am/ru/item/20346131
Арабкир, 2 ком., 45 кв.м., 1/12 этаж	2	339000	45	https://www.list.am/ru/item/19268624
Арабкир, 2 ком., 72 кв.м., 3/6 этаж	2	232800	72	https://www.list.am/ru/item/19504278
Арабкир, 2 ком., 80 кв.м., 5/9 этаж	2	250000	80	https://www.list.am/ru/item/20347347
Арабкир, 3 ком., 80 кв.м., 9/14 этаж	3	426800	80	https://www.list.am/ru/item/20266421
Арабкир, 3 ком., 124 кв.м., 1/5 этаж	3	350000	124	https://www.list.am/ru/item/19869303
Арабкир, 3 ком., 95 кв.м., 13/13 этаж	3	465600	95	https://www.list.am/ru/item/20179675
Арабкир, 2 ком., 120 кв.м., 9/13 этаж	2	500000	120	https://www.list.am/ru/item/20102321
Арабкир, 2 ком., 40 кв.м., 4/4 этаж	2	300000	40	https://www.list.am/ru/item/20079670
Арабкир, 2 ком., 50 кв.м., 7/17 этаж	2	349200	50	https://www.list.am/ru/item/19244798
Арабкир, 2 ком., 30 кв.м., 2/5 этаж	2	240000	30	https://www.list.am/ru/item/20280534
Арабкир, 2 ком., 70 кв.м., 3/4 этаж	2	280000	70	https://www.list.am/ru/item/19369372
Арабкир, 8 ком., 307 кв.м., 3/3 этаж	8	700000	307	https://www.list.am/ru/item/19898949
Арабкир, 3 ком., 88 кв.м., 3/8 этаж	3	457840	88	https://www.list.am/ru/item/19801124
Арабкир, 2 ком., 55 кв.м., 4/5 этаж	2	450000	55	https://www.list.am/ru/item/19777638
Арабкир, 2 ком., 47 кв.м., 2/5 этаж	2	270000	47	https://www.list.am/ru/item/19909484
Арабкир, 3 ком., 72 кв.м., 9/10 этаж	3	280000	72	https://www.list.am/ru/item/20343074
Арабкир, 2 ком., 56 кв.м., 2/5 этаж	2	300000	56	https://www.list.am/ru/item/20302226
Арабкир, 3 ком., 90 кв.м., 4/5 этаж	3	280000	90	https://www.list.am/ru/item/20185989
Арабкир, 1 ком., 31 кв.м., 4/5 этаж	1	230000	31	https://www.list.am/ru/item/20327109
Арабкир, 3 ком., 97 кв.м., 7/11 этаж	3	480000	97	https://www.list.am/ru/item/20173339
Арабкир, 4 ком., 80 кв.м., 2/3 этаж	4	320000	80	https://www.list.am/ru/item/20242060
Арабкир, 2 ком., 52 кв.м., 6/15 этаж	2	388000	52	https://www.list.am/ru/item/20019663
Арабкир, 4 ком., 78 кв.м., 3/5 этаж	4	300000	78	https://www.list.am/ru/item/19637921
Арабкир, 2 ком., 60 кв.м., 4/10 этаж	2	520000	60	https://www.list.am/ru/item/20194019
Арабкир, 2 ком., 55 кв.м., 10/14 этаж	2	250000	55	https://www.list.am/ru/item/18121382
Арабкир, 2 ком., 45 кв.м., 2/5 этаж	2	300000	45	https://www.list.am/ru/item/19987189
Арабкир, 2 ком., 77 кв.м., 4/10 этаж	2	400000	77	https://www.list.am/ru/item/20326122
Арабкир, 2 ком., 70 кв.м., 3/5 этаж	2	426800	70	https://www.list.am/ru/item/19636923
Арабкир, 1 ком., 45 кв.м., 5/9 этаж	1	250000	45	https://www.list.am/ru/item/20298692
Арабкир, 2 ком., 60 кв.м., 11/14 этаж	2	388000	60	https://www.list.am/ru/item/20285442
Арабкир, 2 ком., 65 кв.м., 3/5 этаж	2	349200	65	https://www.list.am/ru/item/20340084
Арабкир, 3 ком., 91 кв.м., 3/8 этаж	3	520000	91	https://www.list.am/ru/item/20196922
Арабкир, 3 ком., 95 кв.м., 4/10 этаж	3	420000	95	https://www.list.am/ru/item/19629649
Арабкир, 2 ком., 45 кв.м., 2/5 этаж	2	350000	45	https://www.list.am/ru/item/20236615
Арабкир, 3 ком., 80 кв.м., 1/12 этаж	3	340000	80	https://www.list.am/ru/item/20256102
Арабкир, 1 ком., 31 кв.м., 3/5 этаж	1	300000	31	https://www.list.am/ru/item/20242657
Арабкир, 2 ком., 56 кв.м., 5/14 этаж	2	350000	56	https://www.list.am/ru/item/20243769
Арабкир, 1 ком., 35 кв.м., 6/17 этаж	1	250000	35	https://www.list.am/ru/item/20361839
Арабкир, 2 ком., 65 кв.м., 7/16 этаж	2	300000	65	https://www.list.am/ru/item/20227958
Арабкир, 3 ком., 107 кв.м., 5/7 этаж	3	550000	107	https://www.list.am/ru/item/20219020
Арабкир, 2 ком., 38 кв.м., 4/4 этаж	2	388000	38	https://www.list.am/ru/item/20084601
Арабкир, 3 ком., 100 кв.м., 17/18 этаж	3	480000	100	https://www.list.am/ru/item/19598727
Арабкир, 4 ком., 90 кв.м., 9/9 этаж	4	380000	90	https://www.list.am/ru/item/20361579
Арабкир, 2 ком., 49 кв.м., 4/6 этаж	2	380000	49	https://www.list.am/ru/item/20361550
Арабкир, 4 ком., 124 кв.м., 1/9 этаж	4	700000	124	https://www.list.am/ru/item/20361483
Арабкир, 4 ком., 118 кв.м., 6/6 этаж	4	650000	118	https://www.list.am/ru/item/19612904
Арабкир, 2 ком., 40 кв.м., 2/5 этаж	2	450000	40	https://www.list.am/ru/item/20268285
Арабкир, 2 ком., 60 кв.м., 4/5 этаж	2	320000	60	https://www.list.am/ru/item/20275055
Арабкир, 1 ком., 35 кв.м., 3/5 этаж	1	250000	35	https://www.list.am/ru/item/19155137
Арабкир, 2 ком., 45 кв.м., 10/17 этаж	2	329800	45	https://www.list.am/ru/item/19372960
Арабкир, 1 ком., 35 кв.м., 1/10 этаж	1	190000	35	https://www.list.am/ru/item/20122768
Арабкир, 2 ком., 42 кв.м., 9/14 этаж	2	350000	42	https://www.list.am/ru/item/20282414
Арабкир, 3 ком., 78 кв.м., 14/14 этаж	3	310400	78	https://www.list.am/ru/item/19568147
Арабкир, 3 ком., 57 кв.м., 5/5 этаж	3	300000	57	https://www.list.am/ru/item/20361162
Арабкир, 1 ком., 50 кв.м., 5/6 этаж	1	300000	50	https://www.list.am/ru/item/20361161
Арабкир, 2 ком., 65 кв.м., 3/5 этаж	2	400000	65	https://www.list.am/ru/item/19619828
Арабкир, 3 ком., 85 кв.м., 2/5 этаж	3	776000	85	https://www.list.am/ru/item/19206591
Арабкир, 2 ком., 40 кв.м., 4/4 этаж	2	349200	40	https://www.list.am/ru/item/20323589
Арабкир, 2 ком., 60 кв.м., 3/5 этаж	2	350000	60	https://www.list.am/ru/item/20242722
Арабкир, 2 ком., 60 кв.м., 3/5 этаж	2	350000	60	https://www.list.am/ru/item/20242694
Арабкир, 3 ком., 97 кв.м., 15/16 этаж	3	250000	97	https://www.list.am/ru/item/20211500
Арабкир, 1 ком., 43 кв.м., 2/5 этаж	1	250000	43	https://www.list.am/ru/item/20290218
Арабкир, 2 ком., 49 кв.м., 8/8 этаж	2	330000	49	https://www.list.am/ru/item/19710228
Арабкир, 3 ком., 79 кв.м., 7/9 этаж	3	300000	79	https://www.list.am/ru/item/20345822
Арабкир, 2 ком., 48 кв.м., 3/9 этаж	2	280000	48	https://www.list.am/ru/item/19752873
Арабкир, 2 ком., 70 кв.м., 1/2 этаж	2	350000	70	https://www.list.am/ru/item/20165306
Арабкир, 3 ком., 73 кв.м., 4/5 этаж	3	420000	73	https://www.list.am/ru/item/20179562
Арабкир, 3 ком., 67 кв.м., 14/16 этаж	3	315181	67	https://www.list.am/ru/item/20190434
Арабкир, 3 ком., 75 кв.м., 2/5 этаж	3	465600	75	https://www.list.am/ru/item/20066869
Арабкир, 2 ком., 50 кв.м., 5/5 этаж	2	300000	50	https://www.list.am/ru/item/19870516
Арабкир, 2 ком., 67 кв.м., 4/5 этаж	2	300000	67	https://www.list.am/ru/item/20307038
Арабкир, 3 ком., 56 кв.м., 3/6 этаж	3	350000	56	https://www.list.am/ru/item/20287596
Арабкир, 1 ком., 20 кв.м., 1/5 этаж	1	145000	20	https://www.list.am/ru/item/19816176
Арабкир, 1 ком., 20 кв.м., 1/5 этаж	1	165000	20	https://www.list.am/ru/item/19822774
Арабкир, 2 ком., 60 кв.м., 5/6 этаж	2	357000	60	https://www.list.am/ru/item/20242665
Арабкир, 2 ком., 70 кв.м., 4/4 этаж	2	380000	70	https://www.list.am/ru/item/20235744
Арабкир, 3 ком., 96 кв.м., 2/9 этаж	3	550000	96	https://www.list.am/ru/item/20257703
Арабкир, 4 ком., 90 кв.м., 1/5 этаж	4	450000	90	https://www.list.am/ru/item/20324739
Арабкир, 3 ком., 126 кв.м., 5/13 этаж	3	698400	126	https://www.list.am/ru/item/19507277
Арабкир, 2 ком., 69 кв.м., 3/5 этаж	2	320000	69	https://www.list.am/ru/item/20047065
Арабкир, 2 ком., 68 кв.м., 4/15 этаж	2	450000	68	https://www.list.am/ru/item/20344495
Арабкир, 3 ком., 78 кв.м., 4/16 этаж	3	450000	78	https://www.list.am/ru/item/20122407
Арабкир, 2 ком., 65 кв.м., 6/6 этаж	2	350000	65	https://www.list.am/ru/item/20344465
Арабкир, 2 ком., 42 кв.м., 3/4 этаж	2	350000	42	https://www.list.am/ru/item/19578817
Арабкир, 1 ком., 38 кв.м., 4/4 этаж	1	350000	38	https://www.list.am/ru/item/20294118
Арабкир, 2 ком., 62 кв.м., 12/18 этаж	2	430000	62	https://www.list.am/ru/item/20344129
Арабкир, 1 ком., 25 кв.м., 1/12 этаж	1	260000	25	https://www.list.am/ru/item/20004183
Арабкир, 2 ком., 67 кв.м., 4/18 этаж	2	426800	67	https://www.list.am/ru/item/19066093
Арабкир, 3 ком., 85 кв.м., 8/22 этаж	3	390000	85	https://www.list.am/ru/item/19993557
Арабкир, 3 ком., 70 кв.м., 2/5 этаж	3	350000	70	https://www.list.am/ru/item/20343939
Арабкир, 4 ком., 125 кв.м., 8/8 этаж	4	450000	125	https://www.list.am/ru/item/18717104
Арабкир, 2 ком., 56 кв.м., 11/17 этаж	2	465600	56	https://www.list.am/ru/item/19679826
Арабкир, 3 ком., 100 кв.м., 7/8 этаж	3	600000	100	https://www.list.am/ru/item/20274155
Арабкир, 2 ком., 55 кв.м., 8/8 этаж	2	400000	55	https://www.list.am/ru/item/20343086
Арабкир, 2 ком., 60 кв.м., 5/5 этаж	2	300000	60	https://www.list.am/ru/item/20342821
Арабкир, 1 ком., 38 кв.м., 2/5 этаж	1	250000	38	https://www.list.am/ru/item/20210143
Арабкир, 2 ком., 44 кв.м., 2/3 этаж	2	280000	44	https://www.list.am/ru/item/20311916
Арабкир, 2 ком., 70 кв.м., 1/9 этаж	2	320000	70	https://www.list.am/ru/item/19619295
Арабкир, 3 ком., 80 кв.м., 14/14 этаж	3	460000	80	https://www.list.am/ru/item/20269507
Арабкир, 3 ком., 80 кв.м., 8/8 этаж	3	420000	80	https://www.list.am/ru/item/20167649
Арабкир, 2 ком., 45 кв.м., 2/5 этаж	2	320000	45	https://www.list.am/ru/item/19169235
Арабкир, 2 ком., 68 кв.м., 9/14 этаж	2	320000	68	https://www.list.am/ru/item/20290378
Арабкир, 3 ком., 100 кв.м., 5/8 этаж	3	600000	100	https://www.list.am/ru/item/19549959
Арабкир, 4 ком., 70 кв.м., 1/1 этаж	4	370000	70	https://www.list.am/ru/item/20038881
Арабкир, 2 ком., 63 кв.м., 5/5 этаж	2	370000	63	https://www.list.am/ru/item/20229806
Арабкир, 3 ком., 70 кв.м., 15/16 этаж	3	426800	70	https://www.list.am/ru/item/20166508
Арабкир, 2 ком., 50 кв.м., 5/5 этаж	2	200000	50	https://www.list.am/ru/item/20341332
Арабкир, 3 ком., 90 кв.м., 8/9 этаж	3	550000	90	https://www.list.am/ru/item/20323070
Арабкир, 2 ком., 61 кв.м., 4/5 этаж	2	245000	61	https://www.list.am/ru/item/20037253
Арабкир, 1 ком., 35 кв.м., 2/5 этаж	1	329800	35	https://www.list.am/ru/item/19177452
Арабкир, 2 ком., 70 кв.м., 7/14 этаж	2	340000	70	https://www.list.am/ru/item/20293280
Арабкир, 2 ком., 59 кв.м., 4/14 этаж	2	407400	59	https://www.list.am/ru/item/20293049
Арабкир, 4 ком., 82 кв.м., 3/9 этаж	4	400000	82	https://www.list.am/ru/item/17914535
Арабкир, 3 ком., 60 кв.м., 1/5 этаж	3	300000	60	https://www.list.am/ru/item/20294555
Арабкир, 3 ком., 78 кв.м., 4/4 этаж	3	300000	78	https://www.list.am/ru/item/20278801
Арабкир, 2 ком., 68 кв.м., 1/9 этаж	2	280000	68	https://www.list.am/ru/item/19989443
Арабкир, 3 ком., 100 кв.м., 2/5 этаж	3	320000	100	https://www.list.am/ru/item/20263277
Арабкир, 2 ком., 60 кв.м., 2/5 этаж	2	213400	60	https://www.list.am/ru/item/20340078
Арабкир, 3 ком., 86 кв.м., 5/5 этаж	3	300000	86	https://www.list.am/ru/item/20340073
Арабкир, 1 ком., 44 кв.м., 6/10 этаж	1	190000	44	https://www.list.am/ru/item/20340071
Арабкир, 3 ком., 78 кв.м., 4/5 этаж	3	280000	78	https://www.list.am/ru/item/20339999
Арабкир, 3 ком., 125 кв.м., 4/4 этаж	3	450000	125	https://www.list.am/ru/item/20339925
Арабкир, 2 ком., 54 кв.м., 3/5 этаж	2	350000	54	https://www.list.am/ru/item/20082382
Арабкир, 4 ком., 136 кв.м., 4/9 этаж	4	600000	136	https://www.list.am/ru/item/20055265
Арабкир, 3 ком., 72 кв.м., 4/5 этаж	3	350000	72	https://www.list.am/ru/item/20273287
Арабкир, 3 ком., 70 кв.м., 1/5 этаж	3	300000	70	https://www.list.am/ru/item/20244227
Арабкир, 2 ком., 65 кв.м., 5/13 этаж	2	250000	65	https://www.list.am/ru/item/20297924
Арабкир, 4 ком., 110 кв.м., 9/10 этаж	4	450000	110	https://www.list.am/ru/item/20230668
Арабкир, 2 ком., 45 кв.м., 7/7 этаж	2	350000	45	https://www.list.am/ru/item/20337727
Арабкир, 5 ком., 155 кв.м., 12/14 этаж	5	931200	155	https://www.list.am/ru/item/19423918
Арабкир, 3 ком., 85 кв.м., 4/9 этаж	3	450000	85	https://www.list.am/ru/item/19457018
Арабкир, 5 ком., 155 кв.м., 12/14 этаж	5	931200	155	https://www.list.am/ru/item/20098368
Арабкир, 2 ком., 50 кв.м., 3/5 этаж	2	270000	50	https://www.list.am/ru/item/20178611
Арабкир, 1 ком., 29 кв.м., 3/5 этаж	1	270000	29	https://www.list.am/ru/item/18037155
Арабкир, 2 ком., 47 кв.м., 9/9 этаж	2	240000	47	https://www.list.am/ru/item/19884269
Арабкир, 2 ком., 63 кв.м., 7/10 этаж	2	280000	63	https://www.list.am/ru/item/20222012
Арабкир, 2 ком., 47 кв.м., 4/5 этаж	2	250000	47	https://www.list.am/ru/item/20096524
Арабкир, 4 ком., 100 кв.м., 3/5 этаж	4	490000	100	https://www.list.am/ru/item/20316671
Арабкир, 3 ком., 107 кв.м., 3/4 этаж	3	480000	107	https://www.list.am/ru/item/20183392
Арабкир, 3 ком., 97 кв.м., 4/5 этаж	3	776000	97	https://www.list.am/ru/item/17533672
Арабкир, 3 ком., 60 кв.м., 1/5 этаж	3	250000	60	https://www.list.am/ru/item/20177656
Арабкир, 2 ком., 46 кв.м., 3/8 этаж	2	400000	46	https://www.list.am/ru/item/19985785
Арабкир, 2 ком., 60 кв.м., 8/14 этаж	2	440000	60	https://www.list.am/ru/item/20265042
Арабкир, 2 ком., 55 кв.м., 9/10 этаж	2	300000	55	https://www.list.am/ru/item/19007570
Арабкир, 1 ком., 46 кв.м., 6/10 этаж	1	190000	46	https://www.list.am/ru/item/20294603
Арабкир, 5 ком., 153 кв.м., 12/14 этаж	5	931200	153	https://www.list.am/ru/item/19887529
Арабкир, 4 ком., 110 кв.м., 4/5 этаж	4	450000	110	https://www.list.am/ru/item/20226575
Арабкир, 1 ком., 45 кв.м., 1/5 этаж	1	170000	45	https://www.list.am/ru/item/19277871
Арабкир, 4 ком., 95 кв.м., 8/9 этаж	4	500000	95	https://www.list.am/ru/item/20336128
Арабкир, 4 ком., 90 кв.м., 2/5 этаж	4	250000	90	https://www.list.am/ru/item/20050617
Арабкир, 2 ком., 40 кв.м., 5/5 этаж	2	320000	40	https://www.list.am/ru/item/20242487
Арабкир, 1 ком., 50 кв.м., 5/8 этаж	1	213400	50	https://www.list.am/ru/item/20223019
Арабкир, 3 ком., 80 кв.м., 3/5 этаж	3	260000	80	https://www.list.am/ru/item/20293343
Арабкир, 1 ком., 40 кв.м., 5/5 этаж	1	230000	40	https://www.list.am/ru/item/20307258
Арабкир, 3 ком., 70 кв.м., 1/5 этаж	3	350000	70	https://www.list.am/ru/item/20250559
Арабкир, 1 ком., 36 кв.м., 5/5 этаж	1	350000	36	https://www.list.am/ru/item/20206830
Арабкир, 1 ком., 33 кв.м., 6/17 этаж	1	250000	33	https://www.list.am/ru/item/19998748
Арабкир, 1 ком., 32 кв.м., 6/17 этаж	1	250000	32	https://www.list.am/ru/item/20004449
Арабкир, 3 ком., 151 кв.м., 1/1 этаж	3	426800	151	https://www.list.am/ru/item/19920704
Арабкир, 3 ком., 85 кв.м., 5/15 этаж	3	426800	85	https://www.list.am/ru/item/20259315
Арабкир, 2 ком., 54 кв.м., 5/16 этаж	2	300000	54	https://www.list.am/ru/item/20119175
Арабкир, 2 ком., 48 кв.м., 4/8 этаж	2	350000	48	https://www.list.am/ru/item/20350562
Арабкир, 3 ком., 74 кв.м., 1/1 этаж	3	350000	74	https://www.list.am/ru/item/20336167
Арабкир, 3 ком., 95 кв.м., 3/11 этаж	3	250000	95	https://www.list.am/ru/item/19860166
Арабкир, 3 ком., 70 кв.м., 1/9 этаж	3	400000	70	https://www.list.am/ru/item/20149275
Арабкир, 2 ком., 35 кв.м., 3/5 этаж	2	300000	35	https://www.list.am/ru/item/20350434
Арабкир, 3 ком., 91 кв.м., 4/17 этаж	3	543200	91	https://www.list.am/ru/item/18886061
Арабкир, 1 ком., 300 кв.м., 1/4 этаж	1	230000	300	https://www.list.am/ru/item/20266998
Арабкир, 2 ком., 60 кв.м., 3/7 этаж	2	200000	60	https://www.list.am/ru/item/20350372
Арабкир, 2 ком., 61 кв.м., 4/9 этаж	2	300000	61	https://www.list.am/ru/item/20259624
Арабкир, 2 ком., 50 кв.м., 4/9 этаж	2	250000	50	https://www.list.am/ru/item/18419752
Арабкир, 2 ком., 65 кв.м., 4/9 этаж	2	300000	65	https://www.list.am/ru/item/20285540
Арабкир, 2 ком., 92 кв.м., 16/16 этаж	2	776000	92	https://www.list.am/ru/item/19713875
Арабкир, 2 ком., 45 кв.м., 10/17 этаж	2	310400	45	https://www.list.am/ru/item/20350248
Арабкир, 2 ком., 70 кв.м., 14/17 этаж	2	465600	70	https://www.list.am/ru/item/19327301
Арабкир, 3 ком., 93 кв.м., 8/9 этаж	3	450000	93	https://www.list.am/ru/item/20126384
Арабкир, 2 ком., 60 кв.м., 3/5 этаж	2	300000	60	https://www.list.am/ru/item/20180037
Арабкир, 3 ком., 85 кв.м., 6/8 этаж	3	450000	85	https://www.list.am/ru/item/20198811
Арабкир, 2 ком., 68 кв.м., 9/9 этаж	2	250000	68	https://www.list.am/ru/item/18160880
Арабкир, 3 ком., 120 кв.м., 2/5 этаж	3	400000	120	https://www.list.am/ru/item/20335522
Арабкир, 2 ком., 56 кв.м., 2/5 этаж	2	400000	56	https://www.list.am/ru/item/18519782
Арабкир, 3 ком., 90 кв.м., 10/17 этаж	3	543200	90	https://www.list.am/ru/item/20261069
Арабкир, 3 ком., 78 кв.м., 5/5 этаж	3	350000	78	https://www.list.am/ru/item/20349915
Арабкир, 3 ком., 80 кв.м., 2/5 этаж	3	400000	80	https://www.list.am/ru/item/20269192
Арабкир, 2 ком., 55 кв.м., 3/8 этаж	2	320000	55	https://www.list.am/ru/item/18612721
Арабкир, 3 ком., 60 кв.м., 1/5 этаж	3	270000	60	https://www.list.am/ru/item/19981909
Арабкир, 1 ком., 37 кв.м., 1/9 этаж	1	160000	37	https://www.list.am/ru/item/20327246
Арабкир, 3 ком., 82 кв.м., 2/3 этаж	3	330000	82	https://www.list.am/ru/item/20334208
Арабкир, 3 ком., 125 кв.м., 6/13 этаж	3	582000	125	https://www.list.am/ru/item/19946434
Арабкир, 3 ком., 80 кв.м., 14/19 этаж	3	450000	80	https://www.list.am/ru/item/20349522
Арабкир, 3 ком., 90 кв.м., 4/13 этаж	3	698400	90	https://www.list.am/ru/item/20349481
Арабкир, 2 ком., 52 кв.м., 1/5 этаж	2	250000	52	https://www.list.am/ru/item/20250646
Арабкир, 3 ком., 110 кв.м., 3/3 этаж	3	500000	110	https://www.list.am/ru/item/20349401
Арабкир, 4 ком., 98 кв.м., 3/8 этаж	4	698400	98	https://www.list.am/ru/item/19688308
Арабкир, 2 ком., 45 кв.м., 1/12 этаж	2	329000	45	https://www.list.am/ru/item/19249849
Арабкир, 1 ком., 52 кв.м., 2/5 этаж	1	250000	52	https://www.list.am/ru/item/20255943
Арабкир, 3 ком., 48 кв.м., 6/6 этаж	3	160000	48	https://www.list.am/ru/item/20349312
Арабкир, 1 ком., 35 кв.м., 1/1 этаж	1	250000	35	https://www.list.am/ru/item/20145140
Арабкир, 4 ком., 110 кв.м., 2/5 этаж	4	582000	110	https://www.list.am/ru/item/19867144
Арабкир, 2 ком., 81 кв.м., 6/18 этаж	2	350000	81	https://www.list.am/ru/item/20332548
Арабкир, 2 ком., 40 кв.м., 4/4 этаж	2	350000	40	https://www.list.am/ru/item/17811666
Арабкир, 2 ком., 41 кв.м., 2/5 этаж	2	280000	41	https://www.list.am/ru/item/20138403
Арабкир, 4 ком., 75 кв.м., 1/5 этаж	4	400000	75	https://www.list.am/ru/item/20116449
Арабкир, 2 ком., 66 кв.м., 12/18 этаж	2	400000	66	https://www.list.am/ru/item/20322248
Арабкир, 2 ком., 56 кв.м., 2/5 этаж	2	400000	56	https://www.list.am/ru/item/18096214
Арабкир, 2 ком., 77 кв.м., 6/8 этаж	2	504400	77	https://www.list.am/ru/item/20059678
Арабкир, 3 ком., 80 кв.м., 4/18 этаж	3	504400	80	https://www.list.am/ru/item/19571495
Арабкир, 3 ком., 78 кв.м., 1/5 этаж	3	320000	78	https://www.list.am/ru/item/19386086
Арабкир, 1 ком., 35 кв.м., 2/5 этаж	1	325920	35	https://www.list.am/ru/item/20251877
Арабкир, 2 ком., 65 кв.м., 2/5 этаж	2	400000	65	https://www.list.am/ru/item/20265450
Арабкир, 1 ком., 16 кв.м., 2/4 этаж	1	200000	16	https://www.list.am/ru/item/20348164
Арабкир, 2 ком., 79 кв.м., 5/6 этаж	2	250000	79	https://www.list.am/ru/item/20265376
Арабкир, 2 ком., 70 кв.м., 1/1 этаж	2	220000	70	https://www.list.am/ru/item/20316677
Арабкир, 2 ком., 68 кв.м., 10/17 этаж	2	388000	68	https://www.list.am/ru/item/19900327
Арабкир, 3 ком., 101 кв.м., 4/11 этаж	3	450000	101	https://www.list.am/ru/item/19924598
Арабкир, 2 ком., 46 кв.м., 5/8 этаж	2	360000	46	https://www.list.am/ru/item/20348012
Арабкир, 2 ком., 60 кв.м., 10/15 этаж	2	388000	60	https://www.list.am/ru/item/20280952
Арабкир, 2 ком., 70 кв.м., 2/16 этаж	2	300000	70	https://www.list.am/ru/item/20347968
Арабкир, 3 ком., 90 кв.м., 1/6 этаж	3	504400	90	https://www.list.am/ru/item/18661457
Арабкир, 4 ком., 97 кв.м., 9/9 этаж	4	360000	97	https://www.list.am/ru/item/20347614
Арабкир, 2 ком., 40 кв.м., 3/7 этаж	2	388000	40	https://www.list.am/ru/item/20292037
Арабкир, 1 ком., 30 кв.м., 3/5 этаж	1	230000	30	https://www.list.am/ru/item/20331944
Арабкир, 2 ком., 50 кв.м., 1/5 этаж	2	260000	50	https://www.list.am/ru/item/20157436
Арабкир, 2 ком., 47 кв.м., 1/5 этаж	2	280000	47	https://www.list.am/ru/item/20146057
Арабкир, 1 ком., 20 кв.м., 1/1 этаж	1	200000	20	https://www.list.am/ru/item/20053841
Арабкир, 1 ком., 25 кв.м., 1/1 этаж	1	160000	25	https://www.list.am/ru/item/20320229
Арабкир, 2 ком., 60 кв.м., 11/14 этаж	2	400000	60	https://www.list.am/ru/item/20266203
Арабкир, 4 ком., 126 кв.м., 8/8 этаж	4	550000	126	https://www.list.am/ru/item/19479770
Арабкир, 3 ком., 90 кв.м., 10/17 этаж	3	504400	90	https://www.list.am/ru/item/19980281
Арабкир, 2 ком., 43 кв.м., 5/9 этаж	2	550000	43	https://www.list.am/ru/item/19066005
Арабкир, 2 ком., 55 кв.м., 8/13 этаж	2	300000	55	https://www.list.am/ru/item/20347252
Арабкир, 2 ком., 50 кв.м., 15/19 этаж	2	380000	50	https://www.list.am/ru/item/20331410
Арабкир, 3 ком., 139 кв.м., 10/12 этаж	3	560000	139	https://www.list.am/ru/item/20320409
Арабкир, 2 ком., 50 кв.м., 1/5 этаж	2	300000	50	https://www.list.am/ru/item/20289749
Арабкир, 5 ком., 126 кв.м., 2/5 этаж	5	450000	126	https://www.list.am/ru/item/20236210
Арабкир, 2 ком., 58 кв.м., 5/5 этаж	2	300000	58	https://www.list.am/ru/item/20346872
Арабкир, 2 ком., 56 кв.м., 1/9 этаж	2	300000	56	https://www.list.am/ru/item/20145786
Арабкир, 2 ком., 50 кв.м., 3/4 этаж	2	300000	50	https://www.list.am/ru/item/20138455
Арабкир, 2 ком., 63 кв.м., 5/5 этаж	2	350000	63	https://www.list.am/ru/item/19300212
Арабкир, 2 ком., 56 кв.м., 8/10 этаж	2	280000	56	https://www.list.am/ru/item/20198735
Арабкир, 2 ком., 45 кв.м., 2/9 этаж	2	330000	45	https://www.list.am/ru/item/20330963
Арабкир, 1 ком., 65 кв.м., 2/6 этаж	1	55000	65	https://www.list.am/ru/item/19860065
Арабкир, 2 ком., 56 кв.м., 3/14 этаж	2	500000	56	https://www.list.am/ru/item/20138165
Арабкир, 3 ком., 86 кв.м., 3/5 этаж	3	250000	86	https://www.list.am/ru/item/20325095
Арабкир, 3 ком., 74 кв.м., 6/9 этаж	3	450000	74	https://www.list.am/ru/item/20346159
Арабкир, 3 ком., 80 кв.м., 14/19 этаж	3	450000	80	https://www.list.am/ru/item/20346119
Арабкир, 1 ком., 25 кв.м., 1/1 этаж	1	200000	25	https://www.list.am/ru/item/20214383
Арабкир, 2 ком., 47 кв.м., 10/14 этаж	2	271600	47	https://www.list.am/ru/item/20051737
Арабкир, 2 ком., 65 кв.м., 2/8 этаж	2	260000	65	https://www.list.am/ru/item/20274633
Арабкир, 3 ком., 60 кв.м., 5/5 этаж	3	390000	60	https://www.list.am/ru/item/19990019
Арабкир, 2 ком., 47 кв.м., 1/5 этаж	2	280000	47	https://www.list.am/ru/item/20219794
Арабкир, 3 ком., 110 кв.м., 1/3 этаж	3	300000	110	https://www.list.am/ru/item/20157696
Арабкир, 2 ком., 39 кв.м., 3/5 этаж	2	270000	39	https://www.list.am/ru/item/20242569
Арабкир, 1 ком., 50 кв.м., 6/7 этаж	1	300000	50	https://www.list.am/ru/item/20242370
Арабкир, 2 ком., 46 кв.м., 3/9 этаж	2	350000	46	https://www.list.am/ru/item/20171803
Арабкир, 5 ком., 122 кв.м., 1/3 этаж	5	650000	122	https://www.list.am/ru/item/18278782
Арабкир, 2 ком., 53 кв.м., 2/14 этаж	2	320000	53	https://www.list.am/ru/item/20184459
Арабкир, 2 ком., 77 кв.м., 4/11 этаж	2	300000	77	https://www.list.am/ru/item/20298896
Арабкир, 2 ком., 68 кв.м., 4/5 этаж	2	350000	68	https://www.list.am/ru/item/20054688
Арабкир, 2 ком., 50 кв.м., 9/10 этаж	2	270000	50	https://www.list.am/ru/item/19096588
Арабкир, 2 ком., 64 кв.м., 3/6 этаж	2	450000	64	https://www.list.am/ru/item/20250656
Арабкир, 1 ком., 42 кв.м., 12/18 этаж	1	368600	42	https://www.list.am/ru/item/20219447
Арабкир, 2 ком., 116 кв.м., 4/12 этаж	2	620800	116	https://www.list.am/ru/item/19942281
Арабкир, 4 ком., 120 кв.м., 7/16 этаж	4	582000	120	https://www.list.am/ru/item/18876066
Арабкир, 3 ком., 80 кв.м., 2/5 этаж	3	340000	80	https://www.list.am/ru/item/19565402
Арабкир, 2 ком., 61 кв.м., 4/8 этаж	2	500000	61	https://www.list.am/ru/item/19263203
Арабкир, 4 ком., 105 кв.м., 6/7 этаж	4	500000	105	https://www.list.am/ru/item/19956315
Арабкир, 3 ком., 62 кв.м., 7/10 этаж	3	600000	62	https://www.list.am/ru/item/18727125
Арабкир, 2 ком., 70 кв.м., 2/2 этаж	2	620800	70	https://www.list.am/ru/item/20233189
Арабкир, 4 ком., 150 кв.м., 10/10 этаж	4	500000	150	https://www.list.am/ru/item/20257809
Арабкир, 2 ком., 44 кв.м., 4/6 этаж	2	350000	44	https://www.list.am/ru/item/20196570
Арабкир, 2 ком., 51 кв.м., 2/16 этаж	2	320000	51	https://www.list.am/ru/item/20178614
Арабкир, 3 ком., 103 кв.м., 6/14 этаж	3	430000	103	https://www.list.am/ru/item/19086214
Арабкир, 6 ком., 240 кв.м., 6/6 этаж	6	7760000	240	https://www.list.am/ru/item/20290939
Арабкир, 3 ком., 70 кв.м., 2/2 этаж	3	400000	70	https://www.list.am/ru/item/20191349
Арабкир, 2 ком., 45 кв.м., 1/9 этаж	2	300000	45	https://www.list.am/ru/item/19998607
Арабкир, 3 ком., 100 кв.м., 3/5 этаж	3	426800	100	https://www.list.am/ru/item/20288511
Арабкир, 2 ком., 65 кв.м., 3/5 этаж	2	350000	65	https://www.list.am/ru/item/20176147
Арабкир, 4 ком., 75 кв.м., 14/15 этаж	4	380000	75	https://www.list.am/ru/item/19868569
Арабкир, 2 ком., 54 кв.м., 2/5 этаж	2	280000	54	https://www.list.am/ru/item/19831058
Арабкир, 2 ком., 60 кв.м., 5/5 этаж	2	350000	60	https://www.list.am/ru/item/20245443
Арабкир, 3 ком., 78 кв.м., 3/9 этаж	3	750000	78	https://www.list.am/ru/item/20156973
Арабкир, 1 ком., 31 кв.м., 1/3 этаж	1	200000	31	https://www.list.am/ru/item/20284078
Арабкир, 4 ком., 105 кв.м., 6/7 этаж	4	500000	105	https://www.list.am/ru/item/19916818
Арабкир, 2 ком., 72 кв.м., 6/9 этаж	2	330000	72	https://www.list.am/ru/item/20283146
Арабкир, 1 ком., 43 кв.м., 3/5 этаж	1	250000	43	https://www.list.am/ru/item/20281753
Арабкир, 1 ком., 47 кв.м., 2/16 этаж	1	250000	47	https://www.list.am/ru/item/20186827
Арабкир, 3 ком., 77 кв.м., 5/5 этаж	3	350000	77	https://www.list.am/ru/item/20166164
Арабкир, 3 ком., 82 кв.м., 4/4 этаж	3	400000	82	https://www.list.am/ru/item/19153253
Арабкир, 2 ком., 50 кв.м., 4/5 этаж	2	370000	50	https://www.list.am/ru/item/18578498
Арабкир, 2 ком., 30 кв.м., 2/3 этаж	2	280000	30	https://www.list.am/ru/item/19568639
Арабкир, 3 ком., 100 кв.м., 6/14 этаж	3	400000	100	https://www.list.am/ru/item/18458139
Арабкир, 3 ком., 78 кв.м., 4/5 этаж	3	300000	78	https://www.list.am/ru/item/20218349
Арабкир, 2 ком., 68 кв.м., 3/5 этаж	2	300000	68	https://www.list.am/ru/item/20112206
Арабкир, 2 ком., 50 кв.м., 5/5 этаж	2	150000	50	https://www.list.am/ru/item/20268006
Арабкир, 2 ком., 55 кв.м., 3/18 этаж	2	280000	55	https://www.list.am/ru/item/20267730
Арабкир, 3 ком., 69 кв.м., 3/5 этаж	3	300000	69	https://www.list.am/ru/item/20104146
Арабкир, 1 ком., 43 кв.м., 6/7 этаж	1	300000	43	https://www.list.am/ru/item/20225184
Арабкир, 2 ком., 45 кв.м., 10/14 этаж	2	310400	45	https://www.list.am/ru/item/20265560
Арабкир, 2 ком., 70 кв.м., 11/15 этаж	2	388000	70	https://www.list.am/ru/item/20265559
Арабкир, 2 ком., 74 кв.м., 8/9 этаж	2	271600	74	https://www.list.am/ru/item/19937248
Арабкир, 2 ком., 82 кв.м., 4/16 этаж	2	349200	82	https://www.list.am/ru/item/19938058
Арабкир, 4 ком., 97 кв.м., 9/10 этаж	4	450000	97	https://www.list.am/ru/item/18591152
Арабкир, 2 ком., 50 кв.м., 5/5 этаж	2	500000	50	https://www.list.am/ru/item/19331710
Арабкир, 3 ком., 102 кв.м., 13/16 этаж	3	460000	102	https://www.list.am/ru/item/20205361
Арабкир, 3 ком., 70 кв.м., 1/5 этаж	3	350000	70	https://www.list.am/ru/item/20261230
Арабкир, 1 ком., 56 кв.м., 5/9 этаж	1	300000	56	https://www.list.am/ru/item/20258764
Арабкир, 1 ком., 14 кв.м., 3/5 этаж	1	120000	14	https://www.list.am/ru/item/20257520
Арабкир, 2 ком., 35 кв.м., 3/5 этаж	2	300000	35	https://www.list.am/ru/item/19541381
Арабкир, 2 ком., 56 кв.м., 4/9 этаж	2	500000	56	https://www.list.am/ru/item/19959618
Арабкир, 2 ком., 54 кв.м., 7/9 этаж	2	290000	54	https://www.list.am/ru/item/19721717
Арабкир, 2 ком., 67 кв.м., 9/11 этаж	2	450000	67	https://www.list.am/ru/item/20255153
Арабкир, 2 ком., 40 кв.м., 2/5 этаж	2	260000	40	https://www.list.am/ru/item/19170171
Арабкир, 3 ком., 60 кв.м., 1/1 этаж	3	250000	60	https://www.list.am/ru/item/20191833
Арабкир, 3 ком., 130 кв.м., 8/16 этаж	3	582000	130	https://www.list.am/ru/item/20247482
Арабкир, 3 ком., 63 кв.м., 7/10 этаж	3	270000	63	https://www.list.am/ru/item/20247005
Арабкир, 2 ком., 68 кв.м., 9/9 этаж	2	300000	68	https://www.list.am/ru/item/20246963
Арабкир, 3 ком., 100 кв.м., 2/5 этаж	3	350000	100	https://www.list.am/ru/item/20161555
Арабкир, 2 ком., 45 кв.м., 8/9 этаж	2	280000	45	https://www.list.am/ru/item/19319003
Арабкир, 2 ком., 41 кв.м., 8/10 этаж	2	340000	41	https://www.list.am/ru/item/20086509
Арабкир, 4 ком., 158 кв.м., 2/12 этаж	4	659600	158	https://www.list.am/ru/item/19665286
Арабкир, 2 ком., 46 кв.м., 2/5 этаж	2	320000	46	https://www.list.am/ru/item/19946620
Арабкир, 3 ком., 96 кв.м., 3/5 этаж	3	252200	96	https://www.list.am/ru/item/20238377
Арабкир, 2 ком., 51 кв.м., 5/5 этаж	2	300000	51	https://www.list.am/ru/item/20238374
Арабкир, 2 ком., 48 кв.м., 6/6 этаж	2	300000	48	https://www.list.am/ru/item/20175873
Арабкир, 1 ком., 46 кв.м., 2/9 этаж	1	329800	46	https://www.list.am/ru/item/20214710
Арабкир, 3 ком., 70 кв.м., 2/4 этаж	3	400000	70	https://www.list.am/ru/item/20181672
Арабкир, 4 ком., 160 кв.м., 7/10 этаж	4	698400	160	https://www.list.am/ru/item/19129235
Арабкир, 3 ком., 80 кв.м., 2/5 этаж	3	380000	80	https://www.list.am/ru/item/19314651
Арабкир, 2 ком., 48 кв.м., 1/3 этаж	2	340000	48	https://www.list.am/ru/item/17563731
Арабкир, 4 ком., 121 кв.м., 4/8 этаж	4	698400	121	https://www.list.am/ru/item/20227868
Арабкир, 2 ком., 70 кв.м., 4/16 этаж	2	415000	70	https://www.list.am/ru/item/20226622
Арабкир, 4 ком., 127 кв.м., 1/10 этаж	4	950000	127	https://www.list.am/ru/item/20095067
Арабкир, 2 ком., 55 кв.м., 5/5 этаж	2	250000	55	https://www.list.am/ru/item/20193874
Арабкир, 3 ком., 125 кв.м., 5/19 этаж	3	520000	125	https://www.list.am/ru/item/20223009
Арабкир, 2 ком., 47 кв.м., 2/4 этаж	2	400000	47	https://www.list.am/ru/item/20222561
Арабкир, 3 ком., 74 кв.м., 6/7 этаж	3	520000	74	https://www.list.am/ru/item/19749866
Арабкир, 2 ком., 45 кв.м., 3/3 этаж	2	426800	45	https://www.list.am/ru/item/19853738
Арабкир, 3 ком., 74 кв.м., 1/16 этаж	3	291000	74	https://www.list.am/ru/item/20218731
Арабкир, 1 ком., 48 кв.м., 1/1 этаж	1	229000	48	https://www.list.am/ru/item/19938206
Арабкир, 2 ком., 60 кв.м., 7/14 этаж	2	350000	60	https://www.list.am/ru/item/20335536
Арабкир, 1 ком., 40 кв.м., 2/5 этаж	1	400000	40	https://www.list.am/ru/item/20076118
Арабкир, 3 ком., 65 кв.м., 4/18 этаж	3	400000	65	https://www.list.am/ru/item/19891801
Арабкир, 3 ком., 70 кв.м., 5/9 этаж	3	330000	70	https://www.list.am/ru/item/20237734
Арабкир, 3 ком., 87 кв.м., 3/4 этаж	3	465600	87	https://www.list.am/ru/item/19255906
Арабкир, 2 ком., 45 кв.м., 1/5 этаж	2	300000	45	https://www.list.am/ru/item/19869428
Арабкир, 3 ком., 60 кв.м., 7/9 этаж	3	280000	60	https://www.list.am/ru/item/20334739
Арабкир, 3 ком., 100 кв.м., 2/6 этаж	3	450000	100	https://www.list.am/ru/item/19643844
Арабкир, 2 ком., 70 кв.м., 11/16 этаж	2	450000	70	https://www.list.am/ru/item/18524509
Арабкир, 1 ком., 45 кв.м., 1/5 этаж	1	170000	45	https://www.list.am/ru/item/20333680
Арабкир, 3 ком., 70 кв.м., 3/5 этаж	3	200000	70	https://www.list.am/ru/item/20333641
Арабкир, 2 ком., 45 кв.м., 1/12 этаж	2	349000	45	https://www.list.am/ru/item/19431463
Арабкир, 3 ком., 84 кв.м., 3/7 этаж	3	350000	84	https://www.list.am/ru/item/20283156
Арабкир, 3 ком., 80 кв.м., 3/5 этаж	3	400000	80	https://www.list.am/ru/item/20283572
Арабкир, 2 ком., 68 кв.м., 14/16 этаж	2	465600	68	https://www.list.am/ru/item/20091179
Арабкир, 2 ком., 53 кв.м., 3/8 этаж	2	400000	53	https://www.list.am/ru/item/19631904
Арабкир, 2 ком., 67 кв.м., 4/5 этаж	2	300000	67	https://www.list.am/ru/item/20307622
Арабкир, 2 ком., 44 кв.м., 5/5 этаж	2	260000	44	https://www.list.am/ru/item/20332379
Арабкир, 1 ком., 44 кв.м., 8/9 этаж	1	270000	44	https://www.list.am/ru/item/20201039
Арабкир, 4 ком., 67 кв.м., 7/12 этаж	4	360000	67	https://www.list.am/ru/item/20150316
Арабкир, 3 ком., 90 кв.м., 3/5 этаж	3	300000	90	https://www.list.am/ru/item/19638041
Арабкир, 2 ком., 46 кв.м., 5/9 этаж	2	240000	46	https://www.list.am/ru/item/20331043
Арабкир, 2 ком., 50 кв.м., 6/9 этаж	2	300000	50	https://www.list.am/ru/item/20137510
Арабкир, 2 ком., 50 кв.м., 9/10 этаж	2	270000	50	https://www.list.am/ru/item/20291830
Арабкир, 1 ком., 44 кв.м., 3/5 этаж	1	220000	44	https://www.list.am/ru/item/20063305
Арабкир, 3 ком., 78 кв.м., 4/4 этаж	3	280000	78	https://www.list.am/ru/item/19130858
Арабкир, 3 ком., 100 кв.м., 2/6 этаж	3	450000	100	https://www.list.am/ru/item/19975495
Арабкир, 2 ком., 54 кв.м., 1/9 этаж	2	380000	54	https://www.list.am/ru/item/20130150
Арабкир, 3 ком., 86 кв.м., 4/18 этаж	3	388000	86	https://www.list.am/ru/item/20294579
Арабкир, 2 ком., 70 кв.м., 3/3 этаж	2	320000	70	https://www.list.am/ru/item/19711313
Арабкир, 4 ком., 100 кв.м., 4/4 этаж	4	330000	100	https://www.list.am/ru/item/19858375
Арабкир, 2 ком., 38 кв.м., 4/5 этаж	2	300000	38	https://www.list.am/ru/item/20305946
Арабкир, 1 ком., 38 кв.м., 1/5 этаж	1	245000	38	https://www.list.am/ru/item/19131078
Арабкир, 3 ком., 75 кв.м., 1/5 этаж	3	320000	75	https://www.list.am/ru/item/19407901
Арабкир, 4 ком., 140 кв.м., 4/4 этаж	4	465600	140	https://www.list.am/ru/item/20253472
Арабкир, 3 ком., 70 кв.м., 7/9 этаж	3	300000	70	https://www.list.am/ru/item/20242556
Арабкир, 4 ком., 104 кв.м., 9/14 этаж	4	450000	104	https://www.list.am/ru/item/20329303
Арабкир, 2 ком., 65 кв.м., 3/3 этаж	2	300000	65	https://www.list.am/ru/item/20328755
Арабкир, 3 ком., 65 кв.м., 4/4 этаж	3	330000	65	https://www.list.am/ru/item/20114862
Арабкир, 1 ком., 40 кв.м., 2/5 этаж	1	220000	40	https://www.list.am/ru/item/20328410
Арабкир, 3 ком., 102 кв.м., 2/2 этаж	3	523800	102	https://www.list.am/ru/item/19757975
Арабкир, 2 ком., 43 кв.м., 8/8 этаж	2	330000	43	https://www.list.am/ru/item/20231626
Арабкир, 2 ком., 35 кв.м., 3/17 этаж	2	450000	35	https://www.list.am/ru/item/20157174
Арабкир, 2 ком., 50 кв.м., 3/9 этаж	2	350000	50	https://www.list.am/ru/item/19994429
Арабкир, 2 ком., 67 кв.м., 3/7 этаж	2	300000	67	https://www.list.am/ru/item/20327435
Арабкир, 3 ком., 90 кв.м., 4/5 этаж	3	300000	90	https://www.list.am/ru/item/18592796
Арабкир, 3 ком., 90 кв.м., 3/5 этаж	3	400000	90	https://www.list.am/ru/item/20311884
Арабкир, 2 ком., 67 кв.м., 5/16 этаж	2	388000	67	https://www.list.am/ru/item/20122347
Арабкир, 2 ком., 50 кв.м., 4/6 этаж	2	400000	50	https://www.list.am/ru/item/20299407
Арабкир, 2 ком., 48 кв.м., 1/5 этаж	2	250000	48	https://www.list.am/ru/item/20291218
Арабкир, 1 ком., 33 кв.м., 5/5 этаж	1	180000	33	https://www.list.am/ru/item/20309039
Арабкир, 1 ком., 100 кв.м., 3/4 этаж	1	230000	100	https://www.list.am/ru/item/20324495
Арабкир, 7 ком., 196 кв.м., 2/3 этаж	7	800000	196	https://www.list.am/ru/item/20278298
Арабкир, 2 ком., 57 кв.м., 2/5 этаж	2	300000	57	https://www.list.am/ru/item/20239725
Арабкир, 3 ком., 96 кв.м., 3/4 этаж	3	465600	96	https://www.list.am/ru/item/19590950
Арабкир, 2 ком., 76 кв.м., 3/4 этаж	2	260000	76	https://www.list.am/ru/item/20323727
Арабкир, 3 ком., 88 кв.м., 9/9 этаж	3	300000	88	https://www.list.am/ru/item/20293239
Арабкир, 2 ком., 59 кв.м., 1/6 этаж	2	300000	59	https://www.list.am/ru/item/20059234
Арабкир, 3 ком., 65 кв.м., 2/2 этаж	3	250000	65	https://www.list.am/ru/item/20252140
Арабкир, 2 ком., 42 кв.м., 2/8 этаж	2	400000	42	https://www.list.am/ru/item/19960496
Арабкир, 3 ком., 100 кв.м., 3/3 этаж	3	659600	100	https://www.list.am/ru/item/20071950
Арабкир, 2 ком., 70 кв.м., 1/2 этаж	2	350000	70	https://www.list.am/ru/item/19973365
Арабкир, 4 ком., 174 кв.м., 10/14 этаж	4	800000	174	https://www.list.am/ru/item/19245208
Арабкир, 3 ком., 63 кв.м., 3/16 этаж	3	250000	63	https://www.list.am/ru/item/19990875
Арабкир, 2 ком., 74 кв.м., 3/9 этаж	2	388000	74	https://www.list.am/ru/item/20175917
Арабкир, 2 ком., 62 кв.м., 2/5 этаж	2	400000	62	https://www.list.am/ru/item/20146785
Арабкир, 3 ком., 140 кв.м., 10/12 этаж	3	582000	140	https://www.list.am/ru/item/20320287
Арабкир, 3 ком., 78 кв.м., 5/5 этаж	3	320000	78	https://www.list.am/ru/item/20320274
Арабкир, 3 ком., 100 кв.м., 6/8 этаж	3	465600	100	https://www.list.am/ru/item/20280437
Арабкир, 3 ком., 71 кв.м., 2/8 этаж	3	504400	71	https://www.list.am/ru/item/19292163
Арабкир, 3 ком., 111 кв.м., 6/13 этаж	3	659600	111	https://www.list.am/ru/item/20193858
Арабкир, 2 ком., 85 кв.м., 3/5 этаж	2	300000	85	https://www.list.am/ru/item/20199295
Арабкир, 3 ком., 82 кв.м., 9/9 этаж	3	450000	82	https://www.list.am/ru/item/20235324
Арабкир, 2 ком., 56 кв.м., 5/6 этаж	2	350000	56	https://www.list.am/ru/item/20186762
Арабкир, 4 ком., 80 кв.м., 11/14 этаж	4	650000	80	https://www.list.am/ru/item/19909120
Арабкир, 2 ком., 54 кв.м., 5/5 этаж	2	270000	54	https://www.list.am/ru/item/20212640
Арабкир, 3 ком., 70 кв.м., 3/12 этаж	3	399000	70	https://www.list.am/ru/item/19364360
Арабкир, 2 ком., 81 кв.м., 4/10 этаж	2	280000	81	https://www.list.am/ru/item/20259280
Арабкир, 2 ком., 45 кв.м., 3/3 этаж	2	426800	45	https://www.list.am/ru/item/19761403
Арабкир, 2 ком., 60 кв.м., 5/5 этаж	2	320000	60	https://www.list.am/ru/item/20019251
Арабкир, 3 ком., 89 кв.м., 3/3 этаж	3	426800	89	https://www.list.am/ru/item/20231201
Арабкир, 1 ком., 35 кв.м., 4/4 этаж	1	200000	35	https://www.list.am/ru/item/20312052
Арабкир, 1 ком., 38 кв.м., 1/5 этаж	1	250000	38	https://www.list.am/ru/item/20312005
Арабкир, 5 ком., 236 кв.м., 18/19 этаж	5	1746000	236	https://www.list.am/ru/item/19577969
Арабкир, 3 ком., 100 кв.м., 13/18 этаж	3	800000	100	https://www.list.am/ru/item/19553876
Арабкир, 2 ком., 47 кв.м., 7/8 этаж	2	380000	47	https://www.list.am/ru/item/20174604
Арабкир, 5 ком., 150 кв.м., 12/17 этаж	5	630000	150	https://www.list.am/ru/item/20020307
Арабкир, 2 ком., 55 кв.м., 16/17 этаж	2	523800	55	https://www.list.am/ru/item/20117021
Арабкир, 2 ком., 78 кв.м., 3/5 этаж	2	360000	78	https://www.list.am/ru/item/20080210
Арабкир, 2 ком., 42 кв.м., 7/8 этаж	2	320000	42	https://www.list.am/ru/item/20310502
Арабкир, 2 ком., 60 кв.м., 3/5 этаж	2	350000	60	https://www.list.am/ru/item/20246750
Арабкир, 4 ком., 78 кв.м., 4/6 этаж	4	380000	78	https://www.list.am/ru/item/20307550
Арабкир, 2 ком., 68 кв.м., 2/2 этаж	2	368600	68	https://www.list.am/ru/item/20290134
Арабкир, 2 ком., 44 кв.м., 5/5 этаж	2	270000	44	https://www.list.am/ru/item/20307410
