Арабкир, 2 ком., 60 кв.м., 2/16 этаж	2	310400	60	https://www.list.am/ru/item/19670488
Арабкир, 2 ком., 48 кв.м., 14/16 этаж	2	280000	48	https://www.list.am/ru/item/19812271
Арабкир, 2 ком., 53 кв.м., 1/5 этаж	2	250000	53	https://www.list.am/ru/item/20147199
Арабкир, 3 ком., 100 кв.м., 3/3 этаж	3	490000	100	https://www.list.am/ru/item/19958727
Арабкир, 3 ком., 60 кв.м., 10/11 этаж	3	520000	60	https://www.list.am/ru/item/19207045
Арабкир, 2 ком., 56 кв.м., 1/12 этаж	2	290000	56	https://www.list.am/ru/item/19738991
Арабкир, 3 ком., 100 кв.м., 3/3 этаж	3	659600	100	https://www.list.am/ru/item/20071950
Арабкир, 2 ком., 62 кв.м., 2/5 этаж	2	400000	62	https://www.list.am/ru/item/20146785
Арабкир, 3 ком., 80 кв.м., 7/11 этаж	3	500000	80	https://www.list.am/ru/item/19847907
Арабкир, 2 ком., 46 кв.м., 4/5 этаж	2	360000	46	https://www.list.am/ru/item/19431619
Арабкир, 2 ком., 57 кв.м., 3/8 этаж	2	400000	57	https://www.list.am/ru/item/20130728
Арабкир, 2 ком., 60 кв.м., 4/5 этаж	2	300000	60	https://www.list.am/ru/item/20129515
Арабкир, 1 ком., 27 кв.м., 3/4 этаж	1	300000	27	https://www.list.am/ru/item/20100935
Арабкир, 3 ком., 70 кв.м., 3/4 этаж	3	500000	70	https://www.list.am/ru/item/20104138
Арабкир, 2 ком., 116 кв.м., 4/12 этаж	2	659600	116	https://www.list.am/ru/item/19942281
Арабкир, 3 ком., 90 кв.м., 14/14 этаж	3	500000	90	https://www.list.am/ru/item/20133244
Арабкир, 2 ком., 70 кв.м., 1/5 этаж	2	350000	70	https://www.list.am/ru/item/19293533
Арабкир, 2 ком., 50 кв.м., 3/3 этаж	2	300000	50	https://www.list.am/ru/item/20116913
Арабкир, 1 ком., 25 кв.м., 4/4 этаж	1	180000	25	https://www.list.am/ru/item/20146297
Арабкир, 3 ком., 110 кв.м., 4/5 этаж	3	400000	110	https://www.list.am/ru/item/20125932
Арабкир, 2 ком., 51 кв.м., 17/19 этаж	2	388000	51	https://www.list.am/ru/item/20073613
Арабкир, 1 ком., 31 кв.м., 2/5 этаж	1	290000	31	https://www.list.am/ru/item/19835897
Арабкир, 1 ком., 31 кв.м., 2/5 этаж	1	290000	31	https://www.list.am/ru/item/19854296
Арабкир, 3 ком., 70 кв.м., 1/9 этаж	3	582000	70	https://www.list.am/ru/item/20146083
Арабкир, 3 ком., 85 кв.м., 2/2 этаж	3	350000	85	https://www.list.am/ru/item/20057796
Арабкир, 2 ком., 47 кв.м., 1/5 этаж	2	310400	47	https://www.list.am/ru/item/20146057
Арабкир, 3 ком., 95 кв.м., 5/5 этаж	3	490000	95	https://www.list.am/ru/item/19640037
Арабкир, 2 ком., 65 кв.м., 7/12 этаж	2	372480	65	https://www.list.am/ru/item/19218604
Арабкир, 2 ком., 65 кв.м., 4/7 этаж	2	388000	65	https://www.list.am/ru/item/20145982
Арабкир, 3 ком., 60 кв.м., 4/16 этаж	3	582000	60	https://www.list.am/ru/item/20145975
Арабкир, 3 ком., 100 кв.м., 7/8 этаж	3	550000	100	https://www.list.am/ru/item/20043071
Арабкир, 3 ком., 80 кв.м., 2/5 этаж	3	380000	80	https://www.list.am/ru/item/19565402
Арабкир, 2 ком., 56 кв.м., 1/9 этаж	2	300000	56	https://www.list.am/ru/item/20145786
Арабкир, 1 ком., 35 кв.м., 3/5 этаж	1	350000	35	https://www.list.am/ru/item/20145700
Арабкир, 2 ком., 43 кв.м., 13/16 этаж	2	330000	43	https://www.list.am/ru/item/19908792
Арабкир, 3 ком., 70 кв.м., 3/5 этаж	3	300000	70	https://www.list.am/ru/item/20145517
Арабкир, 2 ком., 58 кв.м., 5/5 этаж	2	220000	58	https://www.list.am/ru/item/20145503
Арабкир, 3 ком., 87 кв.м., 1/9 этаж	3	582000	87	https://www.list.am/ru/item/20109955
Арабкир, 1 ком., 50 кв.м., 2/4 этаж	1	300000	50	https://www.list.am/ru/item/20083075
Арабкир, 4 ком., 85 кв.м., 11/12 этаж	4	490000	85	https://www.list.am/ru/item/20112304
Арабкир, 4 ком., 110 кв.м., 1/3 этаж	4	562600	110	https://www.list.am/ru/item/19766122
Арабкир, 1 ком., 35 кв.м., 1/1 этаж	1	250000	35	https://www.list.am/ru/item/20145140
Арабкир, 2 ком., 45 кв.м., 2/8 этаж	2	350000	45	https://www.list.am/ru/item/19373015
Арабкир, 3 ком., 65 кв.м., 3/9 этаж	3	350000	65	https://www.list.am/ru/item/19998632
Арабкир, 4 ком., 140 кв.м., 1/4 этаж	4	1164000	140	https://www.list.am/ru/item/17970906
Арабкир, 1 ком., 40 кв.м., 3/5 этаж	1	260000	40	https://www.list.am/ru/item/20069180
Арабкир, 3 ком., 80 кв.м., 1/1 этаж	3	380000	80	https://www.list.am/ru/item/20107696
Арабкир, 2 ком., 47 кв.м., 3/8 этаж	2	340000	47	https://www.list.am/ru/item/19969388
Арабкир, 2 ком., 42 кв.м., 3/10 этаж	2	300000	42	https://www.list.am/ru/item/20030150
Арабкир, 4 ком., 75 кв.м., 1/5 этаж	4	400000	75	https://www.list.am/ru/item/20116449
Арабкир, 1 ком., 25 кв.м., 1/12 этаж	1	280000	25	https://www.list.am/ru/item/20004183
Арабкир, 3 ком., 82 кв.м., 4/9 этаж	3	380000	82	https://www.list.am/ru/item/20105039
Арабкир, 3 ком., 100 кв.м., 17/17 этаж	3	776000	100	https://www.list.am/ru/item/20059486
Арабкир, 2 ком., 40 кв.м., 1/5 этаж	2	230000	40	https://www.list.am/ru/item/19366571
Арабкир, 2 ком., 60 кв.м., 3/10 этаж	2	450000	60	https://www.list.am/ru/item/20069599
Арабкир, 3 ком., 70 кв.м., 2/19 этаж	3	450000	70	https://www.list.am/ru/item/20072546
Арабкир, 1 ком., 46 кв.м., 9/9 этаж	1	310000	46	https://www.list.am/ru/item/18593404
Арабкир, 2 ком., 45 кв.м., 6/7 этаж	2	320000	45	https://www.list.am/ru/item/18816511
Арабкир, 3 ком., 78 кв.м., 4/16 этаж	3	500000	78	https://www.list.am/ru/item/20122407
Арабкир, 4 ком., 80 кв.м., 3/5 этаж	4	700000	80	https://www.list.am/ru/item/18565247
Арабкир, 4 ком., 110 кв.м., 4/14 этаж	4	600000	110	https://www.list.am/ru/item/20085138
Арабкир, 3 ком., 100 кв.м., 2/5 этаж	3	500000	100	https://www.list.am/ru/item/19644832
Арабкир, 1 ком., 45 кв.м., 4/5 этаж	1	250000	45	https://www.list.am/ru/item/19498745
Арабкир, 3 ком., 75 кв.м., 3/8 этаж	3	368600	75	https://www.list.am/ru/item/19913299
Арабкир, 2 ком., 55 кв.м., 5/6 этаж	2	250000	55	https://www.list.am/ru/item/20143397
Арабкир, 4 ком., 97 кв.м., 9/10 этаж	4	450000	97	https://www.list.am/ru/item/18591152
Арабкир, 4 ком., 70 кв.м., 1/1 этаж	4	400000	70	https://www.list.am/ru/item/20038881
Арабкир, 2 ком., 75 кв.м., 2/9 этаж	2	349200	75	https://www.list.am/ru/item/20039727
Арабкир, 2 ком., 45 кв.м., 8/9 этаж	2	140000	45	https://www.list.am/ru/item/20143078
Арабкир, 3 ком., 85 кв.м., 8/22 этаж	3	582000	85	https://www.list.am/ru/item/19993557
Арабкир, 2 ком., 50 кв.м., 6/7 этаж	2	388000	50	https://www.list.am/ru/item/20051725
Арабкир, 3 ком., 73 кв.м., 3/5 этаж	3	340000	73	https://www.list.am/ru/item/20110018
Арабкир, 2 ком., 68 кв.м., 9/9 этаж	2	300000	68	https://www.list.am/ru/item/18160880
Арабкир, 2 ком., 40 кв.м., 3/5 этаж	2	300000	40	https://www.list.am/ru/item/20142737
Арабкир, 4 ком., 97 кв.м., 5/5 этаж	4	465600	97	https://www.list.am/ru/item/20142664
Арабкир, 5 ком., 160 кв.м., 1/3 этаж	5	1498000	160	https://www.list.am/ru/item/20024557
Арабкир, 3 ком., 67 кв.м., 2/10 этаж	3	420000	67	https://www.list.am/ru/item/20052878
Арабкир, 3 ком., 54 кв.м., 3/5 этаж	3	400000	54	https://www.list.am/ru/item/20023395
Арабкир, 2 ком., 53 кв.м., 3/8 этаж	2	450000	53	https://www.list.am/ru/item/19631904
Арабкир, 3 ком., 100 кв.м., 2/6 этаж	3	460000	100	https://www.list.am/ru/item/19643844
Арабкир, 3 ком., 105 кв.м., 1/12 этаж	3	543200	105	https://www.list.am/ru/item/20128780
Арабкир, 3 ком., 65 кв.м., 6/6 этаж	3	380000	65	https://www.list.am/ru/item/19883492
Арабкир, 1 ком., 38 кв.м., 1/5 этаж	1	245000	38	https://www.list.am/ru/item/19131078
Арабкир, 2 ком., 100 кв.м., 17/17 этаж	2	475000	100	https://www.list.am/ru/item/19210187
Арабкир, 4 ком., 130 кв.м., 4/8 этаж	4	853600	130	https://www.list.am/ru/item/20063306
Арабкир, 3 ком., 99 кв.м., 10/16 этаж	3	420000	99	https://www.list.am/ru/item/20079067
Арабкир, 2 ком., 97 кв.м., 4/4 этаж	2	388000	97	https://www.list.am/ru/item/19881475
Арабкир, 2 ком., 62 кв.м., 3/17 этаж	2	800000	62	https://www.list.am/ru/item/19821011
Арабкир, 2 ком., 70 кв.м., 7/14 этаж	2	388000	70	https://www.list.am/ru/item/20141308
Арабкир, 2 ком., 48 кв.м., 2/5 этаж	2	250000	48	https://www.list.am/ru/item/19558708
Арабкир, 2 ком., 47 кв.м., 10/14 этаж	2	426800	47	https://www.list.am/ru/item/20051737
Арабкир, 2 ком., 48 кв.м., 7/8 этаж	2	388000	48	https://www.list.am/ru/item/19471412
Арабкир, 2 ком., 40 кв.м., 4/9 этаж	2	280000	40	https://www.list.am/ru/item/18926212
Арабкир, 3 ком., 100 кв.м., 3/5 этаж	3	330000	100	https://www.list.am/ru/item/20140626
Арабкир, 1 ком., 42 кв.м., 3/5 этаж	1	280000	42	https://www.list.am/ru/item/20140420
Арабкир, 2 ком., 50 кв.м., 2/8 этаж	2	450000	50	https://www.list.am/ru/item/19325186
Арабкир, 1 ком., 20 кв.м., 1/1 этаж	1	200000	20	https://www.list.am/ru/item/20053841
Арабкир, 3 ком., 95 кв.м., 7/10 этаж	3	450000	95	https://www.list.am/ru/item/20140262
Арабкир, 3 ком., 75 кв.м., 5/5 этаж	3	465600	75	https://www.list.am/ru/item/19965457
Арабкир, 5 ком., 135 кв.м., 3/12 этаж	5	750000	135	https://www.list.am/ru/item/19253831
Арабкир, 4 ком., 160 кв.м., 8/18 этаж	4	776000	160	https://www.list.am/ru/item/19858773
Арабкир, 3 ком., 54 кв.м., 12/16 этаж	3	280000	54	https://www.list.am/ru/item/19985362
Арабкир, 3 ком., 48 кв.м., 12/16 этаж	3	280000	48	https://www.list.am/ru/item/20044439
Арабкир, 1 ком., 35 кв.м., 2/5 этаж	1	349200	35	https://www.list.am/ru/item/19177452
Арабкир, 1 ком., 40 кв.м., 1/4 этаж	1	230000	40	https://www.list.am/ru/item/18464300
Арабкир, 3 ком., 70 кв.м., 3/12 этаж	3	399000	70	https://www.list.am/ru/item/19364360
Арабкир, 3 ком., 68 кв.м., 4/5 этаж	3	426800	68	https://www.list.am/ru/item/19955337
Арабкир, 2 ком., 30 кв.м., 4/4 этаж	2	110000	30	https://www.list.am/ru/item/19998647
Арабкир, 3 ком., 90 кв.м., 1/6 этаж	3	504400	90	https://www.list.am/ru/item/18661457
Арабкир, 1 ком., 24 кв.м., 6/10 этаж	1	380000	24	https://www.list.am/ru/item/20075999
Арабкир, 1 ком., 27 кв.м., 6/10 этаж	1	320000	27	https://www.list.am/ru/item/20072716
Арабкир, 3 ком., 80 кв.м., 3/16 этаж	3	698400	80	https://www.list.am/ru/item/20066223
Арабкир, 3 ком., 83 кв.м., 8/10 этаж	3	465600	83	https://www.list.am/ru/item/20005144
Арабкир, 2 ком., 50 кв.м., 3/4 этаж	2	350000	50	https://www.list.am/ru/item/20138455
Арабкир, 2 ком., 68 кв.м., 10/17 этаж	2	465600	68	https://www.list.am/ru/item/19900327
Арабкир, 3 ком., 72 кв.м., 3/5 этаж	3	350000	72	https://www.list.am/ru/item/19791174
Арабкир, 2 ком., 65 кв.м., 2/5 этаж	2	320000	65	https://www.list.am/ru/item/19993960
Арабкир, 3 ком., 80 кв.м., 2/14 этаж	3	390000	80	https://www.list.am/ru/item/19940733
Арабкир, 3 ком., 80 кв.м., 2/14 этаж	3	390000	80	https://www.list.am/ru/item/20103877
Арабкир, 2 ком., 56 кв.м., 3/14 этаж	2	430000	56	https://www.list.am/ru/item/20138165
Арабкир, 2 ком., 62 кв.м., 9/11 этаж	2	504400	62	https://www.list.am/ru/item/20091302
Арабкир, 1 ком., 38 кв.м., 4/5 этаж	1	220000	38	https://www.list.am/ru/item/19867356
Арабкир, 3 ком., 80 кв.м., 2/5 этаж	3	450000	80	https://www.list.am/ru/item/20110038
Арабкир, 4 ком., 126 кв.м., 8/8 этаж	4	550000	126	https://www.list.am/ru/item/19479770
Арабкир, 2 ком., 65 кв.м., 6/6 этаж	2	350000	65	https://www.list.am/ru/item/19747615
Арабкир, 3 ком., 87 кв.м., 4/6 этаж	3	480000	87	https://www.list.am/ru/item/20110162
Арабкир, 1 ком., 38 кв.м., 2/5 этаж	1	340000	38	https://www.list.am/ru/item/20076861
Арабкир, 3 ком., 55 кв.м., 3/5 этаж	3	400000	55	https://www.list.am/ru/item/20044006
Арабкир, 2 ком., 61 кв.м., 4/8 этаж	2	500000	61	https://www.list.am/ru/item/19263203
Арабкир, 2 ком., 77 кв.м., 6/8 этаж	2	504400	77	https://www.list.am/ru/item/20059678
Арабкир, 2 ком., 69 кв.м., 3/5 этаж	2	350000	69	https://www.list.am/ru/item/20047065
Арабкир, 4 ком., 110 кв.м., 4/8 этаж	4	550000	110	https://www.list.am/ru/item/20136796
Арабкир, 4 ком., 158 кв.м., 3/4 этаж	4	970000	158	https://www.list.am/ru/item/19939892
Арабкир, 2 ком., 70 кв.м., 2/14 этаж	2	465600	70	https://www.list.am/ru/item/19949462
Арабкир, 4 ком., 120 кв.м., 7/16 этаж	4	620800	120	https://www.list.am/ru/item/18876066
Арабкир, 2 ком., 56 кв.м., 8/10 этаж	2	300000	56	https://www.list.am/ru/item/20135197
Арабкир, 2 ком., 46 кв.м., 5/8 этаж	2	350000	46	https://www.list.am/ru/item/19584587
Арабкир, 3 ком., 95 кв.м., 1/4 этаж	3	600000	95	https://www.list.am/ru/item/16141074
Арабкир, 3 ком., 90 кв.м., 2/6 этаж	3	426800	90	https://www.list.am/ru/item/20087439
Арабкир, 4 ком., 80 кв.м., 3/5 этаж	4	700000	80	https://www.list.am/ru/item/17504961
Арабкир, 3 ком., 82 кв.м., 17/17 этаж	3	510000	82	https://www.list.am/ru/item/19968786
Арабкир, 2 ком., 55 кв.м., 9/10 этаж	2	300000	55	https://www.list.am/ru/item/19007570
Арабкир, 1 ком., 20 кв.м., 1/5 этаж	1	160000	20	https://www.list.am/ru/item/19816176
Арабкир, 2 ком., 72 кв.м., 12/17 этаж	2	776000	72	https://www.list.am/ru/item/20134187
Арабкир, 2 ком., 54 кв.м., 8/8 этаж	2	400000	54	https://www.list.am/ru/item/20134155
Арабкир, 3 ком., 170 кв.м., 14/24 этаж	3	562600	170	https://www.list.am/ru/item/19045890
Арабкир, 2 ком., 56 кв.м., 4/9 этаж	2	500000	56	https://www.list.am/ru/item/19959618
Арабкир, 4 ком., 174 кв.м., 10/14 этаж	4	800000	174	https://www.list.am/ru/item/19245208
Арабкир, 2 ком., 90 кв.м., 12/12 этаж	2	426800	90	https://www.list.am/ru/item/17461299
Арабкир, 2 ком., 60 кв.м., 5/5 этаж	2	400000	60	https://www.list.am/ru/item/20019251
Арабкир, 2 ком., 70 кв.м., 4/5 этаж	2	400000	70	https://www.list.am/ru/item/20023464
Арабкир, 2 ком., 50 кв.м., 4/5 этаж	2	370000	50	https://www.list.am/ru/item/18578498
Арабкир, 3 ком., 60 кв.м., 10/10 этаж	3	520000	60	https://www.list.am/ru/item/19217159
Арабкир, 3 ком., 80 кв.м., 6/9 этаж	3	400000	80	https://www.list.am/ru/item/20027463
Арабкир, 3 ком., 64 кв.м., 5/5 этаж	3	350000	64	https://www.list.am/ru/item/19829712
Арабкир, 3 ком., 97 кв.м., 2/9 этаж	3	543200	97	https://www.list.am/ru/item/19104126
Арабкир, 1 ком., 50 кв.м., 5/14 этаж	1	350000	50	https://www.list.am/ru/item/20130834
Арабкир, 4 ком., 118 кв.м., 11/16 этаж	4	465600	118	https://www.list.am/ru/item/20130560
Арабкир, 3 ком., 70 кв.м., 1/5 этаж	3	500000	70	https://www.list.am/ru/item/19747479
Арабкир, 3 ком., 91 кв.м., 4/17 этаж	3	620800	91	https://www.list.am/ru/item/18886061
Арабкир, 3 ком., 120 кв.м., 9/9 этаж	3	504400	120	https://www.list.am/ru/item/20090347
Арабкир, 2 ком., 54 кв.м., 1/9 этаж	2	420000	54	https://www.list.am/ru/item/20130150
Арабкир, 3 ком., 100 кв.м., 2/15 этаж	3	400000	100	https://www.list.am/ru/item/19930536
Арабкир, 2 ком., 45 кв.м., 3/3 этаж	2	426800	45	https://www.list.am/ru/item/19853738
Арабкир, 2 ком., 70 кв.м., 8/15 этаж	2	380000	70	https://www.list.am/ru/item/20110243
Арабкир, 2 ком., 71 кв.м., 5/9 этаж	2	400000	71	https://www.list.am/ru/item/19993191
Арабкир, 2 ком., 68 кв.м., 3/5 этаж	2	300000	68	https://www.list.am/ru/item/20112206
Арабкир, 2 ком., 50 кв.м., 2/2 этаж	2	360000	50	https://www.list.am/ru/item/19783942
Арабкир, 3 ком., 74 кв.м., 6/7 этаж	3	520000	74	https://www.list.am/ru/item/19749866
Арабкир, 2 ком., 50 кв.м., 3/9 этаж	2	350000	50	https://www.list.am/ru/item/19994429
Арабкир, 2 ком., 70 кв.м., 1/9 этаж	2	400000	70	https://www.list.am/ru/item/19619295
Арабкир, 1 ком., 27 кв.м., 2/9 этаж	1	300000	27	https://www.list.am/ru/item/20126795
Арабкир, 3 ком., 93 кв.м., 8/9 этаж	3	500000	93	https://www.list.am/ru/item/20126384
Арабкир, 3 ком., 87 кв.м., 2/5 этаж	3	350000	87	https://www.list.am/ru/item/20126335
Арабкир, 1 ком., 40 кв.м., 3/3 этаж	1	300000	40	https://www.list.am/ru/item/20124039
Арабкир, 2 ком., 70 кв.м., 1/2 этаж	2	350000	70	https://www.list.am/ru/item/19973365
Арабкир, 2 ком., 68 кв.м., 4/5 этаж	2	270000	68	https://www.list.am/ru/item/19060662
Арабкир, 2 ком., 66 кв.м., 2/8 этаж	2	380000	66	https://www.list.am/ru/item/20121921
Арабкир, 3 ком., 86 кв.м., 4/6 этаж	3	480000	86	https://www.list.am/ru/item/19436100
Арабкир, 3 ком., 76 кв.м., 2/4 этаж	3	543200	76	https://www.list.am/ru/item/19557919
Арабкир, 2 ком., 52 кв.м., 4/5 этаж	2	300000	52	https://www.list.am/ru/item/20097122
Арабкир, 2 ком., 68 кв.м., 14/16 этаж	2	465600	68	https://www.list.am/ru/item/20091179
Арабкир, 3 ком., 68 кв.м., 3/4 этаж	3	365000	68	https://www.list.am/ru/item/20119507
Арабкир, 4 ком., 105 кв.м., 6/7 этаж	4	600000	105	https://www.list.am/ru/item/19956315
Арабкир, 3 ком., 89 кв.м., 2/16 этаж	3	380000	89	https://www.list.am/ru/item/19899681
Арабкир, 3 ком., 90 кв.м., 2/16 этаж	3	380000	90	https://www.list.am/ru/item/19757237
Арабкир, 2 ком., 45 кв.м., 2/5 этаж	2	350000	45	https://www.list.am/ru/item/20012503
Арабкир, 3 ком., 76 кв.м., 3/15 этаж	3	465600	76	https://www.list.am/ru/item/19495110
Арабкир, 2 ком., 54 кв.м., 7/9 этаж	2	310000	54	https://www.list.am/ru/item/19721717
Арабкир, 2 ком., 65 кв.м., 3/9 этаж	2	420000	65	https://www.list.am/ru/item/19871845
Арабкир, 3 ком., 90 кв.м., 4/8 этаж	3	500000	90	https://www.list.am/ru/item/19847102
Арабкир, 2 ком., 40 кв.м., 4/4 этаж	2	385000	40	https://www.list.am/ru/item/20079670
Арабкир, 3 ком., 100 кв.м., 10/16 этаж	3	430000	100	https://www.list.am/ru/item/20078713
Арабкир, 3 ком., 75 кв.м., 1/3 этаж	3	291000	75	https://www.list.am/ru/item/20081479
Арабкир, 2 ком., 41 кв.м., 8/10 этаж	2	380000	41	https://www.list.am/ru/item/20086509
Арабкир, 2 ком., 45 кв.м., 8/9 этаж	2	330000	45	https://www.list.am/ru/item/20087407
Арабкир, 4 ком., 119 кв.м., 10/13 этаж	4	549000	119	https://www.list.am/ru/item/20095664
Арабкир, 2 ком., 32 кв.м., 3/4 этаж	2	350000	32	https://www.list.am/ru/item/19863715
Арабкир, 2 ком., 50 кв.м., 5/5 этаж	2	450000	50	https://www.list.am/ru/item/20076625
Арабкир, 3 ком., 78 кв.м., 3/9 этаж	3	350000	78	https://www.list.am/ru/item/20109618
Арабкир, 2 ком., 41 кв.м., 2/2 этаж	2	426800	41	https://www.list.am/ru/item/20125087
Арабкир, 3 ком., 110 кв.м., 9/16 этаж	3	582000	110	https://www.list.am/ru/item/20002365
Арабкир, 4 ком., 82 кв.м., 3/9 этаж	4	400000	82	https://www.list.am/ru/item/17914535
Арабкир, 2 ком., 54 кв.м., 3/5 этаж	2	550000	54	https://www.list.am/ru/item/20082382
Арабкир, 3 ком., 107 кв.м., 2/16 этаж	3	450000	107	https://www.list.am/ru/item/20081985
Арабкир, 1 ком., 45 кв.м., 4/5 этаж	1	250000	45	https://www.list.am/ru/item/19860814
Арабкир, 1 ком., 33 кв.м., 2/5 этаж	1	240000	33	https://www.list.am/ru/item/19940165
Арабкир, 4 ком., 95 кв.м., 12/12 этаж	4	504400	95	https://www.list.am/ru/item/20067709
Арабкир, 2 ком., 67 кв.м., 2/9 этаж	2	270000	67	https://www.list.am/ru/item/20152713
Арабкир, 3 ком., 90 кв.м., 13/14 этаж	3	368600	90	https://www.list.am/ru/item/20102370
Арабкир, 2 ком., 46 кв.м., 2/5 этаж	2	350000	46	https://www.list.am/ru/item/19946620
Арабкир, 3 ком., 101 кв.м., 7/16 этаж	3	931200	101	https://www.list.am/ru/item/18463569
Арабкир, 2 ком., 44 кв.м., 1/5 этаж	2	380000	44	https://www.list.am/ru/item/19616537
Арабкир, 2 ком., 50 кв.м., 5/5 этаж	2	330000	50	https://www.list.am/ru/item/19870516
Арабкир, 3 ком., 100 кв.м., 2/6 этаж	3	450000	100	https://www.list.am/ru/item/19975495
Арабкир, 1 ком., 37 кв.м., 1/5 этаж	1	235000	37	https://www.list.am/ru/item/20133556
Арабкир, 2 ком., 65 кв.м., 8/9 этаж	2	260000	65	https://www.list.am/ru/item/20151944
Арабкир, 4 ком., 120 кв.м., 5/8 этаж	4	543200	120	https://www.list.am/ru/item/20151825
Арабкир, 1 ком., 45 кв.м., 5/9 этаж	1	220000	45	https://www.list.am/ru/item/20132936
Арабкир, 4 ком., 98 кв.м., 7/9 этаж	4	485000	98	https://www.list.am/ru/item/20115795
Арабкир, 2 ком., 70 кв.м., 11/16 этаж	2	450000	70	https://www.list.am/ru/item/18524509
Арабкир, 1 ком., 42 кв.м., 4/5 этаж	1	270000	42	https://www.list.am/ru/item/20151443
Арабкир, 2 ком., 54 кв.м., 2/5 этаж	2	270000	54	https://www.list.am/ru/item/20032306
Арабкир, 3 ком., 80 кв.м., 16/18 этаж	3	543200	80	https://www.list.am/ru/item/19694505
Арабкир, 2 ком., 74 кв.м., 3/5 этаж	2	300000	74	https://www.list.am/ru/item/20151342
Арабкир, 4 ком., 92 кв.м., 1/5 этаж	4	500000	92	https://www.list.am/ru/item/19635676
Арабкир, 3 ком., 60 кв.м., 5/14 этаж	3	400000	60	https://www.list.am/ru/item/20104908
Арабкир, 3 ком., 87 кв.м., 1/9 этаж	3	582000	87	https://www.list.am/ru/item/20021055
Арабкир, 2 ком., 46 кв.м., 4/9 этаж	2	360000	46	https://www.list.am/ru/item/20040984
Арабкир, 2 ком., 48 кв.м., 1/3 этаж	2	340000	48	https://www.list.am/ru/item/17563731
Арабкир, 3 ком., 102 кв.м., 2/2 этаж	3	582000	102	https://www.list.am/ru/item/19757975
Арабкир, 4 ком., 110 кв.м., 4/14 этаж	4	480000	110	https://www.list.am/ru/item/20116622
Арабкир, 2 ком., 35 кв.м., 3/5 этаж	2	400000	35	https://www.list.am/ru/item/19719778
Арабкир, 5 ком., 144 кв.м., 12/17 этаж	5	814800	144	https://www.list.am/ru/item/20020307
Арабкир, 3 ком., 85 кв.м., 2/5 этаж	3	750000	85	https://www.list.am/ru/item/19206591
Арабкир, 2 ком., 78 кв.м., 3/5 этаж	2	400000	78	https://www.list.am/ru/item/20080210
Арабкир, 3 ком., 105 кв.м., 11/15 этаж	3	800000	105	https://www.list.am/ru/item/20133574
Арабкир, 4 ком., 130 кв.м., 2/5 этаж	4	620800	130	https://www.list.am/ru/item/17118825
Арабкир, 2 ком., 68 кв.м., 4/4 этаж	2	350000	68	https://www.list.am/ru/item/19973462
Арабкир, 4 ком., 67 кв.м., 7/12 этаж	4	380000	67	https://www.list.am/ru/item/20150316
Арабкир, 3 ком., 65 кв.м., 1/5 этаж	3	350000	65	https://www.list.am/ru/item/19981909
Арабкир, 3 ком., 75 кв.м., 3/9 этаж	3	500000	75	https://www.list.am/ru/item/18585327
Арабкир, 4 ком., 124 кв.м., 6/8 этаж	4	970000	124	https://www.list.am/ru/item/20063134
Арабкир, 2 ком., 55 кв.м., 4/5 этаж	2	300000	55	https://www.list.am/ru/item/20149965
Арабкир, 2 ком., 54 кв.м., 1/4 этаж	2	280000	54	https://www.list.am/ru/item/20076981
Арабкир, 4 ком., 78 кв.м., 3/5 этаж	4	400000	78	https://www.list.am/ru/item/19637921
Арабкир, 1 ком., 43 кв.м., 7/9 этаж	1	330000	43	https://www.list.am/ru/item/18541670
Арабкир, 4 ком., 118 кв.м., 6/6 этаж	4	650000	118	https://www.list.am/ru/item/19612904
Арабкир, 2 ком., 65 кв.м., 7/15 этаж	2	280000	65	https://www.list.am/ru/item/20022730
Арабкир, 2 ком., 40 кв.м., 3/5 этаж	2	250000	40	https://www.list.am/ru/item/18426766
Арабкир, 1 ком., 20 кв.м., 1/16 этаж	1	150000	20	https://www.list.am/ru/item/20149469
Арабкир, 2 ком., 59 кв.м., 5/5 этаж	2	300000	59	https://www.list.am/ru/item/20135305
Арабкир, 3 ком., 70 кв.м., 1/9 этаж	3	543200	70	https://www.list.am/ru/item/20149275
Арабкир, 3 ком., 90 кв.м., 4/5 этаж	3	400000	90	https://www.list.am/ru/item/19816871
Арабкир, 2 ком., 52 кв.м., 3/5 этаж	2	350000	52	https://www.list.am/ru/item/20003759
Арабкир, 3 ком., 65 кв.м., 9/16 этаж	3	465600	65	https://www.list.am/ru/item/19598037
Арабкир, 2 ком., 72 кв.м., 3/6 этаж	2	232800	72	https://www.list.am/ru/item/19504278
Арабкир, 2 ком., 50 кв.м., 11/16 этаж	2	310400	50	https://www.list.am/ru/item/20148819
Арабкир, 3 ком., 100 кв.м., 5/8 этаж	3	776000	100	https://www.list.am/ru/item/19549959
Арабкир, 2 ком., 50 кв.м., 4/4 этаж	2	400000	50	https://www.list.am/ru/item/20135396
Арабкир, 2 ком., 60 кв.м., 10/15 этаж	2	446200	60	https://www.list.am/ru/item/19946390
Арабкир, 2 ком., 45 кв.м., 2/5 этаж	2	350000	45	https://www.list.am/ru/item/19169235
Арабкир, 2 ком., 75 кв.м., 2/5 этаж	2	310400	75	https://www.list.am/ru/item/20057830
Арабкир, 3 ком., 84 кв.м., 4/7 этаж	3	500000	84	https://www.list.am/ru/item/19635351
Арабкир, 2 ком., 56 кв.м., 3/7 этаж	2	349200	56	https://www.list.am/ru/item/20148250
Арабкир, 3 ком., 55 кв.м., 11/16 этаж	3	290000	55	https://www.list.am/ru/item/19985875
Арабкир, 2 ком., 40 кв.м., 4/6 этаж	2	420000	40	https://www.list.am/ru/item/19336795
Арабкир, 3 ком., 70 кв.м., 2/2 этаж	3	510000	70	https://www.list.am/ru/item/20041661
Арабкир, 3 ком., 78 кв.м., 5/5 этаж	3	430000	78	https://www.list.am/ru/item/20109985
Арабкир, 2 ком., 77 кв.м., 3/8 этаж	2	400000	77	https://www.list.am/ru/item/18769324
Арабкир, 3 ком., 98 кв.м., 4/8 этаж	3	650000	98	https://www.list.am/ru/item/18732387
Арабкир, 2 ком., 51 кв.м., 7/18 этаж	2	426800	51	https://www.list.am/ru/item/19244126
Арабкир, 3 ком., 72 кв.м., 5/5 этаж	3	320000	72	https://www.list.am/ru/item/19966096
Арабкир, 2 ком., 74 кв.м., 2/5 этаж	2	465600	74	https://www.list.am/ru/item/20104936
Арабкир, 5 ком., 165 кв.м., 4/4 этаж	5	100000	165	https://www.list.am/ru/item/17491120
Арабкир, 2 ком., 56 кв.м., 11/17 этаж	2	465600	56	https://www.list.am/ru/item/19679826
Арабкир, 2 ком., 50 кв.м., 7/17 этаж	2	426800	50	https://www.list.am/ru/item/19244798
Арабкир, 2 ком., 65 кв.м., 3/11 этаж	2	500000	65	https://www.list.am/ru/item/20019597
Арабкир, 3 ком., 98 кв.м., 5/5 этаж	3	500000	98	https://www.list.am/ru/item/19346349
Арабкир, 2 ком., 62 кв.м., 11/18 этаж	2	450000	62	https://www.list.am/ru/item/20147807
Арабкир, 2 ком., 70 кв.м., 2/9 этаж	2	400000	70	https://www.list.am/ru/item/20147548
Арабкир, 1 ком., 31 кв.м., 2/5 этаж	1	290000	31	https://www.list.am/ru/item/20093089
Арабкир, 2 ком., 52 кв.м., 4/7 этаж	2	500000	52	https://www.list.am/ru/item/18583776
Арабкир, 2 ком., 62 кв.м., 3/6 этаж	2	500000	62	https://www.list.am/ru/item/19995263
Арабкир, 2 ком., 90 кв.м., 2/6 этаж	2	426800	90	https://www.list.am/ru/item/20141768
Арабкир, 2 ком., 72 кв.м., 11/14 этаж	2	300000	72	https://www.list.am/ru/item/20157707
Арабкир, 3 ком., 110 кв.м., 1/3 этаж	3	400000	110	https://www.list.am/ru/item/20157696
Арабкир, 2 ком., 45 кв.м., 1/9 этаж	2	300000	45	https://www.list.am/ru/item/19998607
Арабкир, 3 ком., 60 кв.м., 1/5 этаж	3	500000	60	https://www.list.am/ru/item/19464387
Арабкир, 3 ком., 80 кв.м., 6/14 этаж	3	543200	80	https://www.list.am/ru/item/20033878
Арабкир, 2 ком., 45 кв.м., 9/9 этаж	2	291000	45	https://www.list.am/ru/item/20157572
Арабкир, 2 ком., 47 кв.м., 4/5 этаж	2	300000	47	https://www.list.am/ru/item/20096524
Арабкир, 2 ком., 78 кв.м., 6/6 этаж	2	450000	78	https://www.list.am/ru/item/17666103
Арабкир, 1 ком., 50 кв.м., 5/5 этаж	1	280000	50	https://www.list.am/ru/item/20157437
Арабкир, 2 ком., 50 кв.м., 1/5 этаж	2	310400	50	https://www.list.am/ru/item/20157436
Арабкир, 2 ком., 67 кв.м., 5/16 этаж	2	504400	67	https://www.list.am/ru/item/20122347
Арабкир, 1 ком., 50 кв.м., 4/10 этаж	1	350000	50	https://www.list.am/ru/item/20157366
Арабкир, 3 ком., 78 кв.м., 4/4 этаж	3	360000	78	https://www.list.am/ru/item/19130858
Арабкир, 3 ком., 50 кв.м., 3/3 этаж	3	450000	50	https://www.list.am/ru/item/20157261
Арабкир, 3 ком., 60 кв.м., 4/9 этаж	3	329000	60	https://www.list.am/ru/item/20157235
Арабкир, 2 ком., 36 кв.м., 2/16 этаж	2	300000	36	https://www.list.am/ru/item/20157195
Арабкир, 1 ком., 45 кв.м., 4/4 этаж	1	250000	45	https://www.list.am/ru/item/20157187
Арабкир, 2 ком., 47 кв.м., 7/9 этаж	2	280000	47	https://www.list.am/ru/item/20157179
Арабкир, 2 ком., 35 кв.м., 3/17 этаж	2	450000	35	https://www.list.am/ru/item/20157174
Арабкир, 2 ком., 70 кв.м., 3/10 этаж	2	330000	70	https://www.list.am/ru/item/20157149
Арабкир, 3 ком., 62 кв.м., 4/8 этаж	3	543200	62	https://www.list.am/ru/item/20066100
Арабкир, 2 ком., 65 кв.м., 12/16 этаж	2	504400	65	https://www.list.am/ru/item/20088327
Арабкир, 3 ком., 78 кв.м., 3/9 этаж	3	750000	78	https://www.list.am/ru/item/20156973
Арабкир, 3 ком., 100 кв.м., 2/5 этаж	3	440000	100	https://www.list.am/ru/item/20095302
Арабкир, 3 ком., 75 кв.м., 4/4 этаж	3	500000	75	https://www.list.am/ru/item/19091694
Арабкир, 4 ком., 75 кв.м., 3/5 этаж	4	400000	75	https://www.list.am/ru/item/19532951
Арабкир, 2 ком., 45 кв.м., 2/5 этаж	2	350000	45	https://www.list.am/ru/item/19987189
Арабкир, 3 ком., 100 кв.м., 3/5 этаж	3	350000	100	https://www.list.am/ru/item/20112922
Арабкир, 3 ком., 90 кв.м., 10/17 этаж	3	620800	90	https://www.list.am/ru/item/19980281
Арабкир, 2 ком., 55 кв.м., 3/5 этаж	2	350000	55	https://www.list.am/ru/item/19783199
Арабкир, 4 ком., 92 кв.м., 2/5 этаж	4	500000	92	https://www.list.am/ru/item/20111902
Арабкир, 2 ком., 58 кв.м., 2/5 этаж	2	350000	58	https://www.list.am/ru/item/20009076
Арабкир, 3 ком., 98 кв.м., 4/8 этаж	3	650000	98	https://www.list.am/ru/item/19506589
Арабкир, 2 ком., 77 кв.м., 3/8 этаж	2	450000	77	https://www.list.am/ru/item/19507643
Арабкир, 4 ком., 126 кв.м., 8/14 этаж	4	450000	126	https://www.list.am/ru/item/20141071
Арабкир, 2 ком., 54 кв.м., 3/4 этаж	2	426800	54	https://www.list.am/ru/item/19727783
Арабкир, 1 ком., 50 кв.м., 2/5 этаж	1	350000	50	https://www.list.am/ru/item/19042446
Арабкир, 3 ком., 70 кв.м., 11/18 этаж	3	582000	70	https://www.list.am/ru/item/19047589
Арабкир, 5 ком., 153 кв.м., 12/14 этаж	5	931200	153	https://www.list.am/ru/item/19887529
Арабкир, 1 ком., 48 кв.м., 1/1 этаж	1	250000	48	https://www.list.am/ru/item/19938206
Арабкир, 4 ком., 100 кв.м., 3/3 этаж	4	500000	100	https://www.list.am/ru/item/19315884
Арабкир, 3 ком., 80 кв.м., 4/18 этаж	3	504400	80	https://www.list.am/ru/item/19571495
Арабкир, 2 ком., 50 кв.м., 6/9 этаж	2	400000	50	https://www.list.am/ru/item/20137510
Арабкир, 4 ком., 110 кв.м., 7/14 этаж	4	800000	110	https://www.list.am/ru/item/19783071
Арабкир, 1 ком., 35 кв.м., 2/5 этаж	1	390000	35	https://www.list.am/ru/item/19342099
Арабкир, 2 ком., 84 кв.м., 4/4 этаж	2	388000	84	https://www.list.am/ru/item/19561375
Арабкир, 4 ком., 127 кв.м., 1/10 этаж	4	950000	127	https://www.list.am/ru/item/19826974
Арабкир, 2 ком., 65 кв.м., 6/8 этаж	2	388000	65	https://www.list.am/ru/item/20089967
Арабкир, 1 ком., 40 кв.м., 2/5 этаж	1	400000	40	https://www.list.am/ru/item/20076118
Арабкир, 2 ком., 55 кв.м., 5/5 этаж	2	400000	55	https://www.list.am/ru/item/19850192
Арабкир, 3 ком., 98 кв.м., 3/5 этаж	3	500000	98	https://www.list.am/ru/item/18374407
Арабкир, 4 ком., 100 кв.м., 6/12 этаж	4	515000	100	https://www.list.am/ru/item/19537053
Арабкир, 3 ком., 69 кв.м., 3/5 этаж	3	350000	69	https://www.list.am/ru/item/20104146
Арабкир, 1 ком., 35 кв.м., 1/10 этаж	1	220000	35	https://www.list.am/ru/item/20122768
Арабкир, 2 ком., 40 кв.м., 4/4 этаж	2	388000	40	https://www.list.am/ru/item/17811666
Арабкир, 2 ком., 60 кв.м., 9/13 этаж	2	500000	60	https://www.list.am/ru/item/20155604
Арабкир, 1 ком., 33 кв.м., 2/5 этаж	1	250000	33	https://www.list.am/ru/item/18945228
Арабкир, 1 ком., 33 кв.м., 4/5 этаж	1	250000	33	https://www.list.am/ru/item/20059993
Арабкир, 2 ком., 54 кв.м., 5/5 этаж	2	200000	54	https://www.list.am/ru/item/19745765
Арабкир, 2 ком., 50 кв.м., 1/5 этаж	2	270000	50	https://www.list.am/ru/item/20063141
Арабкир, 2 ком., 120 кв.м., 9/13 этаж	2	600000	120	https://www.list.am/ru/item/20102321
Арабкир, 3 ком., 78 кв.м., 4/5 этаж	3	550000	78	https://www.list.am/ru/item/19304716
Арабкир, 3 ком., 70 кв.м., 6/9 этаж	3	350000	70	https://www.list.am/ru/item/20096894
Арабкир, 3 ком., 80 кв.м., 5/7 этаж	3	582000	80	https://www.list.am/ru/item/20155313
Арабкир, 2 ком., 59 кв.м., 1/6 этаж	2	350000	59	https://www.list.am/ru/item/20059234
Арабкир, 2 ком., 65 кв.м., 4/18 этаж	2	465600	65	https://www.list.am/ru/item/19066093
Арабкир, 3 ком., 107 кв.м., 4/10 этаж	3	504400	107	https://www.list.am/ru/item/20027340
Арабкир, 4 ком., 110 кв.м., 2/5 этаж	4	582000	110	https://www.list.am/ru/item/19867144
Арабкир, 3 ком., 75 кв.м., 4/10 этаж	3	380000	75	https://www.list.am/ru/item/20118801
Арабкир, 2 ком., 47 кв.м., 4/7 этаж	2	270000	47	https://www.list.am/ru/item/20023434
Арабкир, 3 ком., 102 кв.м., 5/5 этаж	3	500000	102	https://www.list.am/ru/item/19113194
Арабкир, 1 ком., 36 кв.м., 6/6 этаж	1	500000	36	https://www.list.am/ru/item/20154626
Арабкир, 2 ком., 70 кв.м., 4/6 этаж	2	500000	70	https://www.list.am/ru/item/20154610
Арабкир, 2 ком., 55 кв.м., 2/8 этаж	2	380000	55	https://www.list.am/ru/item/19925158
Арабкир, 4 ком., 136 кв.м., 4/9 этаж	4	680000	136	https://www.list.am/ru/item/20055265
Арабкир, 3 ком., 60 кв.м., 4/5 этаж	3	370000	60	https://www.list.am/ru/item/20139625
Арабкир, 2 ком., 46 кв.м., 2/9 этаж	2	230000	46	https://www.list.am/ru/item/20109905
Арабкир, 2 ком., 75 кв.м., 9/13 этаж	2	450000	75	https://www.list.am/ru/item/20097318
Арабкир, 2 ком., 54 кв.м., 7/9 этаж	2	291000	54	https://www.list.am/ru/item/20154035
Арабкир, 3 ком., 75 кв.м., 2/5 этаж	3	349200	75	https://www.list.am/ru/item/20119894
Арабкир, 2 ком., 25 кв.м., 2/3 этаж	2	65000	25	https://www.list.am/ru/item/17120654
Арабкир, 3 ком., 79 кв.м., 1/9 этаж	3	350000	79	https://www.list.am/ru/item/20033674
Арабкир, 2 ком., 38 кв.м., 4/4 этаж	2	465600	38	https://www.list.am/ru/item/20084601
Арабкир, 1 ком., 25 кв.м., 1/5 этаж	1	230000	25	https://www.list.am/ru/item/20137651
Арабкир, 2 ком., 55 кв.м., 14/15 этаж	2	400000	55	https://www.list.am/ru/item/20098379
Арабкир, 3 ком., 80 кв.м., 14/16 этаж	3	450000	80	https://www.list.am/ru/item/19969194
Арабкир, 2 ком., 68 кв.м., 10/15 этаж	2	465600	68	https://www.list.am/ru/item/19909666
Арабкир, 2 ком., 65 кв.м., 5/5 этаж	2	280000	65	https://www.list.am/ru/item/20107136
Арабкир, 2 ком., 50 кв.м., 3/9 этаж	2	400000	50	https://www.list.am/ru/item/20025314
Арабкир, 2 ком., 50 кв.м., 2/5 этаж	2	300000	50	https://www.list.am/ru/item/19685154
Арабкир, 2 ком., 30 кв.м., 2/5 этаж	2	320000	30	https://www.list.am/ru/item/20138403
Арабкир, 3 ком., 78 кв.м., 14/14 этаж	3	310400	78	https://www.list.am/ru/item/19568147
Арабкир, 2 ком., 60 кв.м., 1/12 этаж	2	290000	60	https://www.list.am/ru/item/19438268
Арабкир, 2 ком., 55 кв.м., 5/9 этаж	2	330000	55	https://www.list.am/ru/item/19926040
Арабкир, 2 ком., 74 кв.м., 8/9 этаж	2	271600	74	https://www.list.am/ru/item/19937248
Арабкир, 3 ком., 80 кв.м., 9/9 этаж	3	380000	80	https://www.list.am/ru/item/19904564
Арабкир, 2 ком., 45 кв.м., 2/5 этаж	2	250000	45	https://www.list.am/ru/item/18921774
Арабкир, 2 ком., 45 кв.м., 1/12 этаж	2	369000	45	https://www.list.am/ru/item/19268624
Арабкир, 3 ком., 78 кв.м., 4/9 этаж	3	370000	78	https://www.list.am/ru/item/19804084
Арабкир, 3 ком., 60 кв.м., 3/5 этаж	3	350000	60	https://www.list.am/ru/item/20009799
Арабкир, 2 ком., 72 кв.м., 2/5 этаж	2	285000	72	https://www.list.am/ru/item/20010873
Арабкир, 5 ком., 122 кв.м., 1/3 этаж	5	650000	122	https://www.list.am/ru/item/18278782
Арабкир, 1 ком., 35 кв.м., 5/5 этаж	1	300000	35	https://www.list.am/ru/item/19964364
Арабкир, 2 ком., 40 кв.м., 2/5 этаж	2	320000	40	https://www.list.am/ru/item/19523072
Арабкир, 2 ком., 56 кв.м., 1/9 этаж	2	340000	56	https://www.list.am/ru/item/20041318
Арабкир, 3 ком., 80 кв.м., 7/14 этаж	3	450000	80	https://www.list.am/ru/item/20005432
Арабкир, 2 ком., 50 кв.м., 5/5 этаж	2	500000	50	https://www.list.am/ru/item/19331710
Арабкир, 2 ком., 67 кв.м., 2/9 этаж	2	250000	67	https://www.list.am/ru/item/18790490
Арабкир, 2 ком., 62 кв.м., 5/5 этаж	2	270000	62	https://www.list.am/ru/item/19924943
Арабкир, 3 ком., 75 кв.м., 2/5 этаж	3	388000	75	https://www.list.am/ru/item/20037501
Арабкир, 2 ком., 45 кв.м., 2/5 этаж	2	330000	45	https://www.list.am/ru/item/19905892
Арабкир, 3 ком., 80 кв.м., 2/5 этаж	3	380000	80	https://www.list.am/ru/item/19314651
Арабкир, 2 ком., 54 кв.м., 2/8 этаж	2	700000	54	https://www.list.am/ru/item/20035166
Арабкир, 5 ком., 100 кв.м., 1/5 этаж	5	300000	100	https://www.list.am/ru/item/18385240
Арабкир, 2 ком., 68 кв.м., 6/7 этаж	2	300000	68	https://www.list.am/ru/item/19875615
Арабкир, 3 ком., 77 кв.м., 6/20 этаж	3	388000	77	https://www.list.am/ru/item/20007442
Арабкир, 1 ком., 25 кв.м., 1/5 этаж	1	140000	25	https://www.list.am/ru/item/20032278
Арабкир, 3 ком., 80 кв.м., 4/8 этаж	3	465600	80	https://www.list.am/ru/item/20030543
Арабкир, 3 ком., 60 кв.м., 5/5 этаж	3	390000	60	https://www.list.am/ru/item/19990019
Арабкир, 5 ком., 120 кв.м., 1/3 этаж	5	700000	120	https://www.list.am/ru/item/19268675
Арабкир, 2 ком., 57 кв.м., 3/9 этаж	2	300000	57	https://www.list.am/ru/item/20028123
Арабкир, 2 ком., 45 кв.м., 1/12 этаж	2	349000	45	https://www.list.am/ru/item/19431463
Арабкир, 3 ком., 90 кв.м., 1/5 этаж	3	300000	90	https://www.list.am/ru/item/20006479
Арабкир, 2 ком., 50 кв.м., 4/12 этаж	2	291000	50	https://www.list.am/ru/item/20024738
Арабкир, 3 ком., 58 кв.м., 5/5 этаж	3	320000	58	https://www.list.am/ru/item/19608632
Арабкир, 2 ком., 43 кв.м., 5/9 этаж	2	750000	43	https://www.list.am/ru/item/19066005
Арабкир, 3 ком., 103 кв.м., 6/14 этаж	3	470000	103	https://www.list.am/ru/item/19086214
Арабкир, 2 ком., 45 кв.м., 6/7 этаж	2	320000	45	https://www.list.am/ru/item/20020441
Арабкир, 3 ком., 82 кв.м., 4/4 этаж	3	350000	82	https://www.list.am/ru/item/19999013
Арабкир, 2 ком., 47 кв.м., 2/5 этаж	2	300000	47	https://www.list.am/ru/item/19909484
Арабкир, 2 ком., 37 кв.м., 2/5 этаж	2	270000	37	https://www.list.am/ru/item/20018104
Арабкир, 2 ком., 37 кв.м., 2/5 этаж	2	270000	37	https://www.list.am/ru/item/20018103
Арабкир, 2 ком., 60 кв.м., 3/14 этаж	2	450000	60	https://www.list.am/ru/item/19642296
Арабкир, 2 ком., 45 кв.м., 1/12 этаж	2	349000	45	https://www.list.am/ru/item/19249849
Арабкир, 2 ком., 49 кв.м., 5/6 этаж	2	250000	49	https://www.list.am/ru/item/19549457
Арабкир, 2 ком., 63 кв.м., 5/5 этаж	2	400000	63	https://www.list.am/ru/item/19300212
Арабкир, 1 ком., 50 кв.м., 2/9 этаж	1	300000	50	https://www.list.am/ru/item/19900337
Арабкир, 4 ком., 160 кв.м., 7/10 этаж	4	698400	160	https://www.list.am/ru/item/19129235
Арабкир, 2 ком., 70 кв.м., 3/5 этаж	2	300000	70	https://www.list.am/ru/item/19963805
Арабкир, 2 ком., 57 кв.м., 4/5 этаж	2	220000	57	https://www.list.am/ru/item/19886883
Арабкир, 3 ком., 65 кв.м., 5/5 этаж	3	400000	65	https://www.list.am/ru/item/20001744
Арабкир, 1 ком., 40 кв.м., 3/5 этаж	1	230000	40	https://www.list.am/ru/item/20000740
Арабкир, 3 ком., 63 кв.м., 1/5 этаж	3	350000	63	https://www.list.am/ru/item/19917691
Арабкир, 2 ком., 48 кв.м., 7/10 этаж	2	280000	48	https://www.list.am/ru/item/19560625
Арабкир, 2 ком., 55 кв.м., 2/5 этаж	2	300000	55	https://www.list.am/ru/item/19990577
Арабкир, 2 ком., 40 кв.м., 2/5 этаж	2	260000	40	https://www.list.am/ru/item/19170171
Арабкир, 4 ком., 76 кв.м., 4/5 этаж	4	300000	76	https://www.list.am/ru/item/19986933
Арабкир, 2 ком., 46 кв.м., 3/8 этаж	2	450000	46	https://www.list.am/ru/item/19985785
Арабкир, 3 ком., 78 кв.м., 1/5 этаж	3	350000	78	https://www.list.am/ru/item/19787738
Арабкир, 1 ком., 35 кв.м., 3/5 этаж	1	260000	35	https://www.list.am/ru/item/19155137
Арабкир, 2 ком., 70 кв.м., 9/13 этаж	2	320000	70	https://www.list.am/ru/item/19967446
Арабкир, 2 ком., 66 кв.м., 6/8 этаж	2	370000	66	https://www.list.am/ru/item/19769590
Арабкир, 2 ком., 64 кв.м., 2/5 этаж	2	300000	64	https://www.list.am/ru/item/19367231
Арабкир, 3 ком., 85 кв.м., 7/7 этаж	3	380000	85	https://www.list.am/ru/item/18445809
Арабкир, 3 ком., 90 кв.м., 4/5 этаж	3	300000	90	https://www.list.am/ru/item/18592796
Арабкир, 2 ком., 35 кв.м., 4/4 этаж	2	388000	35	https://www.list.am/ru/item/19844716
Арабкир, 2 ком., 78 кв.м., 6/7 этаж	2	340000	78	https://www.list.am/ru/item/19782350
Арабкир, 3 ком., 110 кв.м., 1/5 этаж	3	450000	110	https://www.list.am/ru/item/19773955
Арабкир, 2 ком., 74 кв.м., 13/19 этаж	2	450000	74	https://www.list.am/ru/item/19559253
Арабкир, 1 ком., 25 кв.м., 1/1 этаж	1	200000	25	https://www.list.am/ru/item/19698797
Арабкир, 2 ком., 40 кв.м., 4/4 этаж	2	349200	40	https://www.list.am/ru/item/18686860
Арабкир, 2 ком., 73 кв.м., 3/9 этаж	2	340000	73	https://www.list.am/ru/item/19696182
Арабкир, 2 ком., 40 кв.м., 2/4 этаж	2	350000	40	https://www.list.am/ru/item/19942197
Арабкир, 3 ком., 78 кв.м., 5/9 этаж	3	582000	78	https://www.list.am/ru/item/19960247
Арабкир, 3 ком., 80 кв.м., 9/9 этаж	3	550000	80	https://www.list.am/ru/item/19958126
Арабкир, 2 ком., 55 кв.м., 2/7 этаж	2	400000	55	https://www.list.am/ru/item/19548033
Арабкир, 3 ком., 74 кв.м., 1/3 этаж	3	395000	74	https://www.list.am/ru/item/19952029
Арабкир, 3 ком., 94 кв.м., 1/3 этаж	3	388000	94	https://www.list.am/ru/item/19950304
Арабкир, 3 ком., 90 кв.м., 9/10 этаж	3	420000	90	https://www.list.am/ru/item/18566300
Арабкир, 3 ком., 96 кв.м., 4/5 этаж	3	280000	96	https://www.list.am/ru/item/18883390
Арабкир, 1 ком., 50 кв.м., 2/5 этаж	1	250000	50	https://www.list.am/ru/item/19869478
Арабкир, 2 ком., 48 кв.м., 4/5 этаж	2	400000	48	https://www.list.am/ru/item/19752084
Арабкир, 2 ком., 64 кв.м., 4/9 этаж	2	275000	64	https://www.list.am/ru/item/19293207
Арабкир, 2 ком., 50 кв.м., 3/5 этаж	2	420000	50	https://www.list.am/ru/item/19293540
Арабкир, 4 ком., 158 кв.м., 2/12 этаж	4	659600	158	https://www.list.am/ru/item/19665286
Арабкир, 1 ком., 15 кв.м., 1/1 этаж	1	200000	15	https://www.list.am/ru/item/19939865
Арабкир, 2 ком., 50 кв.м., 6/9 этаж	2	250000	50	https://www.list.am/ru/item/19908080
Арабкир, 2 ком., 82 кв.м., 4/16 этаж	2	465600	82	https://www.list.am/ru/item/19938058
Арабкир, 2 ком., 48 кв.м., 10/16 этаж	2	465600	48	https://www.list.am/ru/item/19905660
Арабкир, 3 ком., 70 кв.м., 5/18 этаж	3	543200	70	https://www.list.am/ru/item/19598806
Арабкир, 2 ком., 42 кв.м., 2/7 этаж	2	400000	42	https://www.list.am/ru/item/18567998
Арабкир, 2 ком., 54 кв.м., 2/5 этаж	2	250000	54	https://www.list.am/ru/item/19831058
Арабкир, 2 ком., 55 кв.м., 16/17 этаж	2	523800	55	https://www.list.am/ru/item/20117021
Арабкир, 3 ком., 70 кв.м., 2/8 этаж	3	350000	70	https://www.list.am/ru/item/20116832
Арабкир, 2 ком., 45 кв.м., 10/17 этаж	2	388000	45	https://www.list.am/ru/item/19372960
Арабкир, 3 ком., 85 кв.м., 1/5 этаж	3	380000	85	https://www.list.am/ru/item/19200262
Арабкир, 5 ком., 155 кв.м., 12/14 этаж	5	931200	155	https://www.list.am/ru/item/19423918
Арабкир, 2 ком., 60 кв.м., 10/14 этаж	2	300000	60	https://www.list.am/ru/item/20113012
Арабкир, 2 ком., 68 кв.м., 4/5 этаж	2	426800	68	https://www.list.am/ru/item/20054688
Арабкир, 3 ком., 87 кв.м., 3/4 этаж	3	465600	87	https://www.list.am/ru/item/19255906
Арабкир, 2 ком., 55 кв.м., 4/5 этаж	2	450000	55	https://www.list.am/ru/item/19777638
Арабкир, 3 ком., 97 кв.м., 4/5 этаж	3	776000	97	https://www.list.am/ru/item/17533672
Арабкир, 3 ком., 71 кв.м., 4/5 этаж	3	388000	71	https://www.list.am/ru/item/18997733
Арабкир, 3 ком., 61 кв.м., 5/5 этаж	3	350000	61	https://www.list.am/ru/item/19688742
Арабкир, 3 ком., 71 кв.м., 2/8 этаж	3	504400	71	https://www.list.am/ru/item/19292163
Арабкир, 2 ком., 70 кв.м., 2/5 этаж	2	400000	70	https://www.list.am/ru/item/19911598
Арабкир, 2 ком., 45 кв.м., 3/3 этаж	2	426800	45	https://www.list.am/ru/item/19761403
Арабкир, 2 ком., 48 кв.м., 6/9 этаж	2	388000	48	https://www.list.am/ru/item/19082244
Арабкир, 2 ком., 70 кв.м., 3/3 этаж	2	370000	70	https://www.list.am/ru/item/19711313
Арабкир, 2 ком., 38 кв.м., 1/5 этаж	2	360000	38	https://www.list.am/ru/item/19723368
Арабкир, 2 ком., 65 кв.м., 7/15 этаж	2	280000	65	https://www.list.am/ru/item/20036523
Арабкир, 3 ком., 75 кв.м., 2/5 этаж	3	582000	75	https://www.list.am/ru/item/20066869
Арабкир, 2 ком., 65 кв.м., 12/16 этаж	2	550000	65	https://www.list.am/ru/item/20106444
Арабкир, 2 ком., 45 кв.м., 4/14 этаж	2	370000	45	https://www.list.am/ru/item/20088403
Арабкир, 3 ком., 65 кв.м., 5/9 этаж	3	520000	65	https://www.list.am/ru/item/19799856
Арабкир, 3 ком., 104 кв.м., 3/9 этаж	3	360000	104	https://www.list.am/ru/item/19771968
Арабкир, 2 ком., 46 кв.м., 6/8 этаж	2	360000	46	https://www.list.am/ru/item/20104125
Арабкир, 3 ком., 88 кв.м., 3/8 этаж	3	640200	88	https://www.list.am/ru/item/19801124
Арабкир, 3 ком., 95 кв.м., 4/10 этаж	3	420000	95	https://www.list.am/ru/item/19629649
Арабкир, 2 ком., 52 кв.м., 6/15 этаж	2	426800	52	https://www.list.am/ru/item/20019663
Арабкир, 3 ком., 85 кв.м., 1/6 этаж	3	465600	85	https://www.list.am/ru/item/19844637
Арабкир, 2 ком., 77 кв.м., 7/14 этаж	2	600000	77	https://www.list.am/ru/item/20100915
Арабкир, 3 ком., 125 кв.м., 6/13 этаж	3	620800	125	https://www.list.am/ru/item/19946434
Арабкир, 2 ком., 72 кв.м., 11/14 этаж	2	450000	72	https://www.list.am/ru/item/20099897
Арабкир, 3 ком., 73 кв.м., 5/6 этаж	3	550000	73	https://www.list.am/ru/item/19759914
Арабкир, 3 ком., 97 кв.м., 2/9 этаж	3	500000	97	https://www.list.am/ru/item/19799709
Арабкир, 5 ком., 155 кв.м., 12/14 этаж	5	931200	155	https://www.list.am/ru/item/20098368
Арабкир, 3 ком., 56 кв.м., 2/4 этаж	3	400000	56	https://www.list.am/ru/item/20098160
Арабкир, 1 ком., 29 кв.м., 3/5 этаж	1	250000	29	https://www.list.am/ru/item/18037155
Арабкир, 3 ком., 95 кв.м., 7/8 этаж	3	470000	95	https://www.list.am/ru/item/18137157
Арабкир, 3 ком., 80 кв.м., 6/16 этаж	3	800000	80	https://www.list.am/ru/item/20095717
Арабкир, 2 ком., 50 кв.м., 9/10 этаж	2	270000	50	https://www.list.am/ru/item/19096588
Арабкир, 1 ком., 45 кв.м., 4/5 этаж	1	350000	45	https://www.list.am/ru/item/19994795
Арабкир, 4 ком., 127 кв.м., 1/10 этаж	4	950000	127	https://www.list.am/ru/item/20095067
Арабкир, 3 ком., 151 кв.м., 1/1 этаж	3	500000	151	https://www.list.am/ru/item/19920704
Арабкир, 2 ком., 70 кв.м., 4/5 этаж	2	330000	70	https://www.list.am/ru/item/20093107
Арабкир, 3 ком., 84 кв.м., 3/5 этаж	3	460000	84	https://www.list.am/ru/item/19918898
Арабкир, 2 ком., 58 кв.м., 5/5 этаж	2	270000	58	https://www.list.am/ru/item/19908204
Арабкир, 3 ком., 75 кв.м., 2/5 этаж	3	388000	75	https://www.list.am/ru/item/20037502
Арабкир, 2 ком., 66 кв.м., 9/9 этаж	2	280000	66	https://www.list.am/ru/item/19961527
Арабкир, 3 ком., 101 кв.м., 4/11 этаж	3	550000	101	https://www.list.am/ru/item/19924598
Арабкир, 5 ком., 236 кв.м., 18/19 этаж	5	1746000	236	https://www.list.am/ru/item/19577969
Арабкир, 3 ком., 86 кв.м., 5/12 этаж	3	650000	86	https://www.list.am/ru/item/19631250
Арабкир, 3 ком., 78 кв.м., 2/5 этаж	3	350000	78	https://www.list.am/ru/item/19978974
Арабкир, 2 ком., 51 кв.м., 4/9 этаж	2	330000	51	https://www.list.am/ru/item/20052239
Арабкир, 2 ком., 71 кв.м., 10/15 этаж	2	543200	71	https://www.list.am/ru/item/20086527
Арабкир, 3 ком., 76 кв.м., 3/5 этаж	3	450000	76	https://www.list.am/ru/item/19619195
Арабкир, 3 ком., 56 кв.м., 1/5 этаж	3	465600	56	https://www.list.am/ru/item/19812074
Арабкир, 2 ком., 39 кв.м., 3/5 этаж	2	330000	39	https://www.list.am/ru/item/19135148
Арабкир, 3 ком., 63 кв.м., 6/9 этаж	3	400000	63	https://www.list.am/ru/item/20082359
Арабкир, 2 ком., 65 кв.м., 3/4 этаж	2	260000	65	https://www.list.am/ru/item/20006487
Арабкир, 3 ком., 50 кв.м., 1/9 этаж	3	280000	50	https://www.list.am/ru/item/19691273
Арабкир, 3 ком., 100 кв.м., 13/18 этаж	3	800000	100	https://www.list.am/ru/item/19553876
Арабкир, 2 ком., 65 кв.м., 1/10 этаж	2	300000	65	https://www.list.am/ru/item/20079595
Арабкир, 2 ком., 46 кв.м., 1/15 этаж	2	400000	46	https://www.list.am/ru/item/19346042
Арабкир, 3 ком., 100 кв.м., 3/7 этаж	3	550000	100	https://www.list.am/ru/item/20035586
Арабкир, 1 ком., 56 кв.м., 2/6 этаж	1	250000	56	https://www.list.am/ru/item/19716691
Арабкир, 2 ком., 78 кв.м., 3/5 этаж	2	350000	78	https://www.list.am/ru/item/19584662
Арабкир, 3 ком., 85 кв.м., 4/9 этаж	3	450000	85	https://www.list.am/ru/item/19457018
Арабкир, 2 ком., 30 кв.м., 5/5 этаж	2	270000	30	https://www.list.am/ru/item/19947876
Арабкир, 1 ком., 41 кв.м., 5/5 этаж	1	270000	41	https://www.list.am/ru/item/20072179
Арабкир, 3 ком., 70 кв.м., 3/14 этаж	3	582000	70	https://www.list.am/ru/item/19066184
Арабкир, 2 ком., 45 кв.м., 1/5 этаж	2	500000	45	https://www.list.am/ru/item/19869428
Арабкир, 2 ком., 67 кв.м., 1/5 этаж	2	320000	67	https://www.list.am/ru/item/20043448
Арабкир, 2 ком., 65 кв.м., 3/5 этаж	2	370000	65	https://www.list.am/ru/item/19634434
Арабкир, 3 ком., 60 кв.м., 1/5 этаж	3	360000	60	https://www.list.am/ru/item/19950228
Арабкир, 4 ком., 98 кв.м., 3/8 этаж	4	776000	98	https://www.list.am/ru/item/19688308
Арабкир, 4 ком., 105 кв.м., 6/7 этаж	4	600000	105	https://www.list.am/ru/item/19916818
Арабкир, 3 ком., 82 кв.м., 4/4 этаж	3	400000	82	https://www.list.am/ru/item/19153253
Арабкир, 3 ком., 70 кв.м., 3/16 этаж	3	582000	70	https://www.list.am/ru/item/19064597
Арабкир, 1 ком., 44 кв.м., 3/5 этаж	1	220000	44	https://www.list.am/ru/item/20063305
Арабкир, 3 ком., 67 кв.м., 9/10 этаж	3	400000	67	https://www.list.am/ru/item/18987484
Арабкир, 1 ком., 45 кв.м., 1/5 этаж	1	250000	45	https://www.list.am/ru/item/19277871
Арабкир, 3 ком., 120 кв.м., 1/5 этаж	3	450000	120	https://www.list.am/ru/item/19778950
Арабкир, 3 ком., 89 кв.м., 1/9 этаж	3	400000	89	https://www.list.am/ru/item/19915475
Арабкир, 3 ком., 64 кв.м., 2/5 этаж	3	400000	64	https://www.list.am/ru/item/20059220
Арабкир, 2 ком., 50 кв.м., 5/13 этаж	2	280000	50	https://www.list.am/ru/item/20026383
Арабкир, 4 ком., 140 кв.м., 3/13 этаж	4	650000	140	https://www.list.am/ru/item/20054846
Арабкир, 3 ком., 80 кв.м., 1/5 этаж	3	420000	80	https://www.list.am/ru/item/19173608
Арабкир, 4 ком., 125 кв.м., 8/8 этаж	4	550000	125	https://www.list.am/ru/item/18717104
Арабкир, 3 ком., 80 кв.м., 5/5 этаж	3	349200	80	https://www.list.am/ru/item/18876796
Арабкир, 3 ком., 73 кв.м., 3/5 этаж	3	330000	73	https://www.list.am/ru/item/19796233
Арабкир, 3 ком., 62 кв.м., 7/10 этаж	3	600000	62	https://www.list.am/ru/item/18727125
Арабкир, 3 ком., 62 кв.м., 7/10 этаж	3	600000	62	https://www.list.am/ru/item/17597740
Арабкир, 2 ком., 68 кв.м., 5/15 этаж	2	550000	68	https://www.list.am/ru/item/19926120
Арабкир, 2 ком., 57 кв.м., 4/4 этаж	2	450000	57	https://www.list.am/ru/item/19743170
Арабкир, 2 ком., 54 кв.м., 4/14 этаж	2	320000	54	https://www.list.am/ru/item/19672269
Арабкир, 2 ком., 57 кв.м., 4/5 этаж	2	300000	57	https://www.list.am/ru/item/19119929
Арабкир, 2 ком., 65 кв.м., 11/12 этаж	2	388000	65	https://www.list.am/ru/item/18732041
Арабкир, 2 ком., 68 кв.м., 11/12 этаж	2	388000	68	https://www.list.am/ru/item/18732069
Арабкир, 1 ком., 30 кв.м., 3/5 этаж	1	250000	30	https://www.list.am/ru/item/19551224
Арабкир, 2 ком., 48 кв.м., 5/15 этаж	2	465600	48	https://www.list.am/ru/item/19544580
Арабкир, 4 ком., 80 кв.м., 1/5 этаж	4	290000	80	https://www.list.am/ru/item/18943177
Арабкир, 2 ком., 53 кв.м., 3/5 этаж	2	280000	53	https://www.list.am/ru/item/19910607
Арабкир, 3 ком., 101 кв.м., 13/14 этаж	3	250000	101	https://www.list.am/ru/item/19666820
Арабкир, 2 ком., 45 кв.м., 7/8 этаж	2	350000	45	https://www.list.am/ru/item/19468439
Арабкир, 2 ком., 52 кв.м., 1/3 этаж	2	500000	52	https://www.list.am/ru/item/17946008
Арабкир, 3 ком., 100 кв.м., 7/7 этаж	3	500000	100	https://www.list.am/ru/item/18809044
Арабкир, 1 ком., 18 кв.м., 6/9 этаж	1	360000	18	https://www.list.am/ru/item/19901144
Арабкир, 1 ком., 40 кв.м., 4/5 этаж	1	271600	40	https://www.list.am/ru/item/19853840
Арабкир, 3 ком., 210 кв.м., 9/9 этаж	3	700000	210	https://www.list.am/ru/item/19160658
Арабкир, 1 ком., 33 кв.м., 3/3 этаж	1	260000	33	https://www.list.am/ru/item/19717968
