Арабкир, 4 ком., 120 кв.м., 2/2 этаж	4	455000	120	https://www.list.am/ru/item/20539651
Арабкир, 2 ком., 30 кв.м., 2/5 этаж	2	250000	30	https://www.list.am/ru/item/20138403
Арабкир, 5 ком., 165 кв.м., 4/4 этаж	5	100000	165	https://www.list.am/ru/item/17491120
Арабкир, 3 ком., 96 кв.м., 12/12 этаж	3	330000	96	https://www.list.am/ru/item/20435386
Арабкир, 3 ком., 86 кв.м., 6/14 этаж	3	565600	86	https://www.list.am/ru/item/20482409
Арабкир, 3 ком., 91 кв.м., 3/3 этаж	3	470000	91	https://www.list.am/ru/item/20379185
Арабкир, 2 ком., 65 кв.м., 3/11 этаж	2	370000	65	https://www.list.am/ru/item/20019597
Арабкир, 4 ком., 120 кв.м., 7/16 этаж	4	565600	120	https://www.list.am/ru/item/18876066
Арабкир, 2 ком., 47 кв.м., 3/5 этаж	2	280000	47	https://www.list.am/ru/item/20523122
Арабкир, 3 ком., 67 кв.м., 2/10 этаж	3	300000	67	https://www.list.am/ru/item/20052878
Арабкир, 2 ком., 65 кв.м., 5/6 этаж	2	404000	65	https://www.list.am/ru/item/20498641
Арабкир, 2 ком., 74 кв.м., 4/5 этаж	2	250000	74	https://www.list.am/ru/item/20438454
Арабкир, 3 ком., 110 кв.м., 4/5 этаж	3	300000	110	https://www.list.am/ru/item/20125932
Арабкир, 4 ком., 150 кв.м., 6/9 этаж	4	404000	150	https://www.list.am/ru/item/20546445
Арабкир, 4 ком., 150 кв.м., 6/9 этаж	4	404000	150	https://www.list.am/ru/item/20546176
Арабкир, 2 ком., 50 кв.м., 3/5 этаж	2	280000	50	https://www.list.am/ru/item/20458384
Арабкир, 2 ком., 33 кв.м., 2/6 этаж	2	280000	33	https://www.list.am/ru/item/20552686
Арабкир, 3 ком., 75 кв.м., 5/5 этаж	3	350000	75	https://www.list.am/ru/item/19965457
Арабкир, 2 ком., 50 кв.м., 2/9 этаж	2	220000	50	https://www.list.am/ru/item/20444418
Арабкир, 2 ком., 67 кв.м., 4/5 этаж	2	300000	67	https://www.list.am/ru/item/20307038
Арабкир, 3 ком., 56 кв.м., 3/6 этаж	3	310000	56	https://www.list.am/ru/item/20287596
Арабкир, 2 ком., 60 кв.м., 5/14 этаж	2	350000	60	https://www.list.am/ru/item/20453247
Арабкир, 2 ком., 40 кв.м., 1/5 этаж	2	230000	40	https://www.list.am/ru/item/20513657
Арабкир, 4 ком., 118 кв.м., 4/8 этаж	4	848400	118	https://www.list.am/ru/item/20516719
Арабкир, 2 ком., 111 кв.м., 4/4 этаж	2	250000	111	https://www.list.am/ru/item/20526325
Арабкир, 3 ком., 82 кв.м., 2/3 этаж	3	300000	82	https://www.list.am/ru/item/20334208
Арабкир, 3 ком., 100 кв.м., 2/6 этаж	3	370000	100	https://www.list.am/ru/item/19643844
Арабкир, 4 ком., 124 кв.м., 1/9 этаж	4	660000	124	https://www.list.am/ru/item/20356086
Арабкир, 2 ком., 47 кв.м., 3/8 этаж	2	320000	47	https://www.list.am/ru/item/20508921
Арабкир, 2 ком., 70 кв.м., 2/5 этаж	2	300000	70	https://www.list.am/ru/item/20371261
Арабкир, 5 ком., 112 кв.м., 4/5 этаж	5	600000	112	https://www.list.am/ru/item/20586449
Арабкир, 1 ком., 40 кв.м., 2/5 этаж	1	400000	40	https://www.list.am/ru/item/20076118
Арабкир, 2 ком., 75 кв.м., 4/4 этаж	2	250000	75	https://www.list.am/ru/item/20586437
Арабкир, 2 ком., 48 кв.м., 8/12 этаж	2	280000	48	https://www.list.am/ru/item/20534087
Арабкир, 3 ком., 105 кв.м., 13/16 этаж	3	400000	105	https://www.list.am/ru/item/20325872
Арабкир, 2 ком., 60 кв.м., 1/5 этаж	2	260000	60	https://www.list.am/ru/item/20508599
Арабкир, 4 ком., 125 кв.м., 8/8 этаж	4	410000	125	https://www.list.am/ru/item/18717104
Арабкир, 3 ком., 70 кв.м., 5/5 этаж	3	300000	70	https://www.list.am/ru/item/20546036
Арабкир, 1 ком., 30 кв.м., 1/2 этаж	1	220000	30	https://www.list.am/ru/item/20542615
Арабкир, 1 ком., 25 кв.м., 3/9 этаж	1	210000	25	https://www.list.am/ru/item/20225349
Арабкир, 2 ком., 62 кв.м., 14/16 этаж	2	383800	62	https://www.list.am/ru/item/20503709
Арабкир, 2 ком., 48 кв.м., 7/10 этаж	2	230000	48	https://www.list.am/ru/item/20495430
Арабкир, 1 ком., 37 кв.м., 5/5 этаж	1	280000	37	https://www.list.am/ru/item/20199459
Арабкир, 1 ком., 36 кв.м., 5/5 этаж	1	250000	36	https://www.list.am/ru/item/20386194
Арабкир, 2 ком., 50 кв.м., 11/18 этаж	2	400000	50	https://www.list.am/ru/item/20525399
Арабкир, 3 ком., 77 кв.м., 4/5 этаж	3	300000	77	https://www.list.am/ru/item/20513346
Арабкир, 2 ком., 65 кв.м., 2/5 этаж	2	350000	65	https://www.list.am/ru/item/20265450
Арабкир, 2 ком., 65 кв.м., 6/9 этаж	2	220000	65	https://www.list.am/ru/item/20444144
Арабкир, 1 ком., 33 кв.м., 4/5 этаж	1	220000	33	https://www.list.am/ru/item/20585108
Арабкир, 2 ком., 59 кв.м., 7/12 этаж	2	450000	59	https://www.list.am/ru/item/20585045
Арабкир, 3 ком., 80 кв.м., 1/4 этаж	3	260000	80	https://www.list.am/ru/item/20198463
Арабкир, 3 ком., 127 кв.м., 6/6 этаж	3	525200	127	https://www.list.am/ru/item/20461921
Арабкир, 2 ком., 60 кв.м., 2/4 этаж	2	400000	60	https://www.list.am/ru/item/20177041
Арабкир, 3 ком., 117 кв.м., 8/8 этаж	3	450000	117	https://www.list.am/ru/item/20561546
Арабкир, 4 ком., 128 кв.м., 2/5 этаж	4	440000	128	https://www.list.am/ru/item/20364750
Арабкир, 3 ком., 96 кв.м., 3/5 этаж	3	360000	96	https://www.list.am/ru/item/20550408
Арабкир, 2 ком., 48 кв.м., 2/5 этаж	2	320000	48	https://www.list.am/ru/item/20584878
Арабкир, 3 ком., 95 кв.м., 7/10 этаж	3	400000	95	https://www.list.am/ru/item/20584840
Арабкир, 2 ком., 42 кв.м., 2/6 этаж	2	280000	42	https://www.list.am/ru/item/20584765
Арабкир, 4 ком., 78 кв.м., 7/10 этаж	4	350000	78	https://www.list.am/ru/item/20449226
Арабкир, 3 ком., 70 кв.м., 6/9 этаж	3	300000	70	https://www.list.am/ru/item/20545934
Арабкир, 1 ком., 45 кв.м., 5/5 этаж	1	225000	45	https://www.list.am/ru/item/20584699
Арабкир, 2 ком., 47 кв.м., 3/5 этаж	2	300000	47	https://www.list.am/ru/item/20504195
Арабкир, 2 ком., 45 кв.м., 2/5 этаж	2	350000	45	https://www.list.am/ru/item/20372466
Арабкир, 2 ком., 80 кв.м., 12/13 этаж	2	404000	80	https://www.list.am/ru/item/20584627
Арабкир, 2 ком., 45 кв.м., 1/4 этаж	2	280000	45	https://www.list.am/ru/item/20464684
Арабкир, 3 ком., 60 кв.м., 3/5 этаж	3	390000	60	https://www.list.am/ru/item/20584543
Арабкир, 3 ком., 86 кв.м., 3/5 этаж	3	250000	86	https://www.list.am/ru/item/20372284
Арабкир, 2 ком., 55 кв.м., 5/5 этаж	2	250000	55	https://www.list.am/ru/item/20528033
Арабкир, 3 ком., 100 кв.м., 1/6 этаж	3	400000	100	https://www.list.am/ru/item/20537061
Арабкир, 2 ком., 60 кв.м., 10/10 этаж	2	310000	60	https://www.list.am/ru/item/20010652
Арабкир, 3 ком., 75 кв.м., 4/4 этаж	3	400000	75	https://www.list.am/ru/item/20449874
Арабкир, 3 ком., 78 кв.м., 4/4 этаж	3	350000	78	https://www.list.am/ru/item/19091694
Арабкир, 1 ком., 45 кв.м., 2/5 этаж	1	220000	45	https://www.list.am/ru/item/17815174
Арабкир, 2 ком., 60 кв.м., 1/4 этаж	2	300000	60	https://www.list.am/ru/item/20256439
Арабкир, 2 ком., 52 кв.м., 6/10 этаж	2	350000	52	https://www.list.am/ru/item/20373425
Арабкир, 4 ком., 95 кв.м., 3/5 этаж	4	350000	95	https://www.list.am/ru/item/20210432
Арабкир, 3 ком., 81 кв.м., 4/5 этаж	3	350000	81	https://www.list.am/ru/item/20219534
Арабкир, 2 ком., 42 кв.м., 4/5 этаж	2	323200	42	https://www.list.am/ru/item/20401767
Арабкир, 4 ком., 100 кв.м., 5/5 этаж	4	400000	100	https://www.list.am/ru/item/20497392
Арабкир, 3 ком., 75 кв.м., 5/5 этаж	3	400000	75	https://www.list.am/ru/item/19448862
Арабкир, 2 ком., 100 кв.м., 17/17 этаж	2	455000	100	https://www.list.am/ru/item/19210187
Арабкир, 2 ком., 65 кв.м., 8/16 этаж	2	550000	65	https://www.list.am/ru/item/20551945
Арабкир, 1 ком., 44 кв.м., 3/5 этаж	1	200000	44	https://www.list.am/ru/item/20063305
Арабкир, 3 ком., 98 кв.м., 5/5 этаж	3	450000	98	https://www.list.am/ru/item/19346349
Арабкир, 2 ком., 80 кв.м., 1/1 этаж	2	350000	80	https://www.list.am/ru/item/20493751
Арабкир, 3 ком., 80 кв.м., 3/5 этаж	3	300000	80	https://www.list.am/ru/item/20517885
Арабкир, 3 ком., 73 кв.м., 6/6 этаж	3	350000	73	https://www.list.am/ru/item/20452700
Арабкир, 3 ком., 87 кв.м., 4/4 этаж	3	350000	87	https://www.list.am/ru/item/20571409
Арабкир, 1 ком., 50 кв.м., 7/9 этаж	1	170000	50	https://www.list.am/ru/item/20401789
Арабкир, 1 ком., 54 кв.м., 7/8 этаж	1	240000	54	https://www.list.am/ru/item/20559055
Арабкир, 3 ком., 70 кв.м., 3/4 этаж	3	380000	70	https://www.list.am/ru/item/20104138
Арабкир, 2 ком., 40 кв.м., 1/4 этаж	2	200000	40	https://www.list.am/ru/item/20541808
Арабкир, 4 ком., 97 кв.м., 9/10 этаж	4	450000	97	https://www.list.am/ru/item/18591152
Арабкир, 2 ком., 52 кв.м., 1/5 этаж	2	250000	52	https://www.list.am/ru/item/20250646
Арабкир, 2 ком., 60 кв.м., 5/14 этаж	2	400000	60	https://www.list.am/ru/item/20504935
Арабкир, 3 ком., 74 кв.м., 1/1 этаж	3	280000	74	https://www.list.am/ru/item/20336167
Арабкир, 3 ком., 100 кв.м., 3/7 этаж	3	400000	100	https://www.list.am/ru/item/20035586
Арабкир, 2 ком., 58 кв.м., 4/5 этаж	2	280000	58	https://www.list.am/ru/item/20368961
Арабкир, 2 ком., 55 кв.м., 9/18 этаж	2	525200	55	https://www.list.am/ru/item/20367202
Арабкир, 2 ком., 57 кв.м., 14/18 этаж	2	350000	57	https://www.list.am/ru/item/20364708
Арабкир, 2 ком., 40 кв.м., 3/4 этаж	2	260000	40	https://www.list.am/ru/item/20294748
Арабкир, 3 ком., 57 кв.м., 5/5 этаж	3	300000	57	https://www.list.am/ru/item/20361162
Арабкир, 3 ком., 60 кв.м., 3/5 этаж	3	300000	60	https://www.list.am/ru/item/20009799
Арабкир, 2 ком., 75 кв.м., 7/8 этаж	2	500000	75	https://www.list.am/ru/item/19785631
Арабкир, 2 ком., 100 кв.м., 8/16 этаж	2	400000	100	https://www.list.am/ru/item/20353923
Арабкир, 3 ком., 76 кв.м., 3/5 этаж	3	450000	76	https://www.list.am/ru/item/20353252
Арабкир, 5 ком., 150 кв.м., 12/17 этаж	5	605596	150	https://www.list.am/ru/item/20020307
Арабкир, 2 ком., 78 кв.м., 6/6 этаж	2	444400	78	https://www.list.am/ru/item/17666103
Арабкир, 2 ком., 60 кв.м., 11/14 этаж	2	350000	60	https://www.list.am/ru/item/20503665
Арабкир, 2 ком., 43 кв.м., 4/5 этаж	2	323200	43	https://www.list.am/ru/item/20381587
Арабкир, 2 ком., 50 кв.м., 1/5 этаж	2	310000	50	https://www.list.am/ru/item/20408852
Арабкир, 2 ком., 100 кв.м., 7/18 этаж	2	400000	100	https://www.list.am/ru/item/20553361
Арабкир, 4 ком., 120 кв.м., 9/9 этаж	4	320000	120	https://www.list.am/ru/item/20537169
Арабкир, 2 ком., 35 кв.м., 4/4 этаж	2	282800	35	https://www.list.am/ru/item/20481677
Арабкир, 1 ком., 55 кв.м., 2/3 этаж	1	180000	55	https://www.list.am/ru/item/20571312
Арабкир, 4 ком., 95 кв.м., 2/4 этаж	4	400000	95	https://www.list.am/ru/item/20247924
Арабкир, 3 ком., 95 кв.м., 3/7 этаж	3	360000	95	https://www.list.am/ru/item/20339952
Арабкир, 4 ком., 184 кв.м., 2/4 этаж	4	686800	184	https://www.list.am/ru/item/20360840
Арабкир, 4 ком., 130 кв.м., 1/3 этаж	4	260000	130	https://www.list.am/ru/item/20514327
Арабкир, 2 ком., 55 кв.м., 8/17 этаж	2	355000	55	https://www.list.am/ru/item/20280177
Арабкир, 3 ком., 91 кв.м., 3/8 этаж	3	470000	91	https://www.list.am/ru/item/20196922
Арабкир, 4 ком., 105 кв.м., 6/7 этаж	4	500000	105	https://www.list.am/ru/item/19956315
Арабкир, 3 ком., 100 кв.м., 7/9 этаж	3	300000	100	https://www.list.am/ru/item/20583286
Арабкир, 2 ком., 110 кв.м., 9/13 этаж	2	500000	110	https://www.list.am/ru/item/20102321
Арабкир, 4 ком., 86 кв.м., 5/16 этаж	4	300000	86	https://www.list.am/ru/item/20583252
Арабкир, 3 ком., 108 кв.м., 13/22 этаж	3	450000	108	https://www.list.am/ru/item/20583251
Арабкир, 2 ком., 45 кв.м., 5/5 этаж	2	280000	45	https://www.list.am/ru/item/20426413
Арабкир, 3 ком., 65 кв.м., 15/16 этаж	3	350000	65	https://www.list.am/ru/item/20583219
Арабкир, 3 ком., 78 кв.м., 4/5 этаж	3	363600	78	https://www.list.am/ru/item/20541595
Арабкир, 2 ком., 60 кв.м., 3/3 этаж	2	390000	60	https://www.list.am/ru/item/20278860
Арабкир, 3 ком., 90 кв.м., 5/5 этаж	3	300000	90	https://www.list.am/ru/item/20583171
Арабкир, 3 ком., 84 кв.м., 3/7 этаж	3	280000	84	https://www.list.am/ru/item/20283156
Арабкир, 3 ком., 80 кв.м., 3/9 этаж	3	360000	80	https://www.list.am/ru/item/20435808
Арабкир, 2 ком., 70 кв.м., 1/4 этаж	2	350000	70	https://www.list.am/ru/item/20583136
Арабкир, 2 ком., 50 кв.м., 2/5 этаж	2	220000	50	https://www.list.am/ru/item/20583122
Арабкир, 3 ком., 107 кв.м., 5/12 этаж	3	450000	107	https://www.list.am/ru/item/20549164
Арабкир, 3 ком., 85 кв.м., 9/10 этаж	3	600000	85	https://www.list.am/ru/item/20339879
Арабкир, 1 ком., 54 кв.м., 1/16 этаж	1	200000	54	https://www.list.am/ru/item/20583073
Арабкир, 2 ком., 35 кв.м., 3/17 этаж	2	320000	35	https://www.list.am/ru/item/20157174
Арабкир, 2 ком., 80 кв.м., 1/7 этаж	2	250000	80	https://www.list.am/ru/item/20427616
Арабкир, 3 ком., 119 кв.м., 6/18 этаж	3	1090800	119	https://www.list.am/ru/item/20192522
Арабкир, 3 ком., 60 кв.м., 2/5 этаж	3	330000	60	https://www.list.am/ru/item/20563927
Арабкир, 4 ком., 150 кв.м., 13/15 этаж	4	888800	150	https://www.list.am/ru/item/20277878
Арабкир, 3 ком., 93 кв.м., 8/9 этаж	3	420000	93	https://www.list.am/ru/item/20126384
Арабкир, 3 ком., 107 кв.м., 3/4 этаж	3	484800	107	https://www.list.am/ru/item/20183392
Арабкир, 1 ком., 34 кв.м., 2/4 этаж	1	250000	34	https://www.list.am/ru/item/20523175
Арабкир, 2 ком., 57 кв.м., 4/5 этаж	2	450000	57	https://www.list.am/ru/item/20565544
Арабкир, 3 ком., 20 кв.м., 4/5 этаж	3	50000	20	https://www.list.am/ru/item/20278630
Арабкир, 2 ком., 50 кв.м., 6/9 этаж	2	300000	50	https://www.list.am/ru/item/20137510
Арабкир, 1 ком., 43 кв.м., 7/9 этаж	1	230000	43	https://www.list.am/ru/item/18541670
Арабкир, 3 ком., 80 кв.м., 1/6 этаж	3	650000	80	https://www.list.am/ru/item/20203779
Арабкир, 4 ком., 75 кв.м., 1/5 этаж	4	350000	75	https://www.list.am/ru/item/20116449
Арабкир, 3 ком., 78 кв.м., 1/5 этаж	3	300000	78	https://www.list.am/ru/item/19386086
Арабкир, 3 ком., 124 кв.м., 1/5 этаж	3	270000	124	https://www.list.am/ru/item/19869303
Арабкир, 1 ком., 56 кв.м., 6/9 этаж	1	225000	56	https://www.list.am/ru/item/20582576
Арабкир, 3 ком., 64 кв.м., 2/5 этаж	3	350000	64	https://www.list.am/ru/item/20567942
Арабкир, 3 ком., 51 кв.м., 3/9 этаж	3	300000	51	https://www.list.am/ru/item/20525733
Арабкир, 4 ком., 133 кв.м., 12/14 этаж	4	808000	133	https://www.list.am/ru/item/20490878
Арабкир, 2 ком., 72 кв.м., 2/5 этаж	2	500000	72	https://www.list.am/ru/item/20521286
Арабкир, 2 ком., 77 кв.м., 3/8 этаж	2	290000	77	https://www.list.am/ru/item/19507643
Арабкир, 2 ком., 30 кв.м., 1/3 этаж	2	250000	30	https://www.list.am/ru/item/20568102
Арабкир, 3 ком., 80 кв.м., 2/6 этаж	3	350000	80	https://www.list.am/ru/item/20582456
Арабкир, 2 ком., 40 кв.м., 3/7 этаж	2	323200	40	https://www.list.am/ru/item/20292037
Арабкир, 2 ком., 54 кв.м., 5/10 этаж	2	280000	54	https://www.list.am/ru/item/20545759
Арабкир, 3 ком., 98 кв.м., 4/8 этаж	3	650000	98	https://www.list.am/ru/item/19506589
Арабкир, 3 ком., 100 кв.м., 4/15 этаж	3	400000	100	https://www.list.am/ru/item/20540517
Арабкир, 2 ком., 77 кв.м., 6/8 этаж	2	484800	77	https://www.list.am/ru/item/20059678
Арабкир, 3 ком., 110 кв.м., 3/3 этаж	3	450000	110	https://www.list.am/ru/item/20349401
Арабкир, 1 ком., 44 кв.м., 5/5 этаж	1	230000	44	https://www.list.am/ru/item/20490994
Арабкир, 1 ком., 35 кв.м., 2/5 этаж	1	280000	35	https://www.list.am/ru/item/20251877
Арабкир, 2 ком., 24 кв.м., 2/5 этаж	2	180000	24	https://www.list.am/ru/item/20582356
Арабкир, 3 ком., 70 кв.м., 2/4 этаж	3	320000	70	https://www.list.am/ru/item/20559056
Арабкир, 2 ком., 46 кв.м., 5/8 этаж	2	280000	46	https://www.list.am/ru/item/20512850
Арабкир, 2 ком., 54 кв.м., 5/16 этаж	2	250000	54	https://www.list.am/ru/item/20119175
Арабкир, 2 ком., 55 кв.м., 2/14 этаж	2	350000	55	https://www.list.am/ru/item/20567306
Арабкир, 2 ком., 72 кв.м., 4/9 этаж	2	400000	72	https://www.list.am/ru/item/20396104
Арабкир, 2 ком., 68 кв.м., 1/9 этаж	2	230000	68	https://www.list.am/ru/item/20582251
Арабкир, 2 ком., 60 кв.м., 1/6 этаж	2	320000	60	https://www.list.am/ru/item/20560104
Арабкир, 2 ком., 50 кв.м., 3/5 этаж	2	240000	50	https://www.list.am/ru/item/20178611
Арабкир, 2 ком., 68 кв.м., 3/5 этаж	2	250000	68	https://www.list.am/ru/item/20112206
Арабкир, 3 ком., 83 кв.м., 4/4 этаж	3	380000	83	https://www.list.am/ru/item/20582213
Арабкир, 3 ком., 80 кв.м., 1/3 этаж	3	350000	80	https://www.list.am/ru/item/20567447
Арабкир, 4 ком., 90 кв.м., 3/9 этаж	4	310000	90	https://www.list.am/ru/item/20372447
Арабкир, 2 ком., 45 кв.м., 1/12 этаж	2	279000	45	https://www.list.am/ru/item/19249849
Арабкир, 3 ком., 80 кв.м., 3/7 этаж	3	300000	80	https://www.list.am/ru/item/20491303
Арабкир, 2 ком., 40 кв.м., 1/5 этаж	2	250000	40	https://www.list.am/ru/item/20243832
Арабкир, 2 ком., 56 кв.м., 2/5 этаж	2	320000	56	https://www.list.am/ru/item/18519782
Арабкир, 3 ком., 68 кв.м., 5/5 этаж	3	444400	68	https://www.list.am/ru/item/20236567
Арабкир, 2 ком., 60 кв.м., 10/10 этаж	2	282800	60	https://www.list.am/ru/item/20266524
Арабкир, 2 ком., 42 кв.м., 3/10 этаж	2	280000	42	https://www.list.am/ru/item/20030150
Арабкир, 2 ком., 68 кв.м., 1/9 этаж	2	250000	68	https://www.list.am/ru/item/20582060
Арабкир, 1 ком., 40 кв.м., 5/5 этаж	1	230000	40	https://www.list.am/ru/item/20537748
Арабкир, 3 ком., 74 кв.м., 3/3 этаж	3	450000	74	https://www.list.am/ru/item/20340113
Арабкир, 2 ком., 43 кв.м., 6/9 этаж	2	300000	43	https://www.list.am/ru/item/20459488
Арабкир, 3 ком., 100 кв.м., 2/6 этаж	3	363600	100	https://www.list.am/ru/item/20552767
Арабкир, 4 ком., 126 кв.м., 8/8 этаж	4	400000	126	https://www.list.am/ru/item/19479770
Арабкир, 1 ком., 25 кв.м., 1/12 этаж	1	280000	25	https://www.list.am/ru/item/20004183
Арабкир, 2 ком., 55 кв.м., 6/14 этаж	2	300000	55	https://www.list.am/ru/item/20512215
Арабкир, 3 ком., 70 кв.м., 3/14 этаж	3	606000	70	https://www.list.am/ru/item/19066184
Арабкир, 3 ком., 76 кв.м., 3/15 этаж	3	420000	76	https://www.list.am/ru/item/20564913
Арабкир, 3 ком., 100 кв.м., 1/5 этаж	3	330000	100	https://www.list.am/ru/item/20503114
Арабкир, 3 ком., 127 кв.м., 14/17 этаж	3	510000	127	https://www.list.am/ru/item/20352923
Арабкир, 2 ком., 66 кв.м., 4/12 этаж	2	230000	66	https://www.list.am/ru/item/20506698
Арабкир, 3 ком., 70 кв.м., 7/9 этаж	3	350000	70	https://www.list.am/ru/item/20470614
Арабкир, 4 ком., 112 кв.м., 4/4 этаж	4	525200	112	https://www.list.am/ru/item/20487776
Арабкир, 3 ком., 80 кв.м., 4/5 этаж	3	400000	80	https://www.list.am/ru/item/20514627
Арабкир, 4 ком., 80 кв.м., 2/18 этаж	4	470000	80	https://www.list.am/ru/item/20425532
Арабкир, 3 ком., 70 кв.м., 6/9 этаж	3	290000	70	https://www.list.am/ru/item/20560186
Арабкир, 3 ком., 93 кв.м., 7/10 этаж	3	350000	93	https://www.list.am/ru/item/20551385
Арабкир, 3 ком., 80 кв.м., 6/9 этаж	3	300000	80	https://www.list.am/ru/item/20373271
Арабкир, 3 ком., 94 кв.м., 12/16 этаж	3	360000	94	https://www.list.am/ru/item/20533596
Арабкир, 1 ком., 40 кв.м., 2/5 этаж	1	200000	40	https://www.list.am/ru/item/17759393
Арабкир, 3 ком., 60 кв.м., 1/5 этаж	3	300000	60	https://www.list.am/ru/item/19981909
Арабкир, 2 ком., 74 кв.м., 8/9 этаж	2	230000	74	https://www.list.am/ru/item/19937248
Арабкир, 1 ком., 28 кв.м., 1/5 этаж	1	200000	28	https://www.list.am/ru/item/20555234
Арабкир, 3 ком., 90 кв.м., 2/9 этаж	3	550000	90	https://www.list.am/ru/item/20221514
Арабкир, 3 ком., 70 кв.м., 1/9 этаж	3	370000	70	https://www.list.am/ru/item/20149275
Арабкир, 2 ком., 70 кв.м., 8/17 этаж	2	550000	70	https://www.list.am/ru/item/20320500
Арабкир, 4 ком., 98 кв.м., 3/5 этаж	4	350000	98	https://www.list.am/ru/item/20475395
Арабкир, 3 ком., 90 кв.м., 3/5 этаж	3	300000	90	https://www.list.am/ru/item/19638041
Арабкир, 3 ком., 102 кв.м., 5/5 этаж	3	500000	102	https://www.list.am/ru/item/19113194
Арабкир, 3 ком., 85 кв.м., 4/14 этаж	3	400000	85	https://www.list.am/ru/item/20505413
Арабкир, 3 ком., 95 кв.м., 13/13 этаж	3	404000	95	https://www.list.am/ru/item/20179675
Арабкир, 3 ком., 73 кв.м., 4/5 этаж	3	420000	73	https://www.list.am/ru/item/20179562
Арабкир, 2 ком., 45 кв.м., 4/5 этаж	2	280000	45	https://www.list.am/ru/item/20560961
Арабкир, 2 ком., 68 кв.м., 5/5 этаж	2	220000	68	https://www.list.am/ru/item/20537482
Арабкир, 2 ком., 70 кв.м., 4/4 этаж	2	300000	70	https://www.list.am/ru/item/20235744
Арабкир, 2 ком., 65 кв.м., 6/8 этаж	2	350000	65	https://www.list.am/ru/item/20486637
Арабкир, 2 ком., 42 кв.м., 7/8 этаж	2	330000	42	https://www.list.am/ru/item/20420099
Арабкир, 3 ком., 85 кв.м., 5/15 этаж	3	355000	85	https://www.list.am/ru/item/20259315
Арабкир, 3 ком., 94 кв.м., 8/9 этаж	3	400000	94	https://www.list.am/ru/item/20487800
Арабкир, 3 ком., 56 кв.м., 5/5 этаж	3	300000	56	https://www.list.am/ru/item/20513015
Арабкир, 4 ком., 127 кв.м., 2/5 этаж	4	440000	127	https://www.list.am/ru/item/20408233
Арабкир, 3 ком., 78 кв.м., 3/5 этаж	3	260000	78	https://www.list.am/ru/item/20571414
Арабкир, 3 ком., 75 кв.м., 8/9 этаж	3	270000	75	https://www.list.am/ru/item/20589340
Арабкир, 3 ком., 85 кв.м., 4/5 этаж	3	400000	85	https://www.list.am/ru/item/20193748
Арабкир, 3 ком., 100 кв.м., 2/6 этаж	3	363600	100	https://www.list.am/ru/item/20589306
Арабкир, 3 ком., 76 кв.м., 6/9 этаж	3	350000	76	https://www.list.am/ru/item/20589246
Арабкир, 2 ком., 57 кв.м., 7/15 этаж	2	222200	57	https://www.list.am/ru/item/20589232
Арабкир, 2 ком., 56 кв.м., 7/14 этаж	2	370000	56	https://www.list.am/ru/item/20503983
Арабкир, 4 ком., 101 кв.м., 4/7 этаж	4	550000	101	https://www.list.am/ru/item/20436016
Арабкир, 1 ком., 25 кв.м., 4/4 этаж	1	150000	25	https://www.list.am/ru/item/20146297
Арабкир, 4 ком., 150 кв.м., 2/3 этаж	4	800000	150	https://www.list.am/ru/item/20354433
Арабкир, 1 ком., 26 кв.м., 1/5 этаж	1	200000	26	https://www.list.am/ru/item/20528036
Арабкир, 3 ком., 95 кв.м., 5/5 этаж	3	400000	95	https://www.list.am/ru/item/19640037
Арабкир, 3 ком., 70 кв.м., 6/9 этаж	3	290000	70	https://www.list.am/ru/item/20574793
Арабкир, 3 ком., 81 кв.м., 4/13 этаж	3	550000	81	https://www.list.am/ru/item/20470153
Арабкир, 2 ком., 37 кв.м., 4/5 этаж	2	190000	37	https://www.list.am/ru/item/20464589
Арабкир, 1 ком., 33 кв.м., 3/5 этаж	1	230000	33	https://www.list.am/ru/item/20563504
Арабкир, 3 ком., 75 кв.м., 14/15 этаж	3	450000	75	https://www.list.am/ru/item/20270802
Арабкир, 3 ком., 77 кв.м., 4/13 этаж	3	400000	77	https://www.list.am/ru/item/20471156
Арабкир, 3 ком., 75 кв.м., 6/6 этаж	3	444400	75	https://www.list.am/ru/item/20550238
Арабкир, 2 ком., 55 кв.м., 4/5 этаж	2	430000	55	https://www.list.am/ru/item/19777638
Арабкир, 2 ком., 62 кв.м., 5/8 этаж	2	300000	62	https://www.list.am/ru/item/20568503
Арабкир, 2 ком., 30 кв.м., 1/5 этаж	2	300000	30	https://www.list.am/ru/item/20559069
Арабкир, 2 ком., 43 кв.м., 2/8 этаж	2	350000	43	https://www.list.am/ru/item/20389765
Арабкир, 3 ком., 80 кв.м., 2/5 этаж	3	380000	80	https://www.list.am/ru/item/20269192
Арабкир, 3 ком., 42 кв.м., 1/6 этаж	3	150000	42	https://www.list.am/ru/item/20571291
Арабкир, 2 ком., 31 кв.м., 2/5 этаж	2	200000	31	https://www.list.am/ru/item/20430502
Арабкир, 2 ком., 45 кв.м., 2/2 этаж	2	200000	45	https://www.list.am/ru/item/19585143
Арабкир, 1 ком., 43 кв.м., 6/6 этаж	1	350000	43	https://www.list.am/ru/item/20154626
Арабкир, 3 ком., 71 кв.м., 2/8 этаж	3	525200	71	https://www.list.am/ru/item/19292163
Арабкир, 1 ком., 42 кв.м., 2/5 этаж	1	200000	42	https://www.list.am/ru/item/18451398
Арабкир, 2 ком., 60 кв.м., 10/16 этаж	2	370000	60	https://www.list.am/ru/item/20445648
Арабкир, 2 ком., 45 кв.м., 2/4 этаж	2	363600	45	https://www.list.am/ru/item/20442938
Арабкир, 2 ком., 48 кв.м., 3/5 этаж	2	300000	48	https://www.list.am/ru/item/20389497
Арабкир, 2 ком., 40 кв.м., 4/4 этаж	2	262600	40	https://www.list.am/ru/item/18686860
Арабкир, 2 ком., 50 кв.м., 6/7 этаж	2	320000	50	https://www.list.am/ru/item/20444672
Арабкир, 2 ком., 20 кв.м., 6/9 этаж	2	100000	20	https://www.list.am/ru/item/19609286
Арабкир, 3 ком., 80 кв.м., 5/16 этаж	3	484800	80	https://www.list.am/ru/item/20440220
Арабкир, 3 ком., 78 кв.м., 6/9 этаж	3	380000	78	https://www.list.am/ru/item/20255979
Арабкир, 1 ком., 52 кв.м., 6/9 этаж	1	290000	52	https://www.list.am/ru/item/20546417
Арабкир, 1 ком., 33 кв.м., 5/5 этаж	1	180000	33	https://www.list.am/ru/item/20482860
Арабкир, 2 ком., 50 кв.м., 4/5 этаж	2	270000	50	https://www.list.am/ru/item/20532659
Арабкир, 2 ком., 70 кв.м., 3/3 этаж	2	320000	70	https://www.list.am/ru/item/19711313
Арабкир, 2 ком., 56 кв.м., 2/5 этаж	2	320000	56	https://www.list.am/ru/item/18096214
Арабкир, 2 ком., 65 кв.м., 2/9 этаж	2	280000	65	https://www.list.am/ru/item/20588012
Арабкир, 2 ком., 70 кв.м., 5/9 этаж	2	320000	70	https://www.list.am/ru/item/20551351
Арабкир, 3 ком., 71 кв.м., 4/14 этаж	3	300000	71	https://www.list.am/ru/item/20587985
Арабкир, 2 ком., 60 кв.м., 13/13 этаж	2	350000	60	https://www.list.am/ru/item/20587953
Арабкир, 2 ком., 45 кв.м., 4/9 этаж	2	400000	45	https://www.list.am/ru/item/20587943
Арабкир, 3 ком., 95 кв.м., 4/10 этаж	3	300000	95	https://www.list.am/ru/item/20587942
Арабкир, 2 ком., 76 кв.м., 4/4 этаж	2	230000	76	https://www.list.am/ru/item/20587937
Арабкир, 3 ком., 77 кв.м., 7/7 этаж	3	275000	77	https://www.list.am/ru/item/20587925
Арабкир, 4 ком., 144 кв.м., 1/4 этаж	4	1212000	144	https://www.list.am/ru/item/17970906
Арабкир, 3 ком., 85 кв.м., 9/9 этаж	3	600000	85	https://www.list.am/ru/item/20358412
Арабкир, 2 ком., 64 кв.м., 4/14 этаж	2	363600	64	https://www.list.am/ru/item/20422337
Арабкир, 3 ком., 80 кв.м., 11/12 этаж	3	343400	80	https://www.list.am/ru/item/20532646
Арабкир, 3 ком., 61 кв.м., 3/5 этаж	3	360000	61	https://www.list.am/ru/item/20587726
Арабкир, 1 ком., 40 кв.м., 1/5 этаж	1	200000	40	https://www.list.am/ru/item/20587667
Арабкир, 2 ком., 46 кв.м., 2/5 этаж	2	360000	46	https://www.list.am/ru/item/20537447
Арабкир, 2 ком., 60 кв.м., 3/5 этаж	2	200000	60	https://www.list.am/ru/item/20546638
Арабкир, 2 ком., 44 кв.м., 2/3 этаж	2	250000	44	https://www.list.am/ru/item/20311916
Арабкир, 2 ком., 48 кв.м., 1/3 этаж	2	310000	48	https://www.list.am/ru/item/17563731
Арабкир, 2 ком., 56 кв.м., 5/14 этаж	2	323200	56	https://www.list.am/ru/item/20521520
Арабкир, 1 ком., 20 кв.м., 9/9 этаж	1	100000	20	https://www.list.am/ru/item/20539545
Арабкир, 3 ком., 70 кв.м., 6/6 этаж	3	200000	70	https://www.list.am/ru/item/20412186
Арабкир, 2 ком., 68 кв.м., 6/6 этаж	2	260000	68	https://www.list.am/ru/item/19747615
Арабкир, 2 ком., 40 кв.м., 2/5 этаж	2	400000	40	https://www.list.am/ru/item/20268285
Арабкир, 3 ком., 93 кв.м., 4/7 этаж	3	280000	93	https://www.list.am/ru/item/20491218
Арабкир, 1 ком., 50 кв.м., 6/7 этаж	1	300000	50	https://www.list.am/ru/item/20242370
Арабкир, 3 ком., 80 кв.м., 2/14 этаж	3	380000	80	https://www.list.am/ru/item/19940733
Арабкир, 2 ком., 47 кв.м., 3/5 этаж	2	380000	47	https://www.list.am/ru/item/20401237
Арабкир, 3 ком., 65 кв.м., 4/4 этаж	3	330000	65	https://www.list.am/ru/item/20487857
Арабкир, 2 ком., 70 кв.м., 2/5 этаж	2	250000	70	https://www.list.am/ru/item/20216352
Арабкир, 3 ком., 50 кв.м., 5/5 этаж	3	300000	50	https://www.list.am/ru/item/20487276
Арабкир, 1 ком., 20 кв.м., 1/16 этаж	1	150000	20	https://www.list.am/ru/item/20149469
Арабкир, 2 ком., 60 кв.м., 5/5 этаж	2	300000	60	https://www.list.am/ru/item/20342821
Арабкир, 2 ком., 52 кв.м., 4/5 этаж	2	270000	52	https://www.list.am/ru/item/20097122
Арабкир, 5 ком., 236 кв.м., 18/19 этаж	5	1818000	236	https://www.list.am/ru/item/19577969
Арабкир, 4 ком., 158 кв.м., 2/12 этаж	4	686800	158	https://www.list.am/ru/item/19665286
Арабкир, 2 ком., 116 кв.м., 4/12 этаж	2	646400	116	https://www.list.am/ru/item/19942281
Арабкир, 4 ком., 78 кв.м., 4/6 этаж	4	380000	78	https://www.list.am/ru/item/20307550
Арабкир, 4 ком., 80 кв.м., 3/5 этаж	4	450000	80	https://www.list.am/ru/item/17504961
Арабкир, 1 ком., 43 кв.м., 6/7 этаж	1	230000	43	https://www.list.am/ru/item/20483045
Арабкир, 3 ком., 60 кв.м., 1/5 этаж	3	250000	60	https://www.list.am/ru/item/20177656
Арабкир, 4 ком., 127 кв.м., 1/10 этаж	4	750000	127	https://www.list.am/ru/item/19826974
Арабкир, 4 ком., 110 кв.м., 9/10 этаж	4	450000	110	https://www.list.am/ru/item/20230668
Арабкир, 3 ком., 78 кв.м., 4/5 этаж	3	550000	78	https://www.list.am/ru/item/19304716
Арабкир, 1 ком., 46 кв.м., 1/5 этаж	1	290000	46	https://www.list.am/ru/item/20422469
Арабкир, 3 ком., 96 кв.м., 2/9 этаж	3	500000	96	https://www.list.am/ru/item/20257703
Арабкир, 1 ком., 35 кв.м., 1/1 этаж	1	250000	35	https://www.list.am/ru/item/20238315
Арабкир, 3 ком., 100 кв.м., 9/9 этаж	3	320000	100	https://www.list.am/ru/item/20409110
Арабкир, 2 ком., 38 кв.м., 4/4 этаж	2	343400	38	https://www.list.am/ru/item/20084601
Арабкир, 3 ком., 68 кв.м., 12/18 этаж	3	565600	68	https://www.list.am/ru/item/20422468
Арабкир, 6 ком., 240 кв.м., 6/6 этаж	6	600000	240	https://www.list.am/ru/item/20290939
Арабкир, 3 ком., 70 кв.м., 4/14 этаж	3	480000	70	https://www.list.am/ru/item/20464991
Арабкир, 2 ком., 61 кв.м., 4/5 этаж	2	245000	61	https://www.list.am/ru/item/20037253
Арабкир, 2 ком., 49 кв.м., 4/5 этаж	2	300000	49	https://www.list.am/ru/item/20392828
Арабкир, 4 ком., 97 кв.м., 9/9 этаж	4	360000	97	https://www.list.am/ru/item/20347614
Арабкир, 2 ком., 47 кв.м., 2/5 этаж	2	270000	47	https://www.list.am/ru/item/19909484
Арабкир, 2 ком., 56 кв.м., 2/6 этаж	2	300000	56	https://www.list.am/ru/item/20456315
Арабкир, 3 ком., 90 кв.м., 5/9 этаж	3	300000	90	https://www.list.am/ru/item/20227067
Арабкир, 2 ком., 67 кв.м., 4/5 этаж	2	300000	67	https://www.list.am/ru/item/20307622
Арабкир, 5 ком., 122 кв.м., 1/3 этаж	5	650000	122	https://www.list.am/ru/item/18278782
Арабкир, 3 ком., 100 кв.м., 9/10 этаж	3	606000	100	https://www.list.am/ru/item/19315869
Арабкир, 2 ком., 96 кв.м., 4/9 этаж	2	200000	96	https://www.list.am/ru/item/20449468
Арабкир, 3 ком., 68 кв.м., 4/5 этаж	3	380000	68	https://www.list.am/ru/item/19955337
Арабкир, 3 ком., 82 кв.м., 4/5 этаж	3	350000	82	https://www.list.am/ru/item/20448758
Арабкир, 2 ком., 45 кв.м., 3/5 этаж	2	230000	45	https://www.list.am/ru/item/20308445
Арабкир, 3 ком., 80 кв.м., 9/9 этаж	3	350000	80	https://www.list.am/ru/item/19904564
Арабкир, 2 ком., 56 кв.м., 1/6 этаж	2	250000	56	https://www.list.am/ru/item/20426997
Арабкир, 2 ком., 71 кв.м., 4/5 этаж	2	300000	71	https://www.list.am/ru/item/20393043
Арабкир, 2 ком., 57 кв.м., 5/5 этаж	2	230000	57	https://www.list.am/ru/item/20301532
Арабкир, 2 ком., 85 кв.м., 7/12 этаж	2	300000	85	https://www.list.am/ru/item/20442934
Арабкир, 3 ком., 110 кв.м., 1/5 этаж	3	350000	110	https://www.list.am/ru/item/19773955
Арабкир, 3 ком., 81 кв.м., 9/9 этаж	3	300000	81	https://www.list.am/ru/item/20377567
Арабкир, 2 ком., 64 кв.м., 4/9 этаж	2	360000	64	https://www.list.am/ru/item/20209852
Арабкир, 3 ком., 70 кв.м., 2/2 этаж	3	400000	70	https://www.list.am/ru/item/20191349
Арабкир, 1 ком., 44 кв.м., 8/9 этаж	1	270000	44	https://www.list.am/ru/item/20201039
Арабкир, 4 ком., 159 кв.м., 2/19 этаж	4	1010000	159	https://www.list.am/ru/item/20360756
Арабкир, 2 ком., 48 кв.м., 2/5 этаж	2	250000	48	https://www.list.am/ru/item/19558708
Арабкир, 3 ком., 80 кв.м., 16/18 этаж	3	565600	80	https://www.list.am/ru/item/19694505
Арабкир, 2 ком., 46 кв.м., 4/8 этаж	2	350000	46	https://www.list.am/ru/item/20377930
Арабкир, 2 ком., 60 кв.м., 1/6 этаж	2	320000	60	https://www.list.am/ru/item/20424315
Арабкир, 2 ком., 70 кв.м., 14/17 этаж	2	404000	70	https://www.list.am/ru/item/19327301
Арабкир, 2 ком., 31 кв.м., 2/5 этаж	2	230000	31	https://www.list.am/ru/item/20229540
Арабкир, 3 ком., 78 кв.м., 4/4 этаж	3	260000	78	https://www.list.am/ru/item/19130858
Арабкир, 3 ком., 90 кв.м., 4/13 этаж	3	686800	90	https://www.list.am/ru/item/20341120
Арабкир, 4 ком., 126 кв.м., 8/14 этаж	4	400000	126	https://www.list.am/ru/item/20141071
Арабкир, 2 ком., 38 кв.м., 3/4 этаж	2	280000	38	https://www.list.am/ru/item/20419525
Арабкир, 2 ком., 57 кв.м., 5/5 этаж	2	250000	57	https://www.list.am/ru/item/20419519
Арабкир, 2 ком., 70 кв.м., 1/2 этаж	2	350000	70	https://www.list.am/ru/item/19973365
Арабкир, 3 ком., 78 кв.м., 5/5 этаж	3	340000	78	https://www.list.am/ru/item/20349915
Арабкир, 2 ком., 41 кв.м., 2/5 этаж	2	260000	41	https://www.list.am/ru/item/20186554
Арабкир, 3 ком., 100 кв.м., 7/8 этаж	3	640000	100	https://www.list.am/ru/item/20026172
Арабкир, 2 ком., 77 кв.м., 6/20 этаж	2	323200	77	https://www.list.am/ru/item/20007442
Арабкир, 2 ком., 54 кв.м., 2/5 этаж	2	250000	54	https://www.list.am/ru/item/19831058
Арабкир, 2 ком., 43 кв.м., 2/5 этаж	2	280000	43	https://www.list.am/ru/item/20401113
Арабкир, 2 ком., 70 кв.м., 2/5 этаж	2	350000	70	https://www.list.am/ru/item/19911598
Арабкир, 2 ком., 70 кв.м., 4/16 этаж	2	415000	70	https://www.list.am/ru/item/20226622
Арабкир, 2 ком., 51 кв.м., 1/9 этаж	2	250000	51	https://www.list.am/ru/item/20398454
Арабкир, 2 ком., 39 кв.м., 3/5 этаж	2	270000	39	https://www.list.am/ru/item/20242569
Арабкир, 3 ком., 70 кв.м., 3/12 этаж	3	399000	70	https://www.list.am/ru/item/19364360
Арабкир, 1 ком., 47 кв.м., 2/16 этаж	1	250000	47	https://www.list.am/ru/item/20186827
Арабкир, 2 ком., 62 кв.м., 2/5 этаж	2	400000	62	https://www.list.am/ru/item/20146785
Арабкир, 2 ком., 44 кв.м., 5/5 этаж	2	250000	44	https://www.list.am/ru/item/20307410
Арабкир, 2 ком., 44 кв.м., 5/5 этаж	2	250000	44	https://www.list.am/ru/item/20332379
Арабкир, 2 ком., 45 кв.м., 9/15 этаж	2	300000	45	https://www.list.am/ru/item/20386204
Арабкир, 1 ком., 20 кв.м., 3/5 этаж	1	170000	20	https://www.list.am/ru/item/20260360
Арабкир, 3 ком., 90 кв.м., 3/5 этаж	3	525200	90	https://www.list.am/ru/item/20380084
Арабкир, 2 ком., 48 кв.м., 5/5 этаж	2	250000	48	https://www.list.am/ru/item/20378838
Арабкир, 3 ком., 74 кв.м., 2/9 этаж	3	383800	74	https://www.list.am/ru/item/20377802
Арабкир, 2 ком., 65 кв.м., 4/9 этаж	2	300000	65	https://www.list.am/ru/item/20285540
Арабкир, 2 ком., 50 кв.м., 2/2 этаж	2	360000	50	https://www.list.am/ru/item/19783942
Арабкир, 3 ком., 83 кв.м., 2/5 этаж	3	250000	83	https://www.list.am/ru/item/20315582
Арабкир, 2 ком., 70 кв.м., 2/2 этаж	2	646400	70	https://www.list.am/ru/item/20233189
Арабкир, 2 ком., 45 кв.м., 10/17 этаж	2	323200	45	https://www.list.am/ru/item/20350248
Арабкир, 3 ком., 120 кв.м., 3/16 этаж	3	500000	120	https://www.list.am/ru/item/20370691
Арабкир, 2 ком., 55 кв.м., 10/14 этаж	2	240000	55	https://www.list.am/ru/item/20370652
Арабкир, 2 ком., 72 кв.м., 3/5 этаж	2	240000	72	https://www.list.am/ru/item/20369775
Арабкир, 1 ком., 14 кв.м., 4/5 этаж	1	120000	14	https://www.list.am/ru/item/20223052
Арабкир, 1 ком., 48 кв.м., 1/1 этаж	1	189125	48	https://www.list.am/ru/item/19938206
Арабкир, 5 ком., 100 кв.м., 8/9 этаж	5	600000	100	https://www.list.am/ru/item/20456140
Арабкир, 1 ком., 43 кв.м., 4/5 этаж	1	220000	43	https://www.list.am/ru/item/20593904
Арабкир, 2 ком., 65 кв.м., 2/5 этаж	2	320000	65	https://www.list.am/ru/item/20593872
Арабкир, 1 ком., 50 кв.м., 2/9 этаж	1	250000	50	https://www.list.am/ru/item/20519536
Арабкир, 2 ком., 40 кв.м., 1/1 этаж	2	210000	40	https://www.list.am/ru/item/18134003
Арабкир, 2 ком., 45 кв.м., 1/12 этаж	2	279000	45	https://www.list.am/ru/item/19268624
Арабкир, 2 ком., 72 кв.м., 2/5 этаж	2	250000	72	https://www.list.am/ru/item/20568109
Арабкир, 1 ком., 38 кв.м., 1/5 этаж	1	285000	38	https://www.list.am/ru/item/19131078
Арабкир, 1 ком., 20 кв.м., 1/5 этаж	1	165000	20	https://www.list.am/ru/item/19816176
Арабкир, 1 ком., 25 кв.м., 6/9 этаж	1	300000	25	https://www.list.am/ru/item/20593719
Арабкир, 2 ком., 55 кв.м., 3/5 этаж	2	400000	55	https://www.list.am/ru/item/20593678
Арабкир, 2 ком., 50 кв.м., 8/8 этаж	2	280000	50	https://www.list.am/ru/item/20448425
Арабкир, 4 ком., 136 кв.м., 4/9 этаж	4	545400	136	https://www.list.am/ru/item/20055265
Арабкир, 2 ком., 50 кв.м., 1/2 этаж	2	165000	50	https://www.list.am/ru/item/20536486
Арабкир, 2 ком., 30 кв.м., 2/2 этаж	2	120000	30	https://www.list.am/ru/item/20001477
Арабкир, 2 ком., 68 кв.м., 6/7 этаж	2	270000	68	https://www.list.am/ru/item/19875615
Арабкир, 3 ком., 107 кв.м., 7/9 этаж	3	470000	107	https://www.list.am/ru/item/20296360
Арабкир, 3 ком., 70 кв.м., 1/5 этаж	3	200000	70	https://www.list.am/ru/item/20048632
Арабкир, 3 ком., 70 кв.м., 3/3 этаж	3	350000	70	https://www.list.am/ru/item/20418230
Арабкир, 5 ком., 155 кв.м., 12/14 этаж	5	1010000	155	https://www.list.am/ru/item/19423918
Арабкир, 3 ком., 73 кв.м., 2/9 этаж	3	280000	73	https://www.list.am/ru/item/20564533
Арабкир, 3 ком., 82 кв.м., 4/5 этаж	3	323200	82	https://www.list.am/ru/item/19877428
Арабкир, 2 ком., 45 кв.м., 3/4 этаж	2	363600	45	https://www.list.am/ru/item/20522780
Арабкир, 4 ком., 80 кв.м., 2/3 этаж	4	290000	80	https://www.list.am/ru/item/20242060
Арабкир, 2 ком., 45 кв.м., 2/4 этаж	2	363600	45	https://www.list.am/ru/item/20520409
Арабкир, 2 ком., 59 кв.м., 2/5 этаж	2	250000	59	https://www.list.am/ru/item/20578897
Арабкир, 2 ком., 41 кв.м., 2/3 этаж	2	170000	41	https://www.list.am/ru/item/20454559
Арабкир, 3 ком., 100 кв.м., 2/5 этаж	3	295000	100	https://www.list.am/ru/item/20263277
Арабкир, 1 ком., 31 кв.м., 3/5 этаж	1	270000	31	https://www.list.am/ru/item/20242657
Арабкир, 4 ком., 130 кв.м., 2/5 этаж	4	404000	130	https://www.list.am/ru/item/17118825
Арабкир, 3 ком., 79 кв.м., 4/5 этаж	3	350000	79	https://www.list.am/ru/item/20481887
Арабкир, 2 ком., 55 кв.м., 11/13 этаж	2	270000	55	https://www.list.am/ru/item/20332858
Арабкир, 2 ком., 65 кв.м., 7/16 этаж	2	270000	65	https://www.list.am/ru/item/20227958
Арабкир, 2 ком., 60 кв.м., 11/13 этаж	2	500000	60	https://www.list.am/ru/item/20433613
Арабкир, 4 ком., 98 кв.м., 3/8 этаж	4	727200	98	https://www.list.am/ru/item/19688308
Арабкир, 1 ком., 35 кв.м., 4/4 этаж	1	210000	35	https://www.list.am/ru/item/20512474
Арабкир, 1 ком., 36 кв.м., 5/5 этаж	1	280000	36	https://www.list.am/ru/item/20206830
Арабкир, 3 ком., 79 кв.м., 13/14 этаж	3	300000	79	https://www.list.am/ru/item/19974730
Арабкир, 2 ком., 40 кв.м., 2/5 этаж	2	260000	40	https://www.list.am/ru/item/19170171
Арабкир, 3 ком., 50 кв.м., 3/5 этаж	3	350000	50	https://www.list.am/ru/item/20578395
Арабкир, 1 ком., 50 кв.м., 2/9 этаж	1	250000	50	https://www.list.am/ru/item/20440249
Арабкир, 1 ком., 31 кв.м., 4/4 этаж	1	200000	31	https://www.list.am/ru/item/20563598
Арабкир, 3 ком., 90 кв.м., 4/5 этаж	3	300000	90	https://www.list.am/ru/item/18592796
Арабкир, 4 ком., 100 кв.м., 1/5 этаж	4	330000	100	https://www.list.am/ru/item/20468441
Арабкир, 3 ком., 60 кв.м., 1/5 этаж	3	300000	60	https://www.list.am/ru/item/20592583
Арабкир, 2 ком., 62 кв.м., 3/17 этаж	2	800000	62	https://www.list.am/ru/item/19821011
Арабкир, 2 ком., 59 кв.м., 1/5 этаж	2	270000	59	https://www.list.am/ru/item/20346131
Арабкир, 2 ком., 40 кв.м., 2/5 этаж	2	330000	40	https://www.list.am/ru/item/20428902
Арабкир, 3 ком., 70 кв.м., 1/5 этаж	3	300000	70	https://www.list.am/ru/item/20244227
Арабкир, 1 ком., 54 кв.м., 13/14 этаж	1	190000	54	https://www.list.am/ru/item/20550518
Арабкир, 2 ком., 45 кв.м., 4/5 этаж	2	300000	45	https://www.list.am/ru/item/20577592
Арабкир, 3 ком., 90 кв.м., 8/9 этаж	3	450000	90	https://www.list.am/ru/item/20323070
Арабкир, 2 ком., 67 кв.м., 5/6 этаж	2	200000	67	https://www.list.am/ru/item/20498880
Арабкир, 4 ком., 85 кв.м., 7/7 этаж	4	380000	85	https://www.list.am/ru/item/20452517
Арабкир, 2 ком., 60 кв.м., 6/14 этаж	2	270000	60	https://www.list.am/ru/item/20540386
Арабкир, 2 ком., 87 кв.м., 6/9 этаж	2	330000	87	https://www.list.am/ru/item/20445924
Арабкир, 2 ком., 55 кв.м., 9/10 этаж	2	300000	55	https://www.list.am/ru/item/19007570
Арабкир, 2 ком., 50 кв.м., 1/5 этаж	2	300000	50	https://www.list.am/ru/item/20353783
Арабкир, 3 ком., 70 кв.м., 8/9 этаж	3	525200	70	https://www.list.am/ru/item/20436223
Арабкир, 3 ком., 80 кв.м., 1/5 этаж	3	380000	80	https://www.list.am/ru/item/20472545
Арабкир, 2 ком., 45 кв.м., 2/8 этаж	2	250000	45	https://www.list.am/ru/item/19373015
Арабкир, 1 ком., 43 кв.м., 6/9 этаж	1	200000	43	https://www.list.am/ru/item/20432357
Арабкир, 2 ком., 60 кв.м., 5/5 этаж	2	250000	60	https://www.list.am/ru/item/20591640
Арабкир, 2 ком., 30 кв.м., 4/5 этаж	2	200000	30	https://www.list.am/ru/item/20591628
Арабкир, 3 ком., 100 кв.м., 6/8 этаж	3	484800	100	https://www.list.am/ru/item/20280437
Арабкир, 2 ком., 67 кв.м., 3/5 этаж	2	285000	67	https://www.list.am/ru/item/20452088
Арабкир, 1 ком., 30 кв.м., 2/5 этаж	1	230000	30	https://www.list.am/ru/item/20334145
Арабкир, 2 ком., 60 кв.м., 14/14 этаж	2	330000	60	https://www.list.am/ru/item/20591419
Арабкир, 2 ком., 55 кв.м., 1/5 этаж	2	220000	55	https://www.list.am/ru/item/20591411
Арабкир, 3 ком., 78 кв.м., 6/9 этаж	3	380000	78	https://www.list.am/ru/item/20453162
Арабкир, 2 ком., 40 кв.м., 4/4 этаж	2	262600	40	https://www.list.am/ru/item/17811666
Арабкир, 2 ком., 70 кв.м., 3/4 этаж	2	250000	70	https://www.list.am/ru/item/19369372
Арабкир, 3 ком., 82 кв.м., 2/3 этаж	3	300000	82	https://www.list.am/ru/item/20323038
Арабкир, 2 ком., 45 кв.м., 9/9 этаж	2	282800	45	https://www.list.am/ru/item/20157572
Арабкир, 3 ком., 80 кв.м., 6/9 этаж	3	320000	80	https://www.list.am/ru/item/20204729
Арабкир, 2 ком., 40 кв.м., 1/5 этаж	2	12000	40	https://www.list.am/ru/item/20559177
Арабкир, 4 ком., 78 кв.м., 3/5 этаж	4	300000	78	https://www.list.am/ru/item/20305686
Арабкир, 3 ком., 80 кв.м., 1/5 этаж	3	350000	80	https://www.list.am/ru/item/20541876
Арабкир, 4 ком., 118 кв.м., 6/6 этаж	4	500000	118	https://www.list.am/ru/item/19612904
Арабкир, 3 ком., 55 кв.м., 2/3 этаж	3	270000	55	https://www.list.am/ru/item/20504252
Арабкир, 3 ком., 77 кв.м., 7/7 этаж	3	550000	77	https://www.list.am/ru/item/20487461
Арабкир, 3 ком., 50 кв.м., 1/1 этаж	3	300000	50	https://www.list.am/ru/item/20576444
Арабкир, 2 ком., 47 кв.м., 3/8 этаж	2	300000	47	https://www.list.am/ru/item/19969388
Арабкир, 3 ком., 100 кв.м., 4/4 этаж	3	300000	100	https://www.list.am/ru/item/20452093
Арабкир, 2 ком., 43 кв.м., 3/5 этаж	2	350000	43	https://www.list.am/ru/item/20389779
Арабкир, 1 ком., 38 кв.м., 2/5 этаж	1	260000	38	https://www.list.am/ru/item/20503637
Арабкир, 2 ком., 57 кв.м., 6/14 этаж	2	363600	57	https://www.list.am/ru/item/20443981
Арабкир, 4 ком., 76 кв.м., 4/5 этаж	4	363600	76	https://www.list.am/ru/item/20545836
Арабкир, 2 ком., 40 кв.м., 4/4 этаж	2	200000	40	https://www.list.am/ru/item/20576822
Арабкир, 2 ком., 47 кв.м., 3/7 этаж	2	270680	47	https://www.list.am/ru/item/20040944
Арабкир, 1 ком., 42 кв.м., 9/9 этаж	1	220000	42	https://www.list.am/ru/item/18817300
Арабкир, 2 ком., 67 кв.м., 5/16 этаж	2	404000	67	https://www.list.am/ru/item/20122347
Арабкир, 2 ком., 38 кв.м., 5/5 этаж	2	260000	38	https://www.list.am/ru/item/20576188
Арабкир, 2 ком., 65 кв.м., 7/12 этаж	2	359560	65	https://www.list.am/ru/item/19218604
Арабкир, 2 ком., 50 кв.м., 1/5 этаж	2	747400	50	https://www.list.am/ru/item/20452129
Арабкир, 1 ком., 30 кв.м., 3/5 этаж	1	220000	30	https://www.list.am/ru/item/20331944
Арабкир, 2 ком., 68 кв.м., 4/15 этаж	2	450000	68	https://www.list.am/ru/item/20344495
Арабкир, 2 ком., 53 кв.м., 3/8 этаж	2	380000	53	https://www.list.am/ru/item/19631904
Арабкир, 2 ком., 65 кв.м., 9/9 этаж	2	270000	65	https://www.list.am/ru/item/20499270
Арабкир, 4 ком., 155 кв.м., 3/4 этаж	4	444400	155	https://www.list.am/ru/item/20170153
Арабкир, 2 ком., 68 кв.м., 4/4 этаж	2	444400	68	https://www.list.am/ru/item/18911105
Арабкир, 2 ком., 50 кв.м., 2/5 этаж	2	190000	50	https://www.list.am/ru/item/20471451
Арабкир, 2 ком., 35 кв.м., 4/4 этаж	2	250000	35	https://www.list.am/ru/item/19844716
Арабкир, 3 ком., 100 кв.м., 2/6 этаж	3	370000	100	https://www.list.am/ru/item/19975495
Арабкир, 3 ком., 61 кв.м., 9/9 этаж	3	250000	61	https://www.list.am/ru/item/20537632
Арабкир, 3 ком., 78 кв.м., 1/5 этаж	3	380000	78	https://www.list.am/ru/item/20445080
Арабкир, 2 ком., 58 кв.м., 5/5 этаж	2	200000	58	https://www.list.am/ru/item/20456259
Арабкир, 2 ком., 68 кв.м., 1/9 этаж	2	250000	68	https://www.list.am/ru/item/20512858
Арабкир, 3 ком., 95 кв.м., 3/10 этаж	3	250000	95	https://www.list.am/ru/item/20482870
Арабкир, 2 ком., 78 кв.м., 3/5 этаж	2	300000	78	https://www.list.am/ru/item/20080210
Арабкир, 2 ком., 45 кв.м., 3/3 этаж	2	363600	45	https://www.list.am/ru/item/19761403
Арабкир, 4 ком., 100 кв.м., 2/12 этаж	4	400000	100	https://www.list.am/ru/item/20470226
Арабкир, 2 ком., 58 кв.м., 3/6 этаж	2	565600	58	https://www.list.am/ru/item/20578788
Арабкир, 2 ком., 45 кв.м., 1/9 этаж	2	300000	45	https://www.list.am/ru/item/19998607
Арабкир, 3 ком., 101 кв.м., 7/16 этаж	3	969600	101	https://www.list.am/ru/item/18463569
Арабкир, 3 ком., 100 кв.м., 1/4 этаж	3	300000	100	https://www.list.am/ru/item/19586965
Арабкир, 2 ком., 47 кв.м., 3/5 этаж	2	280000	47	https://www.list.am/ru/item/20422336
Арабкир, 2 ком., 45 кв.м., 2/5 этаж	2	350000	45	https://www.list.am/ru/item/20453159
Арабкир, 2 ком., 60 кв.м., 3/5 этаж	2	250000	60	https://www.list.am/ru/item/19166242
Арабкир, 2 ком., 38 кв.м., 4/4 этаж	2	262600	38	https://www.list.am/ru/item/20255900
Арабкир, 3 ком., 80 кв.м., 10/18 этаж	3	420000	80	https://www.list.am/ru/item/20578011
Арабкир, 1 ком., 45 кв.м., 5/9 этаж	1	170000	45	https://www.list.am/ru/item/20577752
Арабкир, 2 ком., 97 кв.м., 4/4 этаж	2	323200	97	https://www.list.am/ru/item/19881475
Арабкир, 2 ком., 40 кв.м., 2/2 этаж	2	250000	40	https://www.list.am/ru/item/20242471
Арабкир, 3 ком., 60 кв.м., 3/4 этаж	3	343400	60	https://www.list.am/ru/item/20576950
Арабкир, 4 ком., 95 кв.м., 1/8 этаж	4	700000	95	https://www.list.am/ru/item/20256827
Арабкир, 3 ком., 70 кв.м., 6/9 этаж	3	300000	70	https://www.list.am/ru/item/20551206
Арабкир, 2 ком., 70 кв.м., 9/12 этаж	2	250000	70	https://www.list.am/ru/item/19324681
Арабкир, 3 ком., 110 кв.м., 3/4 этаж	3	480000	110	https://www.list.am/ru/item/20576664
Арабкир, 1 ком., 50 кв.м., 4/9 этаж	1	230000	50	https://www.list.am/ru/item/20576613
Арабкир, 1 ком., 32 кв.м., 5/5 этаж	1	240000	32	https://www.list.am/ru/item/20552150
Арабкир, 3 ком., 110 кв.м., 5/7 этаж	3	300000	110	https://www.list.am/ru/item/20482649
Арабкир, 2 ком., 55 кв.м., 6/9 этаж	2	190000	55	https://www.list.am/ru/item/20536236
Арабкир, 3 ком., 90 кв.м., 5/8 этаж	3	420000	90	https://www.list.am/ru/item/20576207
Арабкир, 3 ком., 60 кв.м., 2/5 этаж	3	300000	60	https://www.list.am/ru/item/20576047
Арабкир, 2 ком., 40 кв.м., 3/6 этаж	2	300000	40	https://www.list.am/ru/item/20558662
Арабкир, 2 ком., 68 кв.м., 9/9 этаж	2	250000	68	https://www.list.am/ru/item/18160880
Арабкир, 2 ком., 72 кв.м., 3/5 этаж	2	400000	72	https://www.list.am/ru/item/20358299
Арабкир, 2 ком., 48 кв.м., 5/15 этаж	2	484800	48	https://www.list.am/ru/item/19544580
Арабкир, 3 ком., 65 кв.м., 1/2 этаж	3	250000	65	https://www.list.am/ru/item/20575718
Арабкир, 3 ком., 90 кв.м., 4/7 этаж	3	266000	90	https://www.list.am/ru/item/19972668
Арабкир, 3 ком., 75 кв.м., 4/5 этаж	3	400000	75	https://www.list.am/ru/item/20505016
Арабкир, 2 ком., 41 кв.м., 3/4 этаж	2	350000	41	https://www.list.am/ru/item/20575508
Арабкир, 2 ком., 45 кв.м., 4/5 этаж	2	180000	45	https://www.list.am/ru/item/20575497
Арабкир, 1 ком., 42 кв.м., 12/18 этаж	1	280000	42	https://www.list.am/ru/item/20219447
Арабкир, 2 ком., 30 кв.м., 2/3 этаж	2	70000	30	https://www.list.am/ru/item/20575290
Арабкир, 2 ком., 68 кв.м., 3/4 этаж	2	320000	68	https://www.list.am/ru/item/20386312
Арабкир, 2 ком., 67 кв.м., 9/12 этаж	2	210000	67	https://www.list.am/ru/item/20525837
Арабкир, 2 ком., 56 кв.м., 1/9 этаж	2	300000	56	https://www.list.am/ru/item/20145786
Арабкир, 4 ком., 190 кв.м., 9/9 этаж	4	1818000	190	https://www.list.am/ru/item/20460436
Арабкир, 2 ком., 70 кв.м., 11/16 этаж	2	350000	70	https://www.list.am/ru/item/18524509
Арабкир, 2 ком., 68 кв.м., 8/14 этаж	2	230000	68	https://www.list.am/ru/item/20573695
Арабкир, 2 ком., 32 кв.м., 3/4 этаж	2	300000	32	https://www.list.am/ru/item/19863715
Арабкир, 3 ком., 100 кв.м., 17/18 этаж	3	390000	100	https://www.list.am/ru/item/19598727
Арабкир, 1 ком., 54 кв.м., 9/9 этаж	1	250000	54	https://www.list.am/ru/item/18830956
Арабкир, 3 ком., 93 кв.м., 3/10 этаж	3	500000	93	https://www.list.am/ru/item/20435693
Арабкир, 2 ком., 45 кв.м., 3/4 этаж	2	303000	45	https://www.list.am/ru/item/20573430
Арабкир, 2 ком., 45 кв.м., 5/5 этаж	2	270000	45	https://www.list.am/ru/item/20458149
Арабкир, 4 ком., 82 кв.м., 3/9 этаж	4	350000	82	https://www.list.am/ru/item/17914535
Арабкир, 2 ком., 77 кв.м., 7/14 этаж	2	650000	77	https://www.list.am/ru/item/20100915
Арабкир, 2 ком., 62 кв.м., 6/9 этаж	2	280000	62	https://www.list.am/ru/item/20195463
Арабкир, 3 ком., 94 кв.м., 2/9 этаж	3	360000	94	https://www.list.am/ru/item/20547670
Арабкир, 3 ком., 90 кв.м., 4/13 этаж	3	727200	90	https://www.list.am/ru/item/20349481
Арабкир, 2 ком., 46 кв.м., 3/8 этаж	2	340000	46	https://www.list.am/ru/item/19985785
Арабкир, 2 ком., 65 кв.м., 11/16 этаж	2	350000	65	https://www.list.am/ru/item/20514584
Арабкир, 3 ком., 83 кв.м., 4/7 этаж	3	404000	83	https://www.list.am/ru/item/20371568
Арабкир, 3 ком., 80 кв.м., 3/3 этаж	3	220000	80	https://www.list.am/ru/item/20533503
Арабкир, 2 ком., 65 кв.м., 5/13 этаж	2	200000	65	https://www.list.am/ru/item/20297924
Арабкир, 2 ком., 56 кв.м., 2/4 этаж	2	422750	56	https://www.list.am/ru/item/20404906
Арабкир, 3 ком., 78 кв.м., 14/14 этаж	3	323200	78	https://www.list.am/ru/item/19568147
Арабкир, 1 ком., 36 кв.м., 4/4 этаж	1	290000	36	https://www.list.am/ru/item/20514679
Арабкир, 2 ком., 56 кв.м., 8/10 этаж	2	270000	56	https://www.list.am/ru/item/20135197
Арабкир, 2 ком., 82 кв.м., 5/5 этаж	2	464600	82	https://www.list.am/ru/item/20481942
Арабкир, 3 ком., 75 кв.м., 3/9 этаж	3	500000	75	https://www.list.am/ru/item/18585327
Арабкир, 1 ком., 50 кв.м., 1/5 этаж	1	50000	50	https://www.list.am/ru/item/20493247
Арабкир, 2 ком., 68 кв.м., 4/5 этаж	2	300000	68	https://www.list.am/ru/item/19060662
Арабкир, 3 ком., 70 кв.м., 3/16 этаж	3	606000	70	https://www.list.am/ru/item/19064597
Арабкир, 3 ком., 80 кв.м., 9/9 этаж	3	380000	80	https://www.list.am/ru/item/20571745
Арабкир, 3 ком., 20 кв.м., 1/2 этаж	3	100000	20	https://www.list.am/ru/item/20323069
Арабкир, 1 ком., 20 кв.м., 6/9 этаж	1	280000	20	https://www.list.am/ru/item/20571530
Арабкир, 1 ком., 40 кв.м., 2/5 этаж	1	280000	40	https://www.list.am/ru/item/20219923
Арабкир, 2 ком., 56 кв.м., 4/4 этаж	2	444400	56	https://www.list.am/ru/item/20360904
Арабкир, 2 ком., 54 кв.м., 1/5 этаж	2	270000	54	https://www.list.am/ru/item/20514816
Арабкир, 3 ком., 69 кв.м., 4/9 этаж	3	330000	69	https://www.list.am/ru/item/20207880
Арабкир, 2 ком., 68 кв.м., 4/14 этаж	2	450000	68	https://www.list.am/ru/item/20370980
Арабкир, 1 ком., 31 кв.м., 4/5 этаж	1	160000	31	https://www.list.am/ru/item/20327109
Арабкир, 2 ком., 50 кв.м., 7/9 этаж	2	350000	50	https://www.list.am/ru/item/19902280
Арабкир, 3 ком., 85 кв.м., 6/8 этаж	3	300000	85	https://www.list.am/ru/item/20492561
Арабкир, 3 ком., 75 кв.м., 3/6 этаж	3	340000	75	https://www.list.am/ru/item/20371791
Арабкир, 2 ком., 67 кв.м., 4/18 этаж	2	444400	67	https://www.list.am/ru/item/19066093
Арабкир, 2 ком., 68 кв.м., 4/5 этаж	2	260000	68	https://www.list.am/ru/item/20536634
Арабкир, 2 ком., 60 кв.м., 4/9 этаж	2	525200	60	https://www.list.am/ru/item/20447986
Арабкир, 2 ком., 60 кв.м., 4/10 этаж	2	480000	60	https://www.list.am/ru/item/20194019
Арабкир, 3 ком., 80 кв.м., 2/14 этаж	3	500000	80	https://www.list.am/ru/item/20524547
Арабкир, 2 ком., 55 кв.м., 3/5 этаж	2	250000	55	https://www.list.am/ru/item/20581720
Арабкир, 2 ком., 65 кв.м., 3/5 этаж	2	515000	65	https://www.list.am/ru/item/19559150
Арабкир, 2 ком., 68 кв.м., 7/9 этаж	2	225000	68	https://www.list.am/ru/item/20344163
Арабкир, 2 ком., 40 кв.м., 3/5 этаж	2	330000	40	https://www.list.am/ru/item/20495649
Арабкир, 3 ком., 92 кв.м., 3/4 этаж	3	330000	92	https://www.list.am/ru/item/20298632
Арабкир, 3 ком., 80 кв.м., 4/5 этаж	3	370000	80	https://www.list.am/ru/item/20438032
Арабкир, 2 ком., 50 кв.м., 7/9 этаж	2	210000	50	https://www.list.am/ru/item/20528105
Арабкир, 1 ком., 50 кв.м., 5/8 этаж	1	181800	50	https://www.list.am/ru/item/20223019
Арабкир, 2 ком., 60 кв.м., 2/16 этаж	2	363600	60	https://www.list.am/ru/item/19670488
Арабкир, 3 ком., 70 кв.м., 11/18 этаж	3	525200	70	https://www.list.am/ru/item/19047589
Арабкир, 1 ком., 50 кв.м., 2/5 этаж	1	300000	50	https://www.list.am/ru/item/19042446
Арабкир, 3 ком., 90 кв.м., 14/14 этаж	3	400000	90	https://www.list.am/ru/item/20133244
Арабкир, 3 ком., 98 кв.м., 3/5 этаж	3	400000	98	https://www.list.am/ru/item/18374407
Арабкир, 3 ком., 72 кв.м., 4/14 этаж	3	350000	72	https://www.list.am/ru/item/20560200
Арабкир, 2 ком., 42 кв.м., 7/8 этаж	2	300000	42	https://www.list.am/ru/item/20310502
Арабкир, 2 ком., 53 кв.м., 5/7 этаж	2	242400	53	https://www.list.am/ru/item/20299028
Арабкир, 2 ком., 38 кв.м., 1/5 этаж	2	350000	38	https://www.list.am/ru/item/20404096
Арабкир, 4 ком., 78 кв.м., 3/5 этаж	4	280000	78	https://www.list.am/ru/item/19637921
Арабкир, 2 ком., 46 кв.м., 5/8 этаж	2	250000	46	https://www.list.am/ru/item/19584587
Арабкир, 3 ком., 95 кв.м., 4/10 этаж	3	350000	95	https://www.list.am/ru/item/19629649
Арабкир, 2 ком., 40 кв.м., 4/5 этаж	2	300000	40	https://www.list.am/ru/item/20429649
Арабкир, 2 ком., 44 кв.м., 5/5 этаж	2	230000	44	https://www.list.am/ru/item/20485040
Арабкир, 1 ком., 44 кв.м., 5/5 этаж	1	222200	44	https://www.list.am/ru/item/20378226
Арабкир, 2 ком., 44 кв.м., 5/5 этаж	2	220000	44	https://www.list.am/ru/item/20533527
Арабкир, 2 ком., 45 кв.м., 8/8 этаж	2	330000	45	https://www.list.am/ru/item/20562984
Арабкир, 1 ком., 30 кв.м., 1/1 этаж	1	190000	30	https://www.list.am/ru/item/20403693
Арабкир, 2 ком., 47 кв.м., 6/8 этаж	2	260000	47	https://www.list.am/ru/item/20459618
Арабкир, 2 ком., 45 кв.м., 5/8 этаж	2	260000	45	https://www.list.am/ru/item/20459625
Арабкир, 1 ком., 19 кв.м., 4/5 этаж	1	200000	19	https://www.list.am/ru/item/20501248
Арабкир, 2 ком., 47 кв.м., 4/5 этаж	2	260000	47	https://www.list.am/ru/item/20528028
Арабкир, 3 ком., 126 кв.м., 2/5 этаж	3	440000	126	https://www.list.am/ru/item/20500679
Арабкир, 2 ком., 59 кв.м., 1/5 этаж	2	270000	59	https://www.list.am/ru/item/20318015
Арабкир, 2 ком., 74 кв.м., 15/16 этаж	2	500000	74	https://www.list.am/ru/item/20567482
Арабкир, 2 ком., 81 кв.м., 4/10 этаж	2	270000	81	https://www.list.am/ru/item/20259280
Арабкир, 3 ком., 89 кв.м., 4/16 этаж	3	300000	89	https://www.list.am/ru/item/20492063
Арабкир, 3 ком., 76 кв.м., 7/9 этаж	3	350000	76	https://www.list.am/ru/item/20473493
Арабкир, 3 ком., 89 кв.м., 4/5 этаж	3	350000	89	https://www.list.am/ru/item/20564771
Арабкир, 2 ком., 40 кв.м., 1/5 этаж	2	200000	40	https://www.list.am/ru/item/20303460
Арабкир, 2 ком., 58 кв.м., 6/8 этаж	2	450000	58	https://www.list.am/ru/item/20407817
Арабкир, 2 ком., 40 кв.м., 4/4 этаж	2	250000	40	https://www.list.am/ru/item/20523328
Арабкир, 2 ком., 68 кв.м., 9/9 этаж	2	270000	68	https://www.list.am/ru/item/20564560
Арабкир, 3 ком., 91 кв.м., 8/8 этаж	3	450000	91	https://www.list.am/ru/item/20528154
Арабкир, 3 ком., 80 кв.м., 3/5 этаж	3	444400	80	https://www.list.am/ru/item/20566908
Арабкир, 3 ком., 70 кв.м., 3/4 этаж	3	390000	70	https://www.list.am/ru/item/20294667
Арабкир, 3 ком., 90 кв.м., 4/6 этаж	3	410000	90	https://www.list.am/ru/item/20520797
Арабкир, 3 ком., 78 кв.м., 6/8 этаж	3	350000	78	https://www.list.am/ru/item/20483630
Арабкир, 2 ком., 49 кв.м., 8/12 этаж	2	280000	49	https://www.list.am/ru/item/20565631
Арабкир, 1 ком., 45 кв.м., 3/5 этаж	1	270000	45	https://www.list.am/ru/item/20542706
Арабкир, 1 ком., 50 кв.м., 6/7 этаж	1	300000	50	https://www.list.am/ru/item/20388419
Арабкир, 3 ком., 70 кв.м., 5/5 этаж	3	300000	70	https://www.list.am/ru/item/20567510
Арабкир, 2 ком., 54 кв.м., 3/5 этаж	2	230000	54	https://www.list.am/ru/item/20499596
Арабкир, 2 ком., 50 кв.м., 5/5 этаж	2	300000	50	https://www.list.am/ru/item/19870516
Арабкир, 4 ком., 110 кв.м., 5/7 этаж	4	300000	110	https://www.list.am/ru/item/20478268
Арабкир, 3 ком., 125 кв.м., 4/4 этаж	3	390000	125	https://www.list.am/ru/item/20339925
Арабкир, 3 ком., 60 кв.м., 1/3 этаж	3	230000	60	https://www.list.am/ru/item/20551347
Арабкир, 2 ком., 49 кв.м., 2/5 этаж	2	300000	49	https://www.list.am/ru/item/20555232
Арабкир, 2 ком., 56 кв.м., 11/17 этаж	2	383800	56	https://www.list.am/ru/item/19679826
Арабкир, 3 ком., 80 кв.м., 5/5 этаж	3	383800	80	https://www.list.am/ru/item/18876796
Арабкир, 2 ком., 56 кв.м., 2/5 этаж	2	300000	56	https://www.list.am/ru/item/20302226
Арабкир, 4 ком., 100 кв.м., 3/5 этаж	4	390000	100	https://www.list.am/ru/item/20316671
Арабкир, 2 ком., 59 кв.м., 4/5 этаж	2	300000	59	https://www.list.am/ru/item/20514341
Арабкир, 3 ком., 100 кв.м., 3/8 этаж	3	500000	100	https://www.list.am/ru/item/20546365
Арабкир, 3 ком., 90 кв.м., 1/5 этаж	3	420000	90	https://www.list.am/ru/item/20372072
Арабкир, 1 ком., 60 кв.м., 10/10 этаж	1	282800	60	https://www.list.am/ru/item/20531187
Арабкир, 2 ком., 45 кв.м., 6/7 этаж	2	320000	45	https://www.list.am/ru/item/18816511
Арабкир, 4 ком., 80 кв.м., 3/5 этаж	4	450000	80	https://www.list.am/ru/item/18565247
Арабкир, 2 ком., 57 кв.м., 3/6 этаж	2	565600	57	https://www.list.am/ru/item/20567754
Арабкир, 2 ком., 40 кв.м., 1/5 этаж	2	250000	40	https://www.list.am/ru/item/20335186
Арабкир, 2 ком., 50 кв.м., 1/1 этаж	2	200000	50	https://www.list.am/ru/item/20377463
Арабкир, 3 ком., 100 кв.м., 17/17 этаж	3	767600	100	https://www.list.am/ru/item/20059486
Арабкир, 3 ком., 94 кв.м., 2/5 этаж	3	450000	94	https://www.list.am/ru/item/20560170
Арабкир, 1 ком., 35 кв.м., 2/5 этаж	1	282800	35	https://www.list.am/ru/item/19177452
Арабкир, 3 ком., 82 кв.м., 2/5 этаж	3	404000	82	https://www.list.am/ru/item/20538190
Арабкир, 2 ком., 64 кв.м., 5/5 этаж	2	420000	64	https://www.list.am/ru/item/20564398
Арабкир, 2 ком., 40 кв.м., 3/4 этаж	2	270000	40	https://www.list.am/ru/item/20519422
Арабкир, 3 ком., 83 кв.м., 5/5 этаж	3	280000	83	https://www.list.am/ru/item/20537186
Арабкир, 5 ком., 166 кв.м., 9/16 этаж	5	686800	166	https://www.list.am/ru/item/20214568
Арабкир, 1 ком., 35 кв.м., 3/4 этаж	1	220000	35	https://www.list.am/ru/item/20567465
Арабкир, 3 ком., 80 кв.м., 8/9 этаж	3	280000	80	https://www.list.am/ru/item/20561777
Арабкир, 3 ком., 87 кв.м., 3/4 этаж	3	484800	87	https://www.list.am/ru/item/19255906
Арабкир, 3 ком., 75 кв.м., 2/5 этаж	3	260000	75	https://www.list.am/ru/item/20580179
Арабкир, 1 ком., 50 кв.м., 6/9 этаж	1	220000	50	https://www.list.am/ru/item/20438192
Арабкир, 2 ком., 50 кв.м., 4/5 этаж	2	260000	50	https://www.list.am/ru/item/20537609
Арабкир, 2 ком., 73 кв.м., 2/9 этаж	2	270000	73	https://www.list.am/ru/item/20468710
Арабкир, 2 ком., 45 кв.м., 4/9 этаж	2	350000	45	https://www.list.am/ru/item/20580132
Арабкир, 3 ком., 80 кв.м., 2/5 этаж	3	320000	80	https://www.list.am/ru/item/20284274
Арабкир, 2 ком., 47 кв.м., 4/7 этаж	2	250000	47	https://www.list.am/ru/item/20023434
Арабкир, 3 ком., 93 кв.м., 1/9 этаж	3	350000	93	https://www.list.am/ru/item/20549319
Арабкир, 3 ком., 100 кв.м., 13/18 этаж	3	800000	100	https://www.list.am/ru/item/19553876
Арабкир, 2 ком., 82 кв.м., 4/16 этаж	2	323200	82	https://www.list.am/ru/item/19938058
Арабкир, 1 ком., 30 кв.м., 1/1 этаж	1	180000	30	https://www.list.am/ru/item/20327239
Арабкир, 1 ком., 46 кв.м., 2/9 этаж	1	343400	46	https://www.list.am/ru/item/20214710
Арабкир, 3 ком., 65 кв.м., 7/7 этаж	3	250000	65	https://www.list.am/ru/item/20548862
Арабкир, 2 ком., 35 кв.м., 7/9 этаж	2	250000	35	https://www.list.am/ru/item/20522420
Арабкир, 4 ком., 75 кв.м., 3/11 этаж	4	343400	75	https://www.list.am/ru/item/20397263
Арабкир, 2 ком., 50 кв.м., 1/9 этаж	2	260000	50	https://www.list.am/ru/item/20223064
Арабкир, 2 ком., 30 кв.м., 2/4 этаж	2	220000	30	https://www.list.am/ru/item/20504403
Арабкир, 2 ком., 35 кв.м., 4/4 этаж	2	210000	35	https://www.list.am/ru/item/20503870
Арабкир, 3 ком., 70 кв.м., 1/5 этаж	3	300000	70	https://www.list.am/ru/item/20533341
Арабкир, 2 ком., 50 кв.м., 9/10 этаж	2	270000	50	https://www.list.am/ru/item/19096588
Арабкир, 1 ком., 42 кв.м., 7/11 этаж	1	180000	42	https://www.list.am/ru/item/20372053
Арабкир, 2 ком., 62 кв.м., 5/16 этаж	2	370000	62	https://www.list.am/ru/item/20465381
Арабкир, 2 ком., 47 кв.м., 2/6 этаж	2	390000	47	https://www.list.am/ru/item/20242006
Арабкир, 1 ком., 38 кв.м., 4/4 этаж	1	280000	38	https://www.list.am/ru/item/20294118
Арабкир, 4 ком., 174 кв.м., 10/14 этаж	4	800000	174	https://www.list.am/ru/item/19245208
Арабкир, 1 ком., 25 кв.м., 1/1 этаж	1	110000	25	https://www.list.am/ru/item/20400319
Арабкир, 3 ком., 140 кв.м., 8/13 этаж	3	404000	140	https://www.list.am/ru/item/20520966
Арабкир, 4 ком., 95 кв.м., 8/9 этаж	4	400000	95	https://www.list.am/ru/item/20336128
Арабкир, 3 ком., 70 кв.м., 1/5 этаж	3	500000	70	https://www.list.am/ru/item/19747479
Арабкир, 2 ком., 53 кв.м., 3/4 этаж	2	250000	53	https://www.list.am/ru/item/20542032
Арабкир, 2 ком., 57 кв.м., 4/5 этаж	2	280000	57	https://www.list.am/ru/item/20541970
Арабкир, 2 ком., 65 кв.м., 9/12 этаж	2	230000	65	https://www.list.am/ru/item/20541758
Арабкир, 3 ком., 62 кв.м., 2/5 этаж	3	250000	62	https://www.list.am/ru/item/20541663
Арабкир, 2 ком., 45 кв.м., 2/5 этаж	2	280000	45	https://www.list.am/ru/item/20487925
Арабкир, 3 ком., 125 кв.м., 1/5 этаж	3	380000	125	https://www.list.am/ru/item/20541569
Арабкир, 3 ком., 65 кв.м., 3/4 этаж	3	360000	65	https://www.list.am/ru/item/20448856
Арабкир, 2 ком., 48 кв.м., 7/9 этаж	2	300000	48	https://www.list.am/ru/item/20514586
Арабкир, 2 ком., 68 кв.м., 9/9 этаж	2	230000	68	https://www.list.am/ru/item/20246963
Арабкир, 2 ком., 56 кв.м., 1/9 этаж	2	220000	56	https://www.list.am/ru/item/20537297
Арабкир, 2 ком., 42 кв.м., 3/5 этаж	2	250000	42	https://www.list.am/ru/item/20479810
Арабкир, 3 ком., 75 кв.м., 5/5 этаж	3	350000	75	https://www.list.am/ru/item/20536145
Арабкир, 2 ком., 70 кв.м., 2/2 этаж	2	250000	70	https://www.list.am/ru/item/20323626
Арабкир, 2 ком., 38 кв.м., 4/5 этаж	2	260000	38	https://www.list.am/ru/item/20305946
Арабкир, 1 ком., 34 кв.м., 1/9 этаж	1	190000	34	https://www.list.am/ru/item/20503834
Арабкир, 2 ком., 61 кв.м., 4/9 этаж	2	280000	61	https://www.list.am/ru/item/20259624
Арабкир, 1 ком., 56 кв.м., 5/9 этаж	1	220000	56	https://www.list.am/ru/item/20258764
Арабкир, 2 ком., 84 кв.м., 6/7 этаж	2	330000	84	https://www.list.am/ru/item/20532838
Арабкир, 2 ком., 30 кв.м., 2/3 этаж	2	250000	30	https://www.list.am/ru/item/19568639
Арабкир, 1 ком., 33 кв.м., 2/4 этаж	1	230000	33	https://www.list.am/ru/item/20468570
Арабкир, 3 ком., 86 кв.м., 2/3 этаж	3	350000	86	https://www.list.am/ru/item/20494195
Арабкир, 3 ком., 100 кв.м., 2/5 этаж	3	440000	100	https://www.list.am/ru/item/20095302
Арабкир, 2 ком., 55 кв.м., 16/17 этаж	2	545400	55	https://www.list.am/ru/item/20117021
Арабкир, 3 ком., 54 кв.м., 4/5 этаж	3	260000	54	https://www.list.am/ru/item/20471530
Арабкир, 2 ком., 67 кв.м., 7/9 этаж	2	170000	67	https://www.list.am/ru/item/20527996
Арабкир, 4 ком., 115 кв.м., 2/5 этаж	4	606000	115	https://www.list.am/ru/item/20527848
Арабкир, 2 ком., 52 кв.м., 6/15 этаж	2	363600	52	https://www.list.am/ru/item/20019663
Арабкир, 4 ком., 100 кв.м., 3/5 этаж	4	320000	100	https://www.list.am/ru/item/20527533
Арабкир, 3 ком., 74 кв.м., 1/16 этаж	3	303000	74	https://www.list.am/ru/item/20218731
Арабкир, 3 ком., 85 кв.м., 3/5 этаж	3	350000	85	https://www.list.am/ru/item/20358450
Арабкир, 2 ком., 43 кв.м., 8/8 этаж	2	330000	43	https://www.list.am/ru/item/20231626
Арабкир, 2 ком., 67 кв.м., 9/16 этаж	2	420000	67	https://www.list.am/ru/item/20522138
Арабкир, 3 ком., 95 кв.м., 10/14 этаж	3	350000	95	https://www.list.am/ru/item/20225383
Арабкир, 3 ком., 100 кв.м., 3/5 этаж	3	484800	100	https://www.list.am/ru/item/20257933
Арабкир, 2 ком., 68 кв.м., 4/5 этаж	2	280000	68	https://www.list.am/ru/item/20413333
Арабкир, 2 ком., 55 кв.м., 4/4 этаж	2	320000	55	https://www.list.am/ru/item/20460509
Арабкир, 1 ком., 43 кв.м., 6/7 этаж	1	250000	43	https://www.list.am/ru/item/20225184
Арабкир, 1 ком., 64 кв.м., 1/5 этаж	1	200000	64	https://www.list.am/ru/item/20519274
Арабкир, 2 ком., 46 кв.м., 12/15 этаж	2	300000	46	https://www.list.am/ru/item/20399033
Арабкир, 3 ком., 65 кв.м., 4/4 этаж	3	300000	65	https://www.list.am/ru/item/20114862
Арабкир, 2 ком., 64 кв.м., 13/14 этаж	2	250000	64	https://www.list.am/ru/item/20516211
Арабкир, 3 ком., 74 кв.м., 6/7 этаж	3	500000	74	https://www.list.am/ru/item/19749866
Арабкир, 2 ком., 54 кв.м., 3/5 этаж	2	230000	54	https://www.list.am/ru/item/20514328
Арабкир, 2 ком., 55 кв.м., 5/9 этаж	2	330000	55	https://www.list.am/ru/item/19926040
Арабкир, 4 ком., 80 кв.м., 3/5 этаж	4	365000	80	https://www.list.am/ru/item/20499339
Арабкир, 3 ком., 139 кв.м., 10/12 этаж	3	560000	139	https://www.list.am/ru/item/20320409
Арабкир, 3 ком., 96 кв.м., 2/8 этаж	3	484800	96	https://www.list.am/ru/item/20496495
Арабкир, 2 ком., 50 кв.м., 1/5 этаж	2	250000	50	https://www.list.am/ru/item/20289749
Арабкир, 3 ком., 50 кв.м., 2/5 этаж	3	390000	50	https://www.list.am/ru/item/20261218
Арабкир, 2 ком., 46 кв.м., 1/15 этаж	2	400000	46	https://www.list.am/ru/item/19346042
Арабкир, 3 ком., 110 кв.м., 9/16 этаж	3	500000	110	https://www.list.am/ru/item/20002365
Арабкир, 2 ком., 44 кв.м., 1/5 этаж	2	380000	44	https://www.list.am/ru/item/19616537
Арабкир, 3 ком., 100 кв.м., 2/5 этаж	3	350000	100	https://www.list.am/ru/item/20161555
Арабкир, 1 ком., 33 кв.м., 5/5 этаж	1	180000	33	https://www.list.am/ru/item/20424454
Арабкир, 1 ком., 35 кв.м., 3/5 этаж	1	230000	35	https://www.list.am/ru/item/19155137
Арабкир, 2 ком., 38 кв.м., 3/4 этаж	2	280000	38	https://www.list.am/ru/item/20507720
Арабкир, 2 ком., 69 кв.м., 3/5 этаж	2	290000	69	https://www.list.am/ru/item/20047065
Арабкир, 2 ком., 70 кв.м., 1/2 этаж	2	300000	70	https://www.list.am/ru/item/20165306
Арабкир, 3 ком., 90 кв.м., 3/5 этаж	3	290000	90	https://www.list.am/ru/item/20311884
Арабкир, 2 ком., 50 кв.м., 5/5 этаж	2	500000	50	https://www.list.am/ru/item/19331710
Арабкир, 1 ком., 54 кв.м., 9/9 этаж	1	200000	54	https://www.list.am/ru/item/20505465
Арабкир, 2 ком., 56 кв.м., 5/8 этаж	2	404000	56	https://www.list.am/ru/item/20504276
Арабкир, 2 ком., 50 кв.м., 4/5 этаж	2	230000	50	https://www.list.am/ru/item/20408559
Арабкир, 2 ком., 55 кв.м., 2/5 этаж	2	250000	55	https://www.list.am/ru/item/19990577
Арабкир, 1 ком., 40 кв.м., 2/5 этаж	1	220000	40	https://www.list.am/ru/item/20328410
Арабкир, 1 ком., 39 кв.м., 9/16 этаж	1	290000	39	https://www.list.am/ru/item/20389617
Арабкир, 2 ком., 54 кв.м., 3/4 этаж	2	444400	54	https://www.list.am/ru/item/19727783
Арабкир, 2 ком., 60 кв.м., 2/4 этаж	2	300000	60	https://www.list.am/ru/item/20498957
Арабкир, 2 ком., 48 кв.м., 4/5 этаж	2	400000	48	https://www.list.am/ru/item/19752084
Арабкир, 3 ком., 75 кв.м., 3/5 этаж	3	320000	75	https://www.list.am/ru/item/20498422
Арабкир, 3 ком., 80 кв.м., 2/5 этаж	3	250000	80	https://www.list.am/ru/item/20447926
Арабкир, 2 ком., 65 кв.м., 5/5 этаж	2	225000	65	https://www.list.am/ru/item/20107136
Арабкир, 2 ком., 50 кв.м., 9/10 этаж	2	270000	50	https://www.list.am/ru/item/20291830
Арабкир, 2 ком., 68 кв.м., 8/16 этаж	2	230000	68	https://www.list.am/ru/item/20353258
Арабкир, 1 ком., 27 кв.м., 1/5 этаж	1	180000	27	https://www.list.am/ru/item/20471527
Арабкир, 2 ком., 85 кв.м., 3/5 этаж	2	300000	85	https://www.list.am/ru/item/20199295
Арабкир, 2 ком., 57 кв.м., 2/5 этаж	2	300000	57	https://www.list.am/ru/item/20239725
Арабкир, 2 ком., 59 кв.м., 5/14 этаж	2	300000	59	https://www.list.am/ru/item/20400933
Арабкир, 3 ком., 135 кв.м., 15/19 этаж	3	888800	135	https://www.list.am/ru/item/20345242
Арабкир, 2 ком., 74 кв.м., 1/9 этаж	2	235000	74	https://www.list.am/ru/item/20569252
Арабкир, 3 ком., 96 кв.м., 7/12 этаж	3	600000	96	https://www.list.am/ru/item/20183895
Арабкир, 3 ком., 151 кв.м., 1/1 этаж	3	444400	151	https://www.list.am/ru/item/19920704
Арабкир, 2 ком., 43 кв.м., 5/9 этаж	2	450000	43	https://www.list.am/ru/item/19066005
Арабкир, 1 ком., 18 кв.м., 1/1 этаж	1	100000	18	https://www.list.am/ru/item/20567974
Арабкир, 2 ком., 55 кв.м., 13/14 этаж	2	350000	55	https://www.list.am/ru/item/20489105
Арабкир, 3 ком., 76 кв.м., 5/5 этаж	3	250000	76	https://www.list.am/ru/item/20487834
Арабкир, 3 ком., 90 кв.м., 3/3 этаж	3	260000	90	https://www.list.am/ru/item/20484288
Арабкир, 2 ком., 40 кв.м., 4/9 этаж	2	280000	40	https://www.list.am/ru/item/18926212
Арабкир, 2 ком., 63 кв.м., 6/10 этаж	2	360000	63	https://www.list.am/ru/item/20567680
Арабкир, 1 ком., 10 кв.м., 1/1 этаж	1	130000	10	https://www.list.am/ru/item/20567633
Арабкир, 1 ком., 25 кв.м., 1/1 этаж	1	300000	25	https://www.list.am/ru/item/20320229
Арабкир, 2 ком., 50 кв.м., 3/9 этаж	2	280000	50	https://www.list.am/ru/item/19994429
Арабкир, 2 ком., 45 кв.м., 3/4 этаж	2	363600	45	https://www.list.am/ru/item/20488186
Арабкир, 2 ком., 70 кв.м., 1/5 этаж	2	300000	70	https://www.list.am/ru/item/19293533
Арабкир, 2 ком., 50 кв.м., 4/5 этаж	2	340000	50	https://www.list.am/ru/item/18578498
Арабкир, 2 ком., 38 кв.м., 4/4 этаж	2	262600	38	https://www.list.am/ru/item/20323589
Арабкир, 3 ком., 68 кв.м., 6/9 этаж	3	350000	68	https://www.list.am/ru/item/20566910
Арабкир, 5 ком., 153 кв.м., 12/14 этаж	5	969600	153	https://www.list.am/ru/item/19887529
Арабкир, 2 ком., 45 кв.м., 3/3 этаж	2	363600	45	https://www.list.am/ru/item/19853738
Арабкир, 2 ком., 100 кв.м., 12/18 этаж	2	525200	100	https://www.list.am/ru/item/20566701
Арабкир, 3 ком., 90 кв.м., 12/15 этаж	3	420000	90	https://www.list.am/ru/item/20370815
Арабкир, 2 ком., 59 кв.м., 1/6 этаж	2	300000	59	https://www.list.am/ru/item/20059234
Арабкир, 3 ком., 127 кв.м., 5/8 этаж	3	500000	127	https://www.list.am/ru/item/20565520
Арабкир, 5 ком., 155 кв.м., 12/14 этаж	5	1010000	155	https://www.list.am/ru/item/20098368
Арабкир, 3 ком., 75 кв.м., 3/4 этаж	3	282800	75	https://www.list.am/ru/item/20564812
Арабкир, 1 ком., 41 кв.м., 2/5 этаж	1	230000	41	https://www.list.am/ru/item/20464958
Арабкир, 2 ком., 78 кв.м., 5/5 этаж	2	350000	78	https://www.list.am/ru/item/20564608
Арабкир, 2 ком., 50 кв.м., 4/5 этаж	2	230000	50	https://www.list.am/ru/item/20564479
Арабкир, 2 ком., 58 кв.м., 2/4 этаж	2	260000	58	https://www.list.am/ru/item/20564295
Арабкир, 3 ком., 102 кв.м., 2/2 этаж	3	545400	102	https://www.list.am/ru/item/19757975
Арабкир, 3 ком., 75 кв.м., 4/9 этаж	3	400000	75	https://www.list.am/ru/item/20353589
Арабкир, 3 ком., 100 кв.м., 13/13 этаж	3	280000	100	https://www.list.am/ru/item/20514601
Арабкир, 3 ком., 80 кв.м., 2/5 этаж	3	400000	80	https://www.list.am/ru/item/19314651
Арабкир, 3 ком., 75 кв.м., 1/5 этаж	3	320000	75	https://www.list.am/ru/item/19407901
Арабкир, 2 ком., 55 кв.м., 13/14 этаж	2	350000	55	https://www.list.am/ru/item/20550912
Арабкир, 4 ком., 130 кв.м., 3/4 этаж	4	484800	130	https://www.list.am/ru/item/20344122
Арабкир, 4 ком., 70 кв.м., 1/1 этаж	4	350000	70	https://www.list.am/ru/item/20038881
Арабкир, 4 ком., 160 кв.м., 7/10 этаж	4	606000	160	https://www.list.am/ru/item/19129235
Арабкир, 1 ком., 52 кв.м., 2/5 этаж	1	200000	52	https://www.list.am/ru/item/20255943
Арабкир, 3 ком., 60 кв.м., 5/5 этаж	3	330000	60	https://www.list.am/ru/item/19990019
Арабкир, 2 ком., 57 кв.м., 4/5 этаж	2	270000	57	https://www.list.am/ru/item/20493069
Арабкир, 2 ком., 45 кв.м., 2/10 этаж	2	280000	45	https://www.list.am/ru/item/20010467
Арабкир, 1 ком., 27 кв.м., 2/9 этаж	1	270000	27	https://www.list.am/ru/item/20126795
Арабкир, 3 ком., 60 кв.м., 1/4 этаж	3	350000	60	https://www.list.am/ru/item/20524349
Арабкир, 2 ком., 56 кв.м., 7/9 этаж	2	260000	56	https://www.list.am/ru/item/20184565
Арабкир, 3 ком., 70 кв.м., 2/4 этаж	3	330000	70	https://www.list.am/ru/item/20226249
Арабкир, 2 ком., 45 кв.м., 1/12 этаж	2	349000	45	https://www.list.am/ru/item/19431463
Арабкир, 3 ком., 77 кв.м., 9/9 этаж	3	290000	77	https://www.list.am/ru/item/19903907
Арабкир, 1 ком., 45 кв.м., 7/9 этаж	1	200000	45	https://www.list.am/ru/item/20560198
Арабкир, 3 ком., 93 кв.м., 3/5 этаж	3	444400	93	https://www.list.am/ru/item/20456011
Арабкир, 3 ком., 95 кв.м., 5/7 этаж	3	280000	95	https://www.list.am/ru/item/20242219
Арабкир, 2 ком., 55 кв.м., 4/14 этаж	2	350000	55	https://www.list.am/ru/item/20559852
Арабкир, 3 ком., 99 кв.м., 2/5 этаж	3	370000	99	https://www.list.am/ru/item/20414503
Арабкир, 3 ком., 60 кв.м., 4/5 этаж	3	330000	60	https://www.list.am/ru/item/20487038
Арабкир, 1 ком., 30 кв.м., 3/4 этаж	1	220000	30	https://www.list.am/ru/item/20495431
Арабкир, 2 ком., 70 кв.м., 2/12 этаж	2	380000	70	https://www.list.am/ru/item/20483783
Арабкир, 2 ком., 55 кв.м., 4/14 этаж	2	350000	55	https://www.list.am/ru/item/20559094
Арабкир, 4 ком., 105 кв.м., 6/7 этаж	4	500000	105	https://www.list.am/ru/item/19916818
Арабкир, 4 ком., 96 кв.м., 8/14 этаж	4	330000	96	https://www.list.am/ru/item/20505158
Арабкир, 1 ком., 42 кв.м., 4/5 этаж	1	165000	42	https://www.list.am/ru/item/20373699
Арабкир, 1 ком., 30 кв.м., 4/4 этаж	1	250000	30	https://www.list.am/ru/item/20556816
Арабкир, 3 ком., 68 кв.м., 6/9 этаж	3	400000	68	https://www.list.am/ru/item/20556648
Арабкир, 4 ком., 131 кв.м., 4/4 этаж	4	343400	131	https://www.list.am/ru/item/20401337
Арабкир, 3 ком., 62 кв.м., 12/16 этаж	3	320000	62	https://www.list.am/ru/item/20366729
Арабкир, 4 ком., 90 кв.м., 2/4 этаж	4	300000	90	https://www.list.am/ru/item/20484284
Арабкир, 3 ком., 75 кв.м., 2/5 этаж	3	484800	75	https://www.list.am/ru/item/20066869
Арабкир, 2 ком., 56 кв.м., 8/10 этаж	2	280000	56	https://www.list.am/ru/item/20198735
Арабкир, 3 ком., 98 кв.м., 3/5 этаж	3	525200	98	https://www.list.am/ru/item/20223831
Арабкир, 5 ком., 130 кв.м., 5/15 этаж	5	600000	130	https://www.list.am/ru/item/20418198
Арабкир, 3 ком., 89 кв.м., 8/9 этаж	3	380000	89	https://www.list.am/ru/item/19359162
Арабкир, 2 ком., 70 кв.м., 8/15 этаж	2	404000	70	https://www.list.am/ru/item/20322838
Арабкир, 3 ком., 101 кв.м., 4/11 этаж	3	420000	101	https://www.list.am/ru/item/19924598
Арабкир, 1 ком., 46 кв.м., 3/5 этаж	1	240000	46	https://www.list.am/ru/item/20554045
Арабкир, 2 ком., 79 кв.м., 2/5 этаж	2	300000	79	https://www.list.am/ru/item/20425908
Арабкир, 4 ком., 97 кв.м., 3/5 этаж	4	300000	97	https://www.list.am/ru/item/20290149
Арабкир, 1 ком., 40 кв.м., 3/5 этаж	1	200000	40	https://www.list.am/ru/item/20412782
Арабкир, 2 ком., 37 кв.м., 6/8 этаж	2	330000	37	https://www.list.am/ru/item/20553316
Арабкир, 2 ком., 56 кв.м., 4/9 этаж	2	500000	56	https://www.list.am/ru/item/19959618
Арабкир, 1 ком., 20 кв.м., 1/1 этаж	1	300000	20	https://www.list.am/ru/item/20053841
Арабкир, 3 ком., 58 кв.м., 4/5 этаж	3	250000	58	https://www.list.am/ru/item/20552300
Арабкир, 2 ком., 57 кв.м., 2/5 этаж	2	356000	57	https://www.list.am/ru/item/20552219
Арабкир, 2 ком., 55 кв.м., 2/5 этаж	2	350000	55	https://www.list.am/ru/item/20370267
Арабкир, 2 ком., 55 кв.м., 2/16 этаж	2	410000	55	https://www.list.am/ru/item/20551937
Арабкир, 3 ком., 97 кв.м., 4/5 этаж	3	808000	97	https://www.list.am/ru/item/17533672
Арабкир, 2 ком., 51 кв.м., 17/19 этаж	2	383800	51	https://www.list.am/ru/item/20073613
Арабкир, 2 ком., 67 кв.м., 4/5 этаж	2	300000	67	https://www.list.am/ru/item/20332941
Арабкир, 2 ком., 56 кв.м., 3/14 этаж	2	450000	56	https://www.list.am/ru/item/20138165
Арабкир, 1 ком., 20 кв.м., 1/5 этаж	1	300000	20	https://www.list.am/ru/item/20551192
Арабкир, 2 ком., 68 кв.м., 8/14 этаж	2	230000	68	https://www.list.am/ru/item/20551178
Арабкир, 3 ком., 64 кв.м., 2/5 этаж	3	380000	64	https://www.list.am/ru/item/20512508
Арабкир, 2 ком., 46 кв.м., 4/6 этаж	2	300000	46	https://www.list.am/ru/item/20464994
Арабкир, 2 ком., 76 кв.м., 3/4 этаж	2	230000	76	https://www.list.am/ru/item/20323727
Арабкир, 3 ком., 70 кв.м., 2/4 этаж	3	400000	70	https://www.list.am/ru/item/20181672
