Кентрон, 2 ком., 45 кв.м., 7/14 этаж	2	300000	45	https://www.list.am/ru/item/20528607
Кентрон, 3 ком., 81 кв.м., 10/15 этаж	3	300000	81	https://www.list.am/ru/item/20252111
Кентрон, 1 ком., 50 кв.м., 4/5 этаж	1	260000	50	https://www.list.am/ru/item/20355500
Кентрон, 2 ком., 68 кв.м., 4/4 этаж	2	300000	68	https://www.list.am/ru/item/20238387
Кентрон, 3 ком., 73 кв.м., 2/4 этаж	3	484800	73	https://www.list.am/ru/item/20504008
Кентрон, 2 ком., 72 кв.м., 7/11 этаж	2	300000	72	https://www.list.am/ru/item/20451388
Кентрон, 3 ком., 67 кв.м., 14/15 этаж	3	363600	67	https://www.list.am/ru/item/20593935
Кентрон, 2 ком., 48 кв.м., 2/9 этаж	2	323200	48	https://www.list.am/ru/item/20593921
Кентрон, 2 ком., 56 кв.м., 14/14 этаж	2	323200	56	https://www.list.am/ru/item/20593901
Кентрон, 3 ком., 55 кв.м., 5/6 этаж	3	900000	55	https://www.list.am/ru/item/20593892
Кентрон, 1 ком., 30 кв.м., 2/3 этаж	1	160000	30	https://www.list.am/ru/item/20214821
Кентрон, 1 ком., 42 кв.м., 6/6 этаж	1	400000	42	https://www.list.am/ru/item/19959823
Кентрон, 3 ком., 70 кв.м., 2/9 этаж	3	444400	70	https://www.list.am/ru/item/20116420
Кентрон, 3 ком., 85 кв.м., 5/5 этаж	3	444400	85	https://www.list.am/ru/item/19549613
Кентрон, 3 ком., 68 кв.м., 3/5 этаж	3	360000	68	https://www.list.am/ru/item/20593824
Кентрон, 3 ком., 78 кв.м., 6/9 этаж	3	300000	78	https://www.list.am/ru/item/20203176
Кентрон, 2 ком., 45 кв.м., 2/9 этаж	2	375000	45	https://www.list.am/ru/item/20551191
Кентрон, 3 ком., 90 кв.м., 2/12 этаж	3	340000	90	https://www.list.am/ru/item/20463573
Кентрон, 2 ком., 46 кв.м., 18/18 этаж	2	808000	46	https://www.list.am/ru/item/20463645
Кентрон, 1 ком., 40 кв.м., 4/5 этаж	1	300000	40	https://www.list.am/ru/item/19094205
Кентрон, 1 ком., 40 кв.м., 4/4 этаж	1	300000	40	https://www.list.am/ru/item/20481061
Кентрон, 2 ком., 75 кв.м., 8/12 этаж	2	606000	75	https://www.list.am/ru/item/20593723
Кентрон, 3 ком., 64 кв.м., 5/5 этаж	3	320000	64	https://www.list.am/ru/item/19844466
Кентрон, 1 ком., 30 кв.м., 9/11 этаж	1	420000	30	https://www.list.am/ru/item/20064702
Кентрон, 3 ком., 74 кв.м., 5/12 этаж	3	444400	74	https://www.list.am/ru/item/20438338
Кентрон, 2 ком., 45 кв.м., 4/4 этаж	2	280000	45	https://www.list.am/ru/item/20464760
Кентрон, 3 ком., 85 кв.м., 7/16 этаж	3	444400	85	https://www.list.am/ru/item/18702523
Кентрон, 3 ком., 84 кв.м., 4/5 этаж	3	464600	84	https://www.list.am/ru/item/19246996
Кентрон, 2 ком., 58 кв.м., 4/10 этаж	2	320000	58	https://www.list.am/ru/item/20206791
Кентрон, 5 ком., 205 кв.м., 4/6 этаж	5	1414000	205	https://www.list.am/ru/item/20299118
Кентрон, 2 ком., 60 кв.м., 10/13 этаж	2	400000	60	https://www.list.am/ru/item/20550936
Кентрон, 2 ком., 74 кв.м., 9/13 этаж	2	600000	74	https://www.list.am/ru/item/20344221
Кентрон, 3 ком., 34 кв.м., 1/4 этаж	3	320000	34	https://www.list.am/ru/item/19602983
Кентрон, 1 ком., 40 кв.м., 5/5 этаж	1	363600	40	https://www.list.am/ru/item/20278767
Кентрон, 1 ком., 45 кв.м., 9/9 этаж	1	400000	45	https://www.list.am/ru/item/20233222
Кентрон, 3 ком., 90 кв.м., 2/10 этаж	3	606000	90	https://www.list.am/ru/item/19233249
Кентрон, 5 ком., 125 кв.м., 5/5 этаж	5	808000	125	https://www.list.am/ru/item/19216934
Кентрон, 1 ком., 40 кв.м., 4/6 этаж	1	400000	40	https://www.list.am/ru/item/20301346
Кентрон, 2 ком., 55 кв.м., 4/16 этаж	2	320000	55	https://www.list.am/ru/item/20479088
Кентрон, 3 ком., 70 кв.м., 9/11 этаж	3	300000	70	https://www.list.am/ru/item/19982651
Кентрон, 1 ком., 24 кв.м., 1/14 этаж	1	200000	24	https://www.list.am/ru/item/18563617
Кентрон, 1 ком., 45 кв.м., 2/5 этаж	1	325000	45	https://www.list.am/ru/item/20496808
Кентрон, 1 ком., 55 кв.м., 2/8 этаж	1	250000	55	https://www.list.am/ru/item/20533367
Кентрон, 2 ком., 44 кв.м., 5/10 этаж	2	484800	44	https://www.list.am/ru/item/19233077
Кентрон, 3 ком., 96 кв.м., 1/1 этаж	3	450000	96	https://www.list.am/ru/item/20576161
Кентрон, 3 ком., 90 кв.м., 11/12 этаж	3	400000	90	https://www.list.am/ru/item/20407621
Кентрон, 2 ком., 50 кв.м., 7/10 этаж	2	400000	50	https://www.list.am/ru/item/20481454
Кентрон, 2 ком., 87 кв.м., 2/5 этаж	2	300000	87	https://www.list.am/ru/item/20373125
Кентрон, 2 ком., 55 кв.м., 7/16 этаж	2	270000	55	https://www.list.am/ru/item/20327741
Кентрон, 1 ком., 30 кв.м., 1/1 этаж	1	180000	30	https://www.list.am/ru/item/20445078
Кентрон, 1 ком., 50 кв.м., 2/5 этаж	1	300000	50	https://www.list.am/ru/item/20379131
Кентрон, 2 ком., 65 кв.м., 4/5 этаж	2	240000	65	https://www.list.am/ru/item/18776957
Кентрон, 2 ком., 42 кв.м., 4/11 этаж	2	320000	42	https://www.list.am/ru/item/20037165
Кентрон, 1 ком., 35 кв.м., 2/14 этаж	1	250000	35	https://www.list.am/ru/item/20030438
Кентрон, 1 ком., 40 кв.м., 5/9 этаж	1	230000	40	https://www.list.am/ru/item/20557221
Кентрон, 3 ком., 140 кв.м., 8/12 этаж	3	800000	140	https://www.list.am/ru/item/20106621
Кентрон, 3 ком., 72 кв.м., 5/16 этаж	3	404000	72	https://www.list.am/ru/item/20495628
Кентрон, 2 ком., 60 кв.м., 5/5 этаж	2	350000	60	https://www.list.am/ru/item/19888515
Кентрон, 3 ком., 103 кв.м., 4/8 этаж	3	444400	103	https://www.list.am/ru/item/20159730
Кентрон, 2 ком., 78 кв.м., 4/5 этаж	2	700000	78	https://www.list.am/ru/item/19994413
Кентрон, 2 ком., 40 кв.м., 7/9 этаж	2	250000	40	https://www.list.am/ru/item/20270878
Кентрон, 6 ком., 230 кв.м., 5/6 этаж	6	3232000	230	https://www.list.am/ru/item/19337994
Кентрон, 2 ком., 68 кв.м., 9/11 этаж	2	280000	68	https://www.list.am/ru/item/20480633
Кентрон, 1 ком., 57 кв.м., 6/10 этаж	1	303000	57	https://www.list.am/ru/item/20187078
Кентрон, 2 ком., 50 кв.м., 10/14 этаж	2	360000	50	https://www.list.am/ru/item/20577504
Кентрон, 2 ком., 45 кв.м., 1/2 этаж	2	190000	45	https://www.list.am/ru/item/20509658
Кентрон, 2 ком., 50 кв.м., 5/5 этаж	2	395	50	https://www.list.am/ru/item/19954481
Кентрон, 2 ком., 55 кв.м., 14/14 этаж	2	430000	55	https://www.list.am/ru/item/20340108
Кентрон, 2 ком., 67 кв.м., 9/11 этаж	2	320000	67	https://www.list.am/ru/item/20565683
Кентрон, 3 ком., 95 кв.м., 8/15 этаж	3	363600	95	https://www.list.am/ru/item/20345776
Кентрон, 3 ком., 116 кв.м., 5/16 этаж	3	700000	116	https://www.list.am/ru/item/18347773
Кентрон, 3 ком., 80 кв.м., 6/12 этаж	3	800000	80	https://www.list.am/ru/item/20135228
Кентрон, 4 ком., 140 кв.м., 4/4 этаж	4	606000	140	https://www.list.am/ru/item/20090383
Кентрон, 3 ком., 133 кв.м., 10/13 этаж	3	767600	133	https://www.list.am/ru/item/20090390
Кентрон, 2 ком., 53 кв.м., 3/8 этаж	2	250000	53	https://www.list.am/ru/item/20385972
Кентрон, 3 ком., 86 кв.м., 9/14 этаж	3	310000	86	https://www.list.am/ru/item/15528712
Кентрон, 2 ком., 50 кв.м., 2/5 этаж	2	400000	50	https://www.list.am/ru/item/20532478
Кентрон, 2 ком., 50 кв.м., 11/11 этаж	2	460000	50	https://www.list.am/ru/item/20401780
Кентрон, 3 ком., 89 кв.м., 2/4 этаж	3	330000	89	https://www.list.am/ru/item/20347999
Кентрон, 3 ком., 80 кв.м., 4/5 этаж	3	700000	80	https://www.list.am/ru/item/20572824
Кентрон, 4 ком., 118 кв.м., 2/5 этаж	4	808000	118	https://www.list.am/ru/item/18450724
Кентрон, 2 ком., 42 кв.м., 12/14 этаж	2	250000	42	https://www.list.am/ru/item/20572458
Кентрон, 3 ком., 220 кв.м., 5/5 этаж	3	400000	220	https://www.list.am/ru/item/19501359
Кентрон, 2 ком., 40 кв.м., 5/5 этаж	2	323200	40	https://www.list.am/ru/item/20407275
Кентрон, 3 ком., 80 кв.м., 1/1 этаж	3	270000	80	https://www.list.am/ru/item/20464861
Кентрон, 3 ком., 100 кв.м., 5/5 этаж	3	410000	100	https://www.list.am/ru/item/19674130
Кентрон, 3 ком., 86 кв.м., 6/10 этаж	3	360000	86	https://www.list.am/ru/item/20309243
Кентрон, 2 ком., 65 кв.м., 1/2 этаж	2	250000	65	https://www.list.am/ru/item/20509417
Кентрон, 8 ком., 250 кв.м., 4/4 этаж	8	1616000	250	https://www.list.am/ru/item/19636358
Кентрон, 3 ком., 100 кв.м., 4/4 этаж	3	404000	100	https://www.list.am/ru/item/20481897
Кентрон, 2 ком., 42 кв.м., 10/10 этаж	2	250000	42	https://www.list.am/ru/item/20233145
Кентрон, 4 ком., 117 кв.м., 2/5 этаж	4	1292800	117	https://www.list.am/ru/item/19524964
Кентрон, 3 ком., 104 кв.м., 2/5 этаж	3	400000	104	https://www.list.am/ru/item/20313619
Кентрон, 1 ком., 37 кв.м., 10/14 этаж	1	230000	37	https://www.list.am/ru/item/20222677
Кентрон, 4 ком., 132 кв.м., 2/6 этаж	4	969600	132	https://www.list.am/ru/item/19758676
Кентрон, 3 ком., 75 кв.м., 3/5 этаж	3	606000	75	https://www.list.am/ru/item/20377824
Кентрон, 3 ком., 62 кв.м., 4/4 этаж	3	230000	62	https://www.list.am/ru/item/20453830
Кентрон, 2 ком., 93 кв.м., 10/16 этаж	2	404000	93	https://www.list.am/ru/item/19020433
Кентрон, 2 ком., 48 кв.м., 2/5 этаж	2	350000	48	https://www.list.am/ru/item/20108832
Кентрон, 2 ком., 120 кв.м., 6/6 этаж	2	484800	120	https://www.list.am/ru/item/20556044
Кентрон, 3 ком., 120 кв.м., 4/5 этаж	3	525200	120	https://www.list.am/ru/item/20556036
Кентрон, 1 ком., 40 кв.м., 7/9 этаж	1	606000	40	https://www.list.am/ru/item/19453976
Кентрон, 3 ком., 96 кв.м., 3/4 этаж	3	450000	96	https://www.list.am/ru/item/19544559
Кентрон, 3 ком., 90 кв.м., 5/10 этаж	3	525200	90	https://www.list.am/ru/item/20177304
Кентрон, 2 ком., 74 кв.м., 5/5 этаж	2	404000	74	https://www.list.am/ru/item/19351603
Кентрон, 2 ком., 45 кв.м., 2/2 этаж	2	303000	45	https://www.list.am/ru/item/19721755
Кентрон, 2 ком., 70 кв.м., 2/13 этаж	2	270000	70	https://www.list.am/ru/item/18881578
Кентрон, 4 ком., 130 кв.м., 4/4 этаж	4	600000	130	https://www.list.am/ru/item/20498995
Кентрон, 4 ком., 250 кв.м., 5/8 этаж	4	1414000	250	https://www.list.am/ru/item/20504184
Кентрон, 2 ком., 47 кв.м., 2/4 этаж	2	300000	47	https://www.list.am/ru/item/20357772
Кентрон, 1 ком., 38 кв.м., 3/5 этаж	1	180000	38	https://www.list.am/ru/item/20512433
Кентрон, 5 ком., 160 кв.м., 3/8 этаж	5	1414000	160	https://www.list.am/ru/item/18401233
Кентрон, 1 ком., 40 кв.м., 1/3 этаж	1	250000	40	https://www.list.am/ru/item/20328734
Кентрон, 2 ком., 47 кв.м., 3/9 этаж	2	404000	47	https://www.list.am/ru/item/20238383
Кентрон, 2 ком., 61 кв.м., 3/5 этаж	2	400000	61	https://www.list.am/ru/item/20456868
Кентрон, 3 ком., 105 кв.м., 14/14 этаж	3	380000	105	https://www.list.am/ru/item/19599824
Кентрон, 2 ком., 70 кв.м., 1/4 этаж	2	343400	70	https://www.list.am/ru/item/20237909
Кентрон, 4 ком., 134 кв.м., 8/10 этаж	4	1131200	134	https://www.list.am/ru/item/20238391
Кентрон, 3 ком., 72 кв.м., 11/17 этаж	3	1010000	72	https://www.list.am/ru/item/18660912
Кентрон, 2 ком., 47 кв.м., 4/10 этаж	2	404000	47	https://www.list.am/ru/item/20198816
Кентрон, 3 ком., 140 кв.м., 8/8 этаж	3	1616000	140	https://www.list.am/ru/item/20508733
Кентрон, 3 ком., 82 кв.м., 2/6 этаж	3	404000	82	https://www.list.am/ru/item/20527759
Кентрон, 3 ком., 82 кв.м., 2/6 этаж	3	323200	82	https://www.list.am/ru/item/20404594
Кентрон, 2 ком., 73 кв.м., 5/12 этаж	2	250000	73	https://www.list.am/ru/item/20554152
Кентрон, 2 ком., 50 кв.м., 7/10 этаж	2	280000	50	https://www.list.am/ru/item/19927179
Кентрон, 3 ком., 86 кв.м., 2/16 этаж	3	400000	86	https://www.list.am/ru/item/20344405
Кентрон, 1 ком., 40 кв.м., 3/9 этаж	1	300000	40	https://www.list.am/ru/item/19169229
Кентрон, 2 ком., 56 кв.м., 8/10 этаж	2	300000	56	https://www.list.am/ru/item/20553838
Кентрон, 2 ком., 57 кв.м., 10/16 этаж	2	525200	57	https://www.list.am/ru/item/20032494
Кентрон, 3 ком., 105 кв.м., 3/4 этаж	3	400000	105	https://www.list.am/ru/item/20553564
Кентрон, 3 ком., 78 кв.м., 4/7 этаж	3	606000	78	https://www.list.am/ru/item/20212743
Кентрон, 3 ком., 75 кв.м., 3/7 этаж	3	606000	75	https://www.list.am/ru/item/19986106
Кентрон, 2 ком., 52 кв.м., 3/4 этаж	2	450000	52	https://www.list.am/ru/item/20553367
Кентрон, 2 ком., 49 кв.м., 2/6 этаж	2	370000	49	https://www.list.am/ru/item/17929499
Кентрон, 2 ком., 85 кв.м., 6/12 этаж	2	404000	85	https://www.list.am/ru/item/20353156
Кентрон, 3 ком., 100 кв.м., 3/4 этаж	3	686800	100	https://www.list.am/ru/item/20509598
Кентрон, 3 ком., 106 кв.м., 3/16 этаж	3	1212000	106	https://www.list.am/ru/item/20508539
Кентрон, 3 ком., 93 кв.м., 5/5 этаж	3	545400	93	https://www.list.am/ru/item/20322249
Кентрон, 4 ком., 80 кв.м., 1/5 этаж	4	400000	80	https://www.list.am/ru/item/19862797
Кентрон, 3 ком., 83 кв.м., 3/15 этаж	3	484800	83	https://www.list.am/ru/item/20166074
Кентрон, 3 ком., 95 кв.м., 7/9 этаж	3	410000	95	https://www.list.am/ru/item/19995462
Кентрон, 1 ком., 39 кв.м., 2/5 этаж	1	250000	39	https://www.list.am/ru/item/20406130
Кентрон, 2 ком., 50 кв.м., 5/5 этаж	2	300000	50	https://www.list.am/ru/item/20526668
Кентрон, 2 ком., 66 кв.м., 5/9 этаж	2	350000	66	https://www.list.am/ru/item/20090182
Кентрон, 1 ком., 40 кв.м., 4/8 этаж	1	200000	40	https://www.list.am/ru/item/19284521
Кентрон, 3 ком., 80 кв.м., 5/10 этаж	3	400000	80	https://www.list.am/ru/item/20307373
Кентрон, 2 ком., 43 кв.м., 4/10 этаж	2	390000	43	https://www.list.am/ru/item/20483140
Кентрон, 3 ком., 108 кв.м., 5/5 этаж	3	500000	108	https://www.list.am/ru/item/20059952
Кентрон, 2 ком., 42 кв.м., 2/2 этаж	2	320000	42	https://www.list.am/ru/item/20222889
Кентрон, 2 ком., 68 кв.м., 2/5 этаж	2	350000	68	https://www.list.am/ru/item/17153428
Кентрон, 2 ком., 45 кв.м., 3/3 этаж	2	300000	45	https://www.list.am/ru/item/20537254
Кентрон, 2 ком., 54 кв.м., 3/14 этаж	2	320000	54	https://www.list.am/ru/item/20551359
Кентрон, 2 ком., 74 кв.м., 2/9 этаж	2	424200	74	https://www.list.am/ru/item/20019173
Кентрон, 3 ком., 64 кв.м., 6/6 этаж	3	606000	64	https://www.list.am/ru/item/20489078
Кентрон, 2 ком., 65 кв.м., 4/4 этаж	2	400000	65	https://www.list.am/ru/item/20416108
Кентрон, 3 ком., 89 кв.м., 6/8 этаж	3	550000	89	https://www.list.am/ru/item/18623462
Кентрон, 1 ком., 45 кв.м., 6/10 этаж	1	170000	45	https://www.list.am/ru/item/20487331
Кентрон, 3 ком., 90 кв.м., 5/10 этаж	3	1010000	90	https://www.list.am/ru/item/20130612
Кентрон, 4 ком., 250 кв.м., 2/3 этаж	4	650000	250	https://www.list.am/ru/item/17979998
Кентрон, 2 ком., 52 кв.м., 3/4 этаж	2	230000	52	https://www.list.am/ru/item/19778610
Кентрон, 2 ком., 74 кв.м., 9/13 этаж	2	600000	74	https://www.list.am/ru/item/20328740
Кентрон, 3 ком., 160 кв.м., 11/12 этаж	3	1200000	160	https://www.list.am/ru/item/19950717
Кентрон, 1 ком., 45 кв.м., 2/12 этаж	1	350000	45	https://www.list.am/ru/item/20549187
Кентрон, 3 ком., 83 кв.м., 1/5 этаж	3	500000	83	https://www.list.am/ru/item/20299127
Кентрон, 3 ком., 110 кв.м., 6/7 этаж	3	727200	110	https://www.list.am/ru/item/19514822
Кентрон, 3 ком., 97 кв.м., 3/7 этаж	3	300000	97	https://www.list.am/ru/item/20418805
Кентрон, 2 ком., 67 кв.м., 5/5 этаж	2	300000	67	https://www.list.am/ru/item/20464527
Кентрон, 2 ком., 45 кв.м., 4/9 этаж	2	350000	45	https://www.list.am/ru/item/20518982
Кентрон, 2 ком., 40 кв.м., 10/14 этаж	2	300000	40	https://www.list.am/ru/item/19979677
Кентрон, 2 ком., 52 кв.м., 13/13 этаж	2	400000	52	https://www.list.am/ru/item/20175881
Кентрон, 2 ком., 80 кв.м., 7/9 этаж	2	360000	80	https://www.list.am/ru/item/20546560
Кентрон, 2 ком., 30 кв.м., 1/1 этаж	2	160000	30	https://www.list.am/ru/item/20546520
Кентрон, 1 ком., 25 кв.м., 3/4 этаж	1	350000	25	https://www.list.am/ru/item/20512713
Кентрон, 2 ком., 55 кв.м., 7/9 этаж	2	350000	55	https://www.list.am/ru/item/20391530
Кентрон, 2 ком., 60 кв.м., 9/18 этаж	2	545400	60	https://www.list.am/ru/item/20429662
Кентрон, 2 ком., 64 кв.м., 9/9 этаж	2	300000	64	https://www.list.am/ru/item/20133114
Кентрон, 1 ком., 40 кв.м., 1/5 этаж	1	250000	40	https://www.list.am/ru/item/20481357
Кентрон, 2 ком., 60 кв.м., 2/5 этаж	2	250000	60	https://www.list.am/ru/item/20341252
Кентрон, 3 ком., 111 кв.м., 7/14 этаж	3	444400	111	https://www.list.am/ru/item/19630259
Кентрон, 2 ком., 64 кв.м., 7/14 этаж	2	404000	64	https://www.list.am/ru/item/18333642
Кентрон, 2 ком., 80 кв.м., 10/16 этаж	2	350000	80	https://www.list.am/ru/item/20431345
Кентрон, 1 ком., 38 кв.м., 3/5 этаж	1	220000	38	https://www.list.am/ru/item/20156765
Кентрон, 2 ком., 98 кв.м., 2/9 этаж	2	484800	98	https://www.list.am/ru/item/20545545
Кентрон, 1 ком., 45 кв.м., 3/12 этаж	1	400000	45	https://www.list.am/ru/item/20136782
Кентрон, 2 ком., 65 кв.м., 4/4 этаж	2	290000	65	https://www.list.am/ru/item/19521542
Кентрон, 2 ком., 60 кв.м., 6/9 этаж	2	520000	60	https://www.list.am/ru/item/18865650
Кентрон, 2 ком., 38 кв.м., 1/13 этаж	2	230000	38	https://www.list.am/ru/item/20543162
Кентрон, 2 ком., 55 кв.м., 6/19 этаж	2	606000	55	https://www.list.am/ru/item/20379850
Кентрон, 2 ком., 40 кв.м., 2/5 этаж	2	404000	40	https://www.list.am/ru/item/20567939
Кентрон, 3 ком., 70 кв.м., 2/9 этаж	3	444400	70	https://www.list.am/ru/item/20037051
Кентрон, 2 ком., 60 кв.м., 4/5 этаж	2	370000	60	https://www.list.am/ru/item/19696663
Кентрон, 2 ком., 60 кв.м., 5/5 этаж	2	444400	60	https://www.list.am/ru/item/18997299
Кентрон, 3 ком., 104 кв.м., 4/16 этаж	3	646400	104	https://www.list.am/ru/item/19907694
Кентрон, 2 ком., 34 кв.м., 1/10 этаж	2	320000	34	https://www.list.am/ru/item/20228500
Кентрон, 3 ком., 80 кв.м., 6/11 этаж	3	900000	80	https://www.list.am/ru/item/20192319
Кентрон, 2 ком., 43 кв.м., 8/10 этаж	2	350000	43	https://www.list.am/ru/item/20050862
Кентрон, 3 ком., 80 кв.м., 2/4 этаж	3	400000	80	https://www.list.am/ru/item/20318510
Кентрон, 2 ком., 55 кв.м., 2/5 этаж	2	300000	55	https://www.list.am/ru/item/20332371
Кентрон, 3 ком., 215 кв.м., 4/4 этаж	3	1212000	215	https://www.list.am/ru/item/20116745
Кентрон, 2 ком., 62 кв.м., 3/14 этаж	2	484800	62	https://www.list.am/ru/item/20037384
Кентрон, 3 ком., 70 кв.м., 2/5 этаж	3	400000	70	https://www.list.am/ru/item/20107676
Кентрон, 3 ком., 74 кв.м., 3/4 этаж	3	565600	74	https://www.list.am/ru/item/20528610
Кентрон, 4 ком., 140 кв.м., 3/14 этаж	4	1010000	140	https://www.list.am/ru/item/20564383
Кентрон, 4 ком., 110 кв.м., 8/9 этаж	4	400000	110	https://www.list.am/ru/item/20479684
Кентрон, 3 ком., 72 кв.м., 8/9 этаж	3	650000	72	https://www.list.am/ru/item/20308345
Кентрон, 2 ком., 40 кв.м., 9/12 этаж	2	280000	40	https://www.list.am/ru/item/20186526
Кентрон, 3 ком., 52 кв.м., 3/4 этаж	3	585800	52	https://www.list.am/ru/item/20075209
Кентрон, 2 ком., 80 кв.м., 9/11 этаж	2	250000	80	https://www.list.am/ru/item/20462649
Кентрон, 3 ком., 70 кв.м., 4/4 этаж	3	444400	70	https://www.list.am/ru/item/20550572
Кентрон, 2 ком., 70 кв.м., 9/10 этаж	2	300000	70	https://www.list.am/ru/item/20550498
Кентрон, 2 ком., 70 кв.м., 4/9 этаж	2	400000	70	https://www.list.am/ru/item/19949858
Кентрон, 2 ком., 60 кв.м., 3/16 этаж	2	383800	60	https://www.list.am/ru/item/19768288
Кентрон, 3 ком., 121 кв.м., 7/14 этаж	3	969600	121	https://www.list.am/ru/item/20030534
Кентрон, 1 ком., 30 кв.м., 3/3 этаж	1	255000	30	https://www.list.am/ru/item/20227895
Кентрон, 3 ком., 70 кв.м., 3/4 этаж	3	525200	70	https://www.list.am/ru/item/19946196
Кентрон, 3 ком., 130 кв.м., 9/12 этаж	3	585800	130	https://www.list.am/ru/item/19412656
Кентрон, 3 ком., 72 кв.м., 3/5 этаж	3	350000	72	https://www.list.am/ru/item/20546263
Кентрон, 4 ком., 120 кв.м., 5/14 этаж	4	404000	120	https://www.list.am/ru/item/20443004
Кентрон, 3 ком., 68 кв.м., 3/5 этаж	3	330000	68	https://www.list.am/ru/item/20353486
Кентрон, 2 ком., 40 кв.м., 5/5 этаж	2	320000	40	https://www.list.am/ru/item/19538062
Кентрон, 3 ком., 70 кв.м., 1/5 этаж	3	484800	70	https://www.list.am/ru/item/20374409
Кентрон, 2 ком., 50 кв.м., 2/9 этаж	2	300000	50	https://www.list.am/ru/item/20567755
Кентрон, 2 ком., 50 кв.м., 6/17 этаж	2	606000	50	https://www.list.am/ru/item/20298719
Кентрон, 2 ком., 80 кв.м., 2/3 этаж	2	323200	80	https://www.list.am/ru/item/20484962
Кентрон, 3 ком., 70 кв.м., 2/6 этаж	3	686800	70	https://www.list.am/ru/item/20149930
Кентрон, 2 ком., 122 кв.м., 14/14 этаж	2	430000	122	https://www.list.am/ru/item/20252594
Кентрон, 3 ком., 85 кв.м., 3/5 этаж	3	1313000	85	https://www.list.am/ru/item/20580257
Кентрон, 3 ком., 65 кв.м., 6/10 этаж	3	484800	65	https://www.list.am/ru/item/20484850
Кентрон, 3 ком., 70 кв.м., 9/10 этаж	3	300000	70	https://www.list.am/ru/item/20264303
Кентрон, 3 ком., 56 кв.м., 2/4 этаж	3	400000	56	https://www.list.am/ru/item/20567463
Кентрон, 3 ком., 80 кв.м., 3/4 этаж	3	808000	80	https://www.list.am/ru/item/20441182
Кентрон, 2 ком., 70 кв.м., 9/11 этаж	2	1212000	70	https://www.list.am/ru/item/17545185
Кентрон, 2 ком., 40 кв.м., 2/4 этаж	2	260000	40	https://www.list.am/ru/item/20580099
Кентрон, 2 ком., 42 кв.м., 7/12 этаж	2	310000	42	https://www.list.am/ru/item/20266496
Кентрон, 2 ком., 42 кв.м., 7/12 этаж	2	310000	42	https://www.list.am/ru/item/20266341
Кентрон, 1 ком., 37 кв.м., 2/5 этаж	1	230000	37	https://www.list.am/ru/item/20580084
Кентрон, 2 ком., 60 кв.м., 4/5 этаж	2	484800	60	https://www.list.am/ru/item/20306541
Кентрон, 3 ком., 90 кв.м., 3/4 этаж	3	323200	90	https://www.list.am/ru/item/20398268
Кентрон, 5 ком., 167 кв.м., 3/4 этаж	5	1171600	167	https://www.list.am/ru/item/18396491
Кентрон, 1 ком., 35 кв.м., 3/16 этаж	1	484800	35	https://www.list.am/ru/item/20221393
Кентрон, 3 ком., 98 кв.м., 8/10 этаж	3	404000	98	https://www.list.am/ru/item/19592983
Кентрон, 3 ком., 100 кв.м., 8/18 этаж	3	444400	100	https://www.list.am/ru/item/19768257
Кентрон, 1 ком., 30 кв.м., 2/3 этаж	1	323200	30	https://www.list.am/ru/item/20299954
Кентрон, 4 ком., 140 кв.м., 9/12 этаж	4	727200	140	https://www.list.am/ru/item/20050097
Кентрон, 3 ком., 82 кв.м., 1/9 этаж	3	420000	82	https://www.list.am/ru/item/20484761
Кентрон, 2 ком., 44 кв.м., 5/10 этаж	2	450000	44	https://www.list.am/ru/item/20547399
Кентрон, 2 ком., 40 кв.м., 2/3 этаж	2	363600	40	https://www.list.am/ru/item/18543320
Кентрон, 3 ком., 80 кв.м., 8/21 этаж	3	550000	80	https://www.list.am/ru/item/20446323
Кентрон, 1 ком., 42 кв.м., 6/14 этаж	1	250000	42	https://www.list.am/ru/item/20242590
Кентрон, 1 ком., 36 кв.м., 5/14 этаж	1	260000	36	https://www.list.am/ru/item/20199439
Кентрон, 3 ком., 70 кв.м., 5/5 этаж	3	83500	70	https://www.list.am/ru/item/19913821
Кентрон, 3 ком., 73 кв.м., 3/3 этаж	3	525200	73	https://www.list.am/ru/item/20508866
Кентрон, 1 ком., 32 кв.м., 5/6 этаж	1	280000	32	https://www.list.am/ru/item/20285579
Кентрон, 1 ком., 43 кв.м., 4/10 этаж	1	180000	43	https://www.list.am/ru/item/20559939
Кентрон, 2 ком., 57 кв.м., 4/10 этаж	2	444400	57	https://www.list.am/ru/item/20171597
Кентрон, 2 ком., 37 кв.м., 1/5 этаж	2	280000	37	https://www.list.am/ru/item/20551232
Кентрон, 2 ком., 55 кв.м., 4/4 этаж	2	565196	55	https://www.list.am/ru/item/20551252
Кентрон, 2 ком., 55 кв.м., 4/4 этаж	2	530000	55	https://www.list.am/ru/item/20422499
Кентрон, 1 ком., 54 кв.м., 6/17 этаж	1	220000	54	https://www.list.am/ru/item/19733907
Кентрон, 3 ком., 65 кв.м., 3/6 этаж	3	330000	65	https://www.list.am/ru/item/20130906
Кентрон, 1 ком., 40 кв.м., 2/4 этаж	1	200000	40	https://www.list.am/ru/item/18057833
Кентрон, 3 ком., 80 кв.м., 3/9 этаж	3	400000	80	https://www.list.am/ru/item/19739394
Кентрон, 2 ком., 48 кв.м., 8/14 этаж	2	300000	48	https://www.list.am/ru/item/19734050
Кентрон, 4 ком., 110 кв.м., 4/5 этаж	4	606000	110	https://www.list.am/ru/item/19891875
Кентрон, 2 ком., 55 кв.м., 8/12 этаж	2	230000	55	https://www.list.am/ru/item/20430718
Кентрон, 2 ком., 47 кв.м., 3/9 этаж	2	200000	47	https://www.list.am/ru/item/20462624
Кентрон, 3 ком., 60 кв.м., 6/6 этаж	3	320000	60	https://www.list.am/ru/item/20250254
Кентрон, 2 ком., 45 кв.м., 5/11 этаж	2	360000	45	https://www.list.am/ru/item/20514669
Кентрон, 1 ком., 60 кв.м., 4/11 этаж	1	320000	60	https://www.list.am/ru/item/20509762
Кентрон, 2 ком., 44 кв.м., 5/5 этаж	2	350000	44	https://www.list.am/ru/item/20308113
Кентрон, 2 ком., 45 кв.м., 9/9 этаж	2	275000	45	https://www.list.am/ru/item/20294429
Кентрон, 4 ком., 121 кв.м., 4/12 этаж	4	1000000	121	https://www.list.am/ru/item/18556731
Кентрон, 2 ком., 70 кв.м., 3/5 этаж	2	325000	70	https://www.list.am/ru/item/20401084
Кентрон, 4 ком., 133 кв.м., 3/4 этаж	4	650000	133	https://www.list.am/ru/item/20492841
Кентрон, 3 ком., 120 кв.м., 3/3 этаж	3	450000	120	https://www.list.am/ru/item/20499875
Кентрон, 3 ком., 110 кв.м., 3/5 этаж	3	650000	110	https://www.list.am/ru/item/20195345
Кентрон, 3 ком., 110 кв.м., 1/1 этаж	3	350000	110	https://www.list.am/ru/item/20494564
Кентрон, 2 ком., 70 кв.м., 1/3 этаж	2	300000	70	https://www.list.am/ru/item/19222033
Кентрон, 4 ком., 125 кв.м., 10/14 этаж	4	1212000	125	https://www.list.am/ru/item/19317582
Кентрон, 2 ком., 45 кв.м., 2/9 этаж	2	260000	45	https://www.list.am/ru/item/20283469
Кентрон, 2 ком., 40 кв.м., 5/10 этаж	2	484800	40	https://www.list.am/ru/item/19114472
Кентрон, 2 ком., 64 кв.м., 2/5 этаж	2	500000	64	https://www.list.am/ru/item/20372414
Кентрон, 2 ком., 52 кв.м., 3/16 этаж	2	250000	52	https://www.list.am/ru/item/20367991
Кентрон, 2 ком., 50 кв.м., 12/15 этаж	2	606000	50	https://www.list.am/ru/item/11662807
Кентрон, 1 ком., 35 кв.м., 1/6 этаж	1	300000	35	https://www.list.am/ru/item/20125763
Кентрон, 4 ком., 126 кв.м., 8/14 этаж	4	400000	126	https://www.list.am/ru/item/20140993
Кентрон, 2 ком., 67 кв.м., 4/5 этаж	2	260000	67	https://www.list.am/ru/item/20420874
Кентрон, 3 ком., 100 кв.м., 13/13 этаж	3	686800	100	https://www.list.am/ru/item/20315764
Кентрон, 4 ком., 109 кв.м., 9/13 этаж	4	550000	109	https://www.list.am/ru/item/20198901
Кентрон, 3 ком., 150 кв.м., 4/6 этаж	3	888800	150	https://www.list.am/ru/item/19844333
Кентрон, 2 ком., 82 кв.м., 9/16 этаж	2	280000	82	https://www.list.am/ru/item/20298707
Кентрон, 2 ком., 62 кв.м., 6/11 этаж	2	444400	62	https://www.list.am/ru/item/20106424
Кентрон, 3 ком., 72 кв.м., 1/5 этаж	3	450000	72	https://www.list.am/ru/item/20166752
Кентрон, 3 ком., 114 кв.м., 4/8 этаж	3	1150000	114	https://www.list.am/ru/item/20359851
Кентрон, 3 ком., 75 кв.м., 4/4 этаж	3	550000	75	https://www.list.am/ru/item/20360956
Кентрон, 3 ком., 84 кв.м., 2/4 этаж	3	404000	84	https://www.list.am/ru/item/20246870
Кентрон, 2 ком., 65 кв.м., 3/5 этаж	2	400000	65	https://www.list.am/ru/item/20387993
Кентрон, 3 ком., 74 кв.м., 5/9 этаж	3	606000	74	https://www.list.am/ru/item/20408621
Кентрон, 1 ком., 42 кв.м., 3/4 этаж	1	260000	42	https://www.list.am/ru/item/20408397
Кентрон, 3 ком., 127 кв.м., 6/8 этаж	3	808000	127	https://www.list.am/ru/item/20407639
Кентрон, 3 ком., 85 кв.м., 4/5 этаж	3	686800	85	https://www.list.am/ru/item/20291166
Кентрон, 3 ком., 100 кв.м., 11/16 этаж	3	787800	100	https://www.list.am/ru/item/20174077
Кентрон, 3 ком., 85 кв.м., 2/5 этаж	3	606000	85	https://www.list.am/ru/item/20135220
Кентрон, 1 ком., 40 кв.м., 14/14 этаж	1	240000	40	https://www.list.am/ru/item/19721746
Кентрон, 2 ком., 53 кв.м., 13/14 этаж	2	380000	53	https://www.list.am/ru/item/20149571
Кентрон, 2 ком., 70 кв.м., 3/5 этаж	2	450000	70	https://www.list.am/ru/item/20242677
Кентрон, 2 ком., 45 кв.м., 3/5 этаж	2	280000	45	https://www.list.am/ru/item/20225794
Кентрон, 2 ком., 61 кв.м., 11/11 этаж	2	500000	61	https://www.list.am/ru/item/20271575
Кентрон, 3 ком., 100 кв.м., 5/5 этаж	3	590000	100	https://www.list.am/ru/item/20403929
Кентрон, 4 ком., 150 кв.м., 4/10 этаж	4	1454400	150	https://www.list.am/ru/item/11970039
Кентрон, 1 ком., 37 кв.м., 3/14 этаж	1	300000	37	https://www.list.am/ru/item/20126714
Кентрон, 1 ком., 38 кв.м., 4/4 этаж	1	180000	38	https://www.list.am/ru/item/20173248
Кентрон, 2 ком., 57 кв.м., 1/10 этаж	2	370000	57	https://www.list.am/ru/item/20399538
Кентрон, 3 ком., 67 кв.м., 2/5 этаж	3	490000	67	https://www.list.am/ru/item/20399395
Кентрон, 2 ком., 65 кв.м., 7/9 этаж	2	450000	65	https://www.list.am/ru/item/20028114
Кентрон, 2 ком., 48 кв.м., 2/3 этаж	2	310000	48	https://www.list.am/ru/item/20283438
Кентрон, 4 ком., 200 кв.м., 6/16 этаж	4	1090800	200	https://www.list.am/ru/item/19831116
Кентрон, 3 ком., 98 кв.м., 6/10 этаж	3	525200	98	https://www.list.am/ru/item/20235639
Кентрон, 3 ком., 186 кв.м., 4/10 этаж	3	888800	186	https://www.list.am/ru/item/20235617
Кентрон, 2 ком., 41 кв.м., 9/9 этаж	2	400000	41	https://www.list.am/ru/item/20219659
Кентрон, 3 ком., 140 кв.м., 2/2 этаж	3	450000	140	https://www.list.am/ru/item/20392956
Кентрон, 3 ком., 104 кв.м., 10/14 этаж	3	686800	104	https://www.list.am/ru/item/20108822
Кентрон, 2 ком., 65 кв.м., 4/9 этаж	2	270000	65	https://www.list.am/ru/item/19850478
Кентрон, 2 ком., 86 кв.м., 5/8 этаж	2	250000	86	https://www.list.am/ru/item/20265100
Кентрон, 3 ком., 102 кв.м., 5/12 этаж	3	646400	102	https://www.list.am/ru/item/20388356
Кентрон, 2 ком., 60 кв.м., 3/8 этаж	2	282800	60	https://www.list.am/ru/item/20387962
Кентрон, 3 ком., 100 кв.м., 7/16 этаж	3	444400	100	https://www.list.am/ru/item/20265998
Кентрон, 3 ком., 110 кв.м., 2/6 этаж	3	620000	110	https://www.list.am/ru/item/20327185
Кентрон, 2 ком., 78 кв.м., 2/5 этаж	2	300000	78	https://www.list.am/ru/item/19721287
Кентрон, 1 ком., 25 кв.м., 1/1 этаж	1	10000	25	https://www.list.am/ru/item/20311817
Кентрон, 2 ком., 60 кв.м., 14/14 этаж	2	450000	60	https://www.list.am/ru/item/20386131
Кентрон, 4 ком., 165 кв.м., 16/16 этаж	4	1616000	165	https://www.list.am/ru/item/20277994
Кентрон, 3 ком., 70 кв.м., 2/5 этаж	3	606000	70	https://www.list.am/ru/item/20059529
Кентрон, 2 ком., 48 кв.м., 8/14 этаж	2	300000	48	https://www.list.am/ru/item/19659276
Кентрон, 2 ком., 90 кв.м., 6/9 этаж	2	400000	90	https://www.list.am/ru/item/19020379
Кентрон, 2 ком., 77 кв.м., 1/9 этаж	2	270000	77	https://www.list.am/ru/item/20382098
Кентрон, 3 ком., 65 кв.м., 2/4 этаж	3	400000	65	https://www.list.am/ru/item/20239267
Кентрон, 4 ком., 120 кв.м., 16/16 этаж	4	80000	120	https://www.list.am/ru/item/20320449
Кентрон, 3 ком., 69 кв.м., 3/5 этаж	3	323200	69	https://www.list.am/ru/item/20059643
Кентрон, 2 ком., 45 кв.м., 1/1 этаж	2	280000	45	https://www.list.am/ru/item/20380326
Кентрон, 2 ком., 60 кв.м., 5/16 этаж	2	686800	60	https://www.list.am/ru/item/19613549
Кентрон, 2 ком., 55 кв.м., 5/5 этаж	2	363600	55	https://www.list.am/ru/item/20377795
Кентрон, 2 ком., 63 кв.м., 3/4 этаж	2	330000	63	https://www.list.am/ru/item/20325856
Кентрон, 2 ком., 60 кв.м., 11/11 этаж	2	430000	60	https://www.list.am/ru/item/19931332
Кентрон, 3 ком., 135 кв.м., 1/3 этаж	3	50000	135	https://www.list.am/ru/item/20373500
Кентрон, 1 ком., 50 кв.м., 3/5 этаж	1	450000	50	https://www.list.am/ru/item/20062760
Кентрон, 2 ком., 53 кв.м., 11/14 этаж	2	400000	53	https://www.list.am/ru/item/20115655
Кентрон, 2 ком., 40 кв.м., 13/15 этаж	2	525200	40	https://www.list.am/ru/item/20138483
Кентрон, 1 ком., 40 кв.м., 4/4 этаж	1	404000	40	https://www.list.am/ru/item/20101814
Кентрон, 2 ком., 55 кв.м., 8/14 этаж	2	600000	55	https://www.list.am/ru/item/20177361
Кентрон, 2 ком., 40 кв.м., 13/15 этаж	2	525200	40	https://www.list.am/ru/item/20370243
Кентрон, 1 ком., 30 кв.м., 1/9 этаж	1	250000	30	https://www.list.am/ru/item/19782732
Кентрон, 3 ком., 128 кв.м., 4/13 этаж	3	1010000	128	https://www.list.am/ru/item/20369431
Кентрон, 2 ком., 40 кв.м., 2/4 этаж	2	383800	40	https://www.list.am/ru/item/20366941
Кентрон, 2 ком., 50 кв.м., 9/10 этаж	2	606000	50	https://www.list.am/ru/item/20366829
Кентрон, 3 ком., 100 кв.м., 3/12 этаж	3	484800	100	https://www.list.am/ru/item/20095592
Кентрон, 1 ком., 80 кв.м., 1/2 этаж	1	300000	80	https://www.list.am/ru/item/19191307
Кентрон, 3 ком., 71 кв.м., 5/5 этаж	3	400000	71	https://www.list.am/ru/item/20036971
Кентрон, 4 ком., 90 кв.м., 2/5 этаж	4	565600	90	https://www.list.am/ru/item/19298942
Кентрон, 2 ком., 40 кв.м., 1/5 этаж	2	400000	40	https://www.list.am/ru/item/20126280
Кентрон, 3 ком., 73 кв.м., 3/5 этаж	3	350000	73	https://www.list.am/ru/item/18918294
Кентрон, 3 ком., 110 кв.м., 8/11 этаж	3	450000	110	https://www.list.am/ru/item/20359947
Кентрон, 3 ком., 88 кв.м., 3/4 этаж	3	606000	88	https://www.list.am/ru/item/20283258
Кентрон, 1 ком., 29 кв.м., 1/5 этаж	1	210000	29	https://www.list.am/ru/item/20153007
Кентрон, 3 ком., 78 кв.м., 8/9 этаж	3	350000	78	https://www.list.am/ru/item/20056942
Кентрон, 1 ком., 38 кв.м., 3/5 этаж	1	222200	38	https://www.list.am/ru/item/19845424
Кентрон, 4 ком., 164 кв.м., 9/15 этаж	4	606000	164	https://www.list.am/ru/item/20354430
Кентрон, 4 ком., 150 кв.м., 3/3 этаж	4	404000	150	https://www.list.am/ru/item/20162393
Кентрон, 3 ком., 65 кв.м., 13/14 этаж	3	363600	65	https://www.list.am/ru/item/20301591
Кентрон, 3 ком., 135 кв.м., 9/12 этаж	3	686800	135	https://www.list.am/ru/item/20353676
Кентрон, 2 ком., 73 кв.м., 5/5 этаж	2	250000	73	https://www.list.am/ru/item/20205677
Кентрон, 2 ком., 58 кв.м., 5/10 этаж	2	370000	58	https://www.list.am/ru/item/20207521
Кентрон, 2 ком., 57 кв.м., 2/16 этаж	2	400000	57	https://www.list.am/ru/item/20475621
Кентрон, 3 ком., 92 кв.м., 8/11 этаж	3	545400	92	https://www.list.am/ru/item/20069563
Кентрон, 1 ком., 40 кв.м., 6/8 этаж	1	363600	40	https://www.list.am/ru/item/20453942
Кентрон, 2 ком., 60 кв.м., 1/5 этаж	2	500000	60	https://www.list.am/ru/item/20307682
Кентрон, 2 ком., 48 кв.м., 11/11 этаж	2	260000	48	https://www.list.am/ru/item/19626411
Кентрон, 2 ком., 45 кв.м., 5/6 этаж	2	484800	45	https://www.list.am/ru/item/20231501
Кентрон, 2 ком., 63 кв.м., 12/15 этаж	2	500000	63	https://www.list.am/ru/item/20096803
Кентрон, 2 ком., 52 кв.м., 10/10 этаж	2	400000	52	https://www.list.am/ru/item/20207475
Кентрон, 3 ком., 75 кв.м., 2/9 этаж	3	400000	75	https://www.list.am/ru/item/20138593
Кентрон, 3 ком., 80 кв.м., 3/6 этаж	3	404000	80	https://www.list.am/ru/item/20514796
Кентрон, 2 ком., 42 кв.м., 4/11 этаж	2	380000	42	https://www.list.am/ru/item/20468779
Кентрон, 3 ком., 96 кв.м., 13/14 этаж	3	350000	96	https://www.list.am/ru/item/20493461
Кентрон, 2 ком., 58 кв.м., 10/10 этаж	2	450000	58	https://www.list.am/ru/item/20206921
Кентрон, 1 ком., 60 кв.м., 1/1 этаж	1	370000	60	https://www.list.am/ru/item/18971536
Кентрон, 3 ком., 69 кв.м., 10/12 этаж	3	320000	69	https://www.list.am/ru/item/20014814
Кентрон, 2 ком., 40 кв.м., 3/5 этаж	2	250000	40	https://www.list.am/ru/item/20323488
Кентрон, 4 ком., 108 кв.м., 8/14 этаж	4	404000	108	https://www.list.am/ru/item/20183798
Кентрон, 2 ком., 50 кв.м., 11/11 этаж	2	505000	50	https://www.list.am/ru/item/18538899
Кентрон, 2 ком., 50 кв.м., 6/11 этаж	2	520000	50	https://www.list.am/ru/item/19717763
Кентрон, 3 ком., 100 кв.м., 1/1 этаж	3	525200	100	https://www.list.am/ru/item/19806433
Кентрон, 2 ком., 50 кв.м., 2/9 этаж	2	484800	50	https://www.list.am/ru/item/19717085
Кентрон, 3 ком., 130 кв.м., 2/3 этаж	3	630000	130	https://www.list.am/ru/item/18846211
Кентрон, 3 ком., 85 кв.м., 4/5 этаж	3	646400	85	https://www.list.am/ru/item/20577569
Кентрон, 3 ком., 72 кв.м., 4/5 этаж	3	808000	72	https://www.list.am/ru/item/20476960
Кентрон, 2 ком., 70 кв.м., 7/9 этаж	2	900000	70	https://www.list.am/ru/item/20087269
Кентрон, 2 ком., 35 кв.м., 5/5 этаж	2	300000	35	https://www.list.am/ru/item/20569162
Кентрон, 3 ком., 101 кв.м., 2/5 этаж	3	888800	101	https://www.list.am/ru/item/19886427
Кентрон, 3 ком., 70 кв.м., 5/6 этаж	3	345000	70	https://www.list.am/ru/item/20575784
Кентрон, 2 ком., 66 кв.м., 4/4 этаж	2	444400	66	https://www.list.am/ru/item/20031033
Кентрон, 3 ком., 85 кв.м., 3/5 этаж	3	646400	85	https://www.list.am/ru/item/20449884
Кентрон, 3 ком., 70 кв.м., 9/14 этаж	3	565600	70	https://www.list.am/ru/item/19716484
Кентрон, 3 ком., 84 кв.м., 1/3 этаж	3	350000	84	https://www.list.am/ru/item/20553214
Кентрон, 2 ком., 45 кв.м., 4/9 этаж	2	300000	45	https://www.list.am/ru/item/20383748
Кентрон, 3 ком., 78 кв.м., 10/10 этаж	3	606000	78	https://www.list.am/ru/item/20559300
Кентрон, 2 ком., 48 кв.м., 5/13 этаж	2	300000	48	https://www.list.am/ru/item/20274878
Кентрон, 3 ком., 140 кв.м., 2/5 этаж	3	700000	140	https://www.list.am/ru/item/20540269
Кентрон, 3 ком., 200 кв.м., 5/10 этаж	3	1200000	200	https://www.list.am/ru/item/18827948
Кентрон, 2 ком., 85 кв.м., 5/13 этаж	2	270000	85	https://www.list.am/ru/item/20538024
Кентрон, 2 ком., 70 кв.м., 2/5 этаж	2	620000	70	https://www.list.am/ru/item/20545917
Кентрон, 3 ком., 67 кв.м., 2/5 этаж	3	320000	67	https://www.list.am/ru/item/20461346
Кентрон, 2 ком., 92 кв.м., 1/17 этаж	2	444400	92	https://www.list.am/ru/item/20116620
Кентрон, 2 ком., 55 кв.м., 1/5 этаж	2	505000	55	https://www.list.am/ru/item/20293246
Кентрон, 2 ком., 64 кв.м., 10/10 этаж	2	320000	64	https://www.list.am/ru/item/19988770
Кентрон, 2 ком., 43 кв.м., 8/10 этаж	2	320000	43	https://www.list.am/ru/item/20117484
Кентрон, 5 ком., 186 кв.м., 5/9 этаж	5	667500	186	https://www.list.am/ru/item/20344371
Кентрон, 4 ком., 100 кв.м., 13/14 этаж	4	650000	100	https://www.list.am/ru/item/19146609
Кентрон, 3 ком., 34 кв.м., 1/5 этаж	3	320000	34	https://www.list.am/ru/item/19582007
Кентрон, 5 ком., 150 кв.м., 3/3 этаж	5	400000	150	https://www.list.am/ru/item/20591650
Кентрон, 2 ком., 60 кв.м., 6/9 этаж	2	404000	60	https://www.list.am/ru/item/20386136
Кентрон, 1 ком., 40 кв.м., 1/1 этаж	1	220000	40	https://www.list.am/ru/item/20214504
Кентрон, 2 ком., 65 кв.м., 1/2 этаж	2	200000	65	https://www.list.am/ru/item/20209114
Кентрон, 2 ком., 80 кв.м., 5/7 этаж	2	300000	80	https://www.list.am/ru/item/19581953
Кентрон, 2 ком., 54 кв.м., 11/14 этаж	2	444400	54	https://www.list.am/ru/item/20212500
Кентрон, 2 ком., 72 кв.м., 1/11 этаж	2	350000	72	https://www.list.am/ru/item/20591618
Кентрон, 3 ком., 100 кв.м., 6/8 этаж	3	484800	100	https://www.list.am/ru/item/20181751
Кентрон, 2 ком., 53 кв.м., 3/9 этаж	2	240000	53	https://www.list.am/ru/item/20461463
Кентрон, 3 ком., 110 кв.м., 1/4 этаж	3	646400	110	https://www.list.am/ru/item/19845152
Кентрон, 3 ком., 135 кв.м., 3/4 этаж	3	747400	135	https://www.list.am/ru/item/19873408
Кентрон, 5 ком., 170 кв.м., 5/5 этаж	5	484800	170	https://www.list.am/ru/item/20591564
Кентрон, 3 ком., 70 кв.м., 5/11 этаж	3	727200	70	https://www.list.am/ru/item/19506582
Кентрон, 2 ком., 60 кв.м., 4/10 этаж	2	320000	60	https://www.list.am/ru/item/20206752
Кентрон, 2 ком., 56 кв.м., 2/9 этаж	2	300000	56	https://www.list.am/ru/item/20591548
Кентрон, 3 ком., 80 кв.м., 2/10 этаж	3	560000	80	https://www.list.am/ru/item/20376687
Кентрон, 3 ком., 130 кв.м., 5/13 этаж	3	525200	130	https://www.list.am/ru/item/20001925
Кентрон, 3 ком., 85 кв.м., 9/16 этаж	3	606000	85	https://www.list.am/ru/item/20029949
Кентрон, 3 ком., 92 кв.м., 4/9 этаж	3	450000	92	https://www.list.am/ru/item/20000138
Кентрон, 3 ком., 100 кв.м., 5/9 этаж	3	370000	100	https://www.list.am/ru/item/20373513
Кентрон, 2 ком., 47 кв.м., 2/9 этаж	2	350000	47	https://www.list.am/ru/item/20559983
Кентрон, 3 ком., 69 кв.м., 5/5 этаж	3	300000	69	https://www.list.am/ru/item/20284160
Кентрон, 3 ком., 63 кв.м., 7/13 этаж	3	480000	63	https://www.list.am/ru/item/20591376
Кентрон, 2 ком., 50 кв.м., 3/4 этаж	2	290000	50	https://www.list.am/ru/item/20425640
Кентрон, 2 ком., 67 кв.м., 4/4 этаж	2	320000	67	https://www.list.am/ru/item/20274837
Кентрон, 1 ком., 32 кв.м., 3/5 этаж	1	260000	32	https://www.list.am/ru/item/19384227
Кентрон, 3 ком., 120 кв.м., 11/14 этаж	3	404000	120	https://www.list.am/ru/item/20561868
Кентрон, 2 ком., 45 кв.м., 5/9 этаж	2	200000	45	https://www.list.am/ru/item/20561728
Кентрон, 1 ком., 43 кв.м., 7/13 этаж	1	262600	43	https://www.list.am/ru/item/20564251
Кентрон, 3 ком., 95 кв.м., 4/21 этаж	3	800000	95	https://www.list.am/ru/item/20499128
Кентрон, 1 ком., 41 кв.м., 2/10 этаж	1	320000	41	https://www.list.am/ru/item/16286168
Кентрон, 2 ком., 50 кв.м., 2/4 этаж	2	350000	50	https://www.list.am/ru/item/20290275
Кентрон, 3 ком., 87 кв.м., 6/9 этаж	3	600000	87	https://www.list.am/ru/item/20576204
Кентрон, 2 ком., 50 кв.м., 1/3 этаж	2	500000	50	https://www.list.am/ru/item/19512231
Кентрон, 2 ком., 38 кв.м., 7/9 этаж	2	260000	38	https://www.list.am/ru/item/20050487
Кентрон, 2 ком., 52 кв.м., 2/4 этаж	2	450000	52	https://www.list.am/ru/item/19129335
Кентрон, 4 ком., 95 кв.м., 9/9 этаж	4	484800	95	https://www.list.am/ru/item/20186796
Кентрон, 3 ком., 150 кв.м., 8/8 этаж	3	929200	150	https://www.list.am/ru/item/20314925
Кентрон, 3 ком., 66 кв.м., 2/5 этаж	3	390000	66	https://www.list.am/ru/item/20564250
Кентрон, 4 ком., 101 кв.м., 3/14 этаж	4	646400	101	https://www.list.am/ru/item/19396929
Кентрон, 3 ком., 65 кв.м., 2/4 этаж	3	320000	65	https://www.list.am/ru/item/20489871
Кентрон, 1 ком., 40 кв.м., 3/14 этаж	1	250000	40	https://www.list.am/ru/item/19539446
Кентрон, 2 ком., 65 кв.м., 2/4 этаж	2	325000	65	https://www.list.am/ru/item/20488868
Кентрон, 2 ком., 83 кв.м., 12/14 этаж	2	565600	83	https://www.list.am/ru/item/20546947
Кентрон, 2 ком., 45 кв.м., 1/5 этаж	2	400000	45	https://www.list.am/ru/item/20125953
Кентрон, 1 ком., 34 кв.м., 6/6 этаж	1	404000	34	https://www.list.am/ru/item/20313815
Кентрон, 3 ком., 64 кв.м., 6/6 этаж	3	606000	64	https://www.list.am/ru/item/20313814
Кентрон, 2 ком., 55 кв.м., 9/13 этаж	2	275000	55	https://www.list.am/ru/item/19567480
Кентрон, 1 ком., 50 кв.м., 3/6 этаж	1	350000	50	https://www.list.am/ru/item/20498265
Кентрон, 3 ком., 84 кв.м., 5/12 этаж	3	300000	84	https://www.list.am/ru/item/20026801
Кентрон, 1 ком., 42 кв.м., 3/5 этаж	1	200000	42	https://www.list.am/ru/item/20427673
Кентрон, 1 ком., 35 кв.м., 4/7 этаж	1	320000	35	https://www.list.am/ru/item/18500301
Кентрон, 1 ком., 40 кв.м., 4/7 этаж	1	299000	40	https://www.list.am/ru/item/20467165
Кентрон, 2 ком., 50 кв.м., 12/12 этаж	2	250000	50	https://www.list.am/ru/item/20294631
Кентрон, 3 ком., 95 кв.м., 1/4 этаж	3	650000	95	https://www.list.am/ru/item/20340166
Кентрон, 3 ком., 145 кв.м., 6/7 этаж	3	1000000	145	https://www.list.am/ru/item/19945049
Кентрон, 2 ком., 50 кв.м., 9/9 этаж	2	550000	50	https://www.list.am/ru/item/19668867
Кентрон, 3 ком., 91 кв.м., 2/10 этаж	3	650000	91	https://www.list.am/ru/item/19552726
Кентрон, 3 ком., 80 кв.м., 4/5 этаж	3	363196	80	https://www.list.am/ru/item/20347709
Кентрон, 5 ком., 126 кв.м., 1/4 этаж	5	550000	126	https://www.list.am/ru/item/19774494
Кентрон, 2 ком., 65 кв.м., 3/4 этаж	2	500000	65	https://www.list.am/ru/item/20434760
Кентрон, 4 ком., 110 кв.м., 1/4 этаж	4	300000	110	https://www.list.am/ru/item/20456619
Кентрон, 2 ком., 60 кв.м., 1/9 этаж	2	350000	60	https://www.list.am/ru/item/20332070
Кентрон, 3 ком., 90 кв.м., 8/11 этаж	3	323200	90	https://www.list.am/ru/item/20367254
Кентрон, 4 ком., 107 кв.м., 6/9 этаж	4	380000	107	https://www.list.am/ru/item/20493883
Кентрон, 4 ком., 150 кв.м., 3/5 этаж	4	900000	150	https://www.list.am/ru/item/18585335
Кентрон, 1 ком., 45 кв.м., 5/5 этаж	1	200000	45	https://www.list.am/ru/item/20493085
Кентрон, 4 ком., 137 кв.м., 9/12 этаж	4	808000	137	https://www.list.am/ru/item/19960408
Кентрон, 4 ком., 138 кв.м., 2/9 этаж	4	606000	138	https://www.list.am/ru/item/19096405
Кентрон, 2 ком., 55 кв.м., 12/12 этаж	2	500000	55	https://www.list.am/ru/item/17747345
Кентрон, 2 ком., 40 кв.м., 4/5 этаж	2	323200	40	https://www.list.am/ru/item/20216432
Кентрон, 3 ком., 85 кв.м., 4/4 этаж	3	650000	85	https://www.list.am/ru/item/20400485
Кентрон, 2 ком., 60 кв.м., 2/2 этаж	2	200000	60	https://www.list.am/ru/item/20097290
Кентрон, 3 ком., 80 кв.м., 7/9 этаж	3	600000	80	https://www.list.am/ru/item/20155728
Кентрон, 1 ком., 53 кв.м., 2/11 этаж	1	300000	53	https://www.list.am/ru/item/17936774
Кентрон, 2 ком., 44 кв.м., 6/9 этаж	2	300000	44	https://www.list.am/ru/item/20082917
Кентрон, 2 ком., 46 кв.м., 5/10 этаж	2	484800	46	https://www.list.am/ru/item/19186160
Кентрон, 5 ком., 256 кв.м., 5/5 этаж	5	1212000	256	https://www.list.am/ru/item/20240623
Кентрон, 2 ком., 58 кв.м., 5/7 этаж	2	565600	58	https://www.list.am/ru/item/20435978
Кентрон, 1 ком., 24 кв.м., 2/2 этаж	1	303000	24	https://www.list.am/ru/item/20335497
Кентрон, 4 ком., 170 кв.м., 4/8 этаж	4	808000	170	https://www.list.am/ru/item/19559065
Кентрон, 1 ком., 48 кв.м., 3/4 этаж	1	300000	48	https://www.list.am/ru/item/19168024
Кентрон, 1 ком., 35 кв.м., 2/2 этаж	1	130000	35	https://www.list.am/ru/item/20490578
Кентрон, 4 ком., 175 кв.м., 8/9 этаж	4	500000	175	https://www.list.am/ru/item/20206717
Кентрон, 3 ком., 125 кв.м., 4/10 этаж	3	727200	125	https://www.list.am/ru/item/19538421
Кентрон, 2 ком., 48 кв.м., 5/5 этаж	2	270000	48	https://www.list.am/ru/item/20423872
Кентрон, 3 ком., 94 кв.м., 6/9 этаж	3	300000	94	https://www.list.am/ru/item/20033959
Кентрон, 2 ком., 42 кв.м., 1/6 этаж	2	300000	42	https://www.list.am/ru/item/18815710
Кентрон, 2 ком., 45 кв.м., 4/11 этаж	2	600000	45	https://www.list.am/ru/item/19507761
Кентрон, 2 ком., 67 кв.м., 4/9 этаж	2	450000	67	https://www.list.am/ru/item/20073481
Кентрон, 2 ком., 48 кв.м., 7/9 этаж	2	330000	48	https://www.list.am/ru/item/20487417
Кентрон, 2 ком., 50 кв.м., 1/10 этаж	2	360000	50	https://www.list.am/ru/item/19864133
Кентрон, 2 ком., 65 кв.м., 10/15 этаж	2	525200	65	https://www.list.am/ru/item/20375431
Кентрон, 3 ком., 140 кв.м., 5/8 этаж	3	1010000	140	https://www.list.am/ru/item/19903069
Кентрон, 5 ком., 250 кв.м., 6/6 этаж	5	1414000	250	https://www.list.am/ru/item/20370460
Кентрон, 3 ком., 90 кв.м., 5/11 этаж	3	808000	90	https://www.list.am/ru/item/20143708
Кентрон, 2 ком., 75 кв.м., 3/3 этаж	2	600000	75	https://www.list.am/ru/item/20122109
Кентрон, 1 ком., 40 кв.м., 5/5 этаж	1	240000	40	https://www.list.am/ru/item/19964183
Кентрон, 2 ком., 50 кв.м., 3/5 этаж	2	404000	50	https://www.list.am/ru/item/20185899
Кентрон, 2 ком., 50 кв.м., 2/5 этаж	2	343400	50	https://www.list.am/ru/item/20324924
Кентрон, 2 ком., 55 кв.м., 7/9 этаж	2	383800	55	https://www.list.am/ru/item/20173136
Кентрон, 2 ком., 56 кв.м., 10/10 этаж	2	363600	56	https://www.list.am/ru/item/17352264
Кентрон, 4 ком., 105 кв.м., 8/9 этаж	4	400000	105	https://www.list.am/ru/item/20388104
Кентрон, 2 ком., 84 кв.м., 3/21 этаж	2	646400	84	https://www.list.am/ru/item/18881430
Кентрон, 2 ком., 69 кв.м., 2/9 этаж	2	400000	69	https://www.list.am/ru/item/20121142
Кентрон, 3 ком., 65 кв.м., 1/5 этаж	3	400000	65	https://www.list.am/ru/item/20484527
Кентрон, 2 ком., 67 кв.м., 3/3 этаж	2	330000	67	https://www.list.am/ru/item/19568097
Кентрон, 3 ком., 76 кв.м., 11/14 этаж	3	580000	76	https://www.list.am/ru/item/20026304
Кентрон, 2 ком., 86 кв.м., 6/6 этаж	2	550000	86	https://www.list.am/ru/item/20246716
Кентрон, 4 ком., 106 кв.м., 2/5 этаж	4	600000	106	https://www.list.am/ru/item/20243702
Кентрон, 3 ком., 98 кв.м., 3/4 этаж	3	500000	98	https://www.list.am/ru/item/19818936
Кентрон, 1 ком., 15 кв.м., 5/5 этаж	1	100000	15	https://www.list.am/ru/item/19106401
Кентрон, 2 ком., 40 кв.м., 5/9 этаж	2	350000	40	https://www.list.am/ru/item/20470246
Кентрон, 2 ком., 57 кв.м., 3/16 этаж	2	480000	57	https://www.list.am/ru/item/20435623
Кентрон, 2 ком., 42 кв.м., 4/9 этаж	2	280000	42	https://www.list.am/ru/item/20481805
Кентрон, 4 ком., 113 кв.м., 2/5 этаж	4	1616000	113	https://www.list.am/ru/item/20321437
Кентрон, 3 ком., 94 кв.м., 7/9 этаж	3	300000	94	https://www.list.am/ru/item/18651942
Кентрон, 4 ком., 111 кв.м., 8/14 этаж	4	450000	111	https://www.list.am/ru/item/20096555
Кентрон, 2 ком., 40 кв.м., 4/4 этаж	2	220000	40	https://www.list.am/ru/item/20480568
Кентрон, 1 ком., 30 кв.м., 1/4 этаж	1	345000	30	https://www.list.am/ru/item/20426859
Кентрон, 3 ком., 145 кв.м., 6/7 этаж	3	707000	145	https://www.list.am/ru/item/20090323
Кентрон, 2 ком., 50 кв.м., 2/5 этаж	2	303000	50	https://www.list.am/ru/item/20242105
Кентрон, 2 ком., 62 кв.м., 1/3 этаж	2	250000	62	https://www.list.am/ru/item/20317309
Кентрон, 1 ком., 65 кв.м., 1/1 этаж	1	100000	65	https://www.list.am/ru/item/20294725
Кентрон, 1 ком., 40 кв.м., 4/10 этаж	1	240000	40	https://www.list.am/ru/item/20391464
Кентрон, 2 ком., 66 кв.м., 10/12 этаж	2	400000	66	https://www.list.am/ru/item/20391658
Кентрон, 3 ком., 70 кв.м., 2/11 этаж	3	550000	70	https://www.list.am/ru/item/17614195
Кентрон, 2 ком., 44 кв.м., 4/9 этаж	2	300000	44	https://www.list.am/ru/item/20378262
Кентрон, 2 ком., 86 кв.м., 7/10 этаж	2	888800	86	https://www.list.am/ru/item/20476879
Кентрон, 2 ком., 40 кв.м., 4/5 этаж	2	390000	40	https://www.list.am/ru/item/19556878
Кентрон, 1 ком., 43 кв.м., 1/7 этаж	1	282800	43	https://www.list.am/ru/item/20424486
Кентрон, 2 ком., 42 кв.м., 4/10 этаж	2	350000	42	https://www.list.am/ru/item/20440407
Кентрон, 3 ком., 176 кв.м., 12/15 этаж	3	900000	176	https://www.list.am/ru/item/20181556
Кентрон, 4 ком., 110 кв.м., 8/17 этаж	4	650000	110	https://www.list.am/ru/item/20443293
Кентрон, 1 ком., 50 кв.м., 4/4 этаж	1	343400	50	https://www.list.am/ru/item/20365856
Кентрон, 2 ком., 72 кв.м., 4/4 этаж	2	323200	72	https://www.list.am/ru/item/20474568
Кентрон, 3 ком., 115 кв.м., 5/13 этаж	3	727200	115	https://www.list.am/ru/item/20097007
Кентрон, 3 ком., 100 кв.м., 5/6 этаж	3	830000	100	https://www.list.am/ru/item/20099555
Кентрон, 2 ком., 50 кв.м., 2/14 этаж	2	250000	50	https://www.list.am/ru/item/20279616
Кентрон, 3 ком., 73 кв.м., 3/5 этаж	3	320000	73	https://www.list.am/ru/item/20471452
Кентрон, 2 ком., 45 кв.м., 2/7 этаж	2	383800	45	https://www.list.am/ru/item/19460104
Кентрон, 4 ком., 94 кв.м., 3/9 этаж	4	400000	94	https://www.list.am/ru/item/20470959
Кентрон, 1 ком., 25 кв.м., 1/2 этаж	1	250000	25	https://www.list.am/ru/item/20297797
Кентрон, 4 ком., 134 кв.м., 1/5 этаж	4	808000	134	https://www.list.am/ru/item/18517723
Кентрон, 4 ком., 138 кв.м., 1/5 этаж	4	808000	138	https://www.list.am/ru/item/18349654
Кентрон, 2 ком., 40 кв.м., 1/4 этаж	2	200000	40	https://www.list.am/ru/item/20414848
Кентрон, 2 ком., 50 кв.м., 11/14 этаж	2	500000	50	https://www.list.am/ru/item/20443531
Кентрон, 3 ком., 100 кв.м., 12/14 этаж	3	350000	100	https://www.list.am/ru/item/20361875
Кентрон, 2 ком., 45 кв.м., 2/14 этаж	2	300000	45	https://www.list.am/ru/item/20314988
Кентрон, 3 ком., 89 кв.м., 4/5 этаж	3	400000	89	https://www.list.am/ru/item/20285641
Кентрон, 3 ком., 100 кв.м., 5/5 этаж	3	400000	100	https://www.list.am/ru/item/19018113
Кентрон, 2 ком., 39 кв.м., 3/12 этаж	2	320000	39	https://www.list.am/ru/item/20312171
Кентрон, 2 ком., 55 кв.м., 5/14 этаж	2	525200	55	https://www.list.am/ru/item/20400926
Кентрон, 3 ком., 96 кв.м., 3/9 этаж	3	500000	96	https://www.list.am/ru/item/20294556
Кентрон, 4 ком., 130 кв.м., 2/9 этаж	4	686800	130	https://www.list.am/ru/item/19091937
Кентрон, 2 ком., 86 кв.м., 2/2 этаж	2	250000	86	https://www.list.am/ru/item/19851265
Кентрон, 2 ком., 40 кв.м., 1/5 этаж	2	350000	40	https://www.list.am/ru/item/19780256
Кентрон, 1 ком., 45 кв.м., 4/11 этаж	1	320000	45	https://www.list.am/ru/item/20206045
Кентрон, 2 ком., 42 кв.м., 1/4 этаж	2	300000	42	https://www.list.am/ru/item/20310709
Кентрон, 2 ком., 62 кв.м., 6/14 этаж	2	484800	62	https://www.list.am/ru/item/20251430
Кентрон, 3 ком., 98 кв.м., 4/9 этаж	3	686800	98	https://www.list.am/ru/item/20207915
Кентрон, 2 ком., 55 кв.м., 6/10 этаж	2	323200	55	https://www.list.am/ru/item/20464744
Кентрон, 1 ком., 50 кв.м., 4/5 этаж	1	350000	50	https://www.list.am/ru/item/19834487
Кентрон, 2 ком., 70 кв.м., 6/10 этаж	2	383800	70	https://www.list.am/ru/item/19929808
Кентрон, 2 ком., 51 кв.м., 5/5 этаж	2	500000	51	https://www.list.am/ru/item/20463695
Кентрон, 2 ком., 117 кв.м., 4/14 этаж	2	450000	117	https://www.list.am/ru/item/18279672
Кентрон, 3 ком., 98 кв.м., 7/9 этаж	3	400000	98	https://www.list.am/ru/item/20395941
Кентрон, 3 ком., 127 кв.м., 3/5 этаж	3	606000	127	https://www.list.am/ru/item/20173492
Кентрон, 3 ком., 145 кв.м., 2/9 этаж	3	550000	145	https://www.list.am/ru/item/19337676
Кентрон, 3 ком., 100 кв.м., 4/5 этаж	3	300000	100	https://www.list.am/ru/item/19161041
Кентрон, 2 ком., 42 кв.м., 5/7 этаж	2	606000	42	https://www.list.am/ru/item/20408707
Кентрон, 2 ком., 82 кв.м., 6/6 этаж	2	330000	82	https://www.list.am/ru/item/19958687
Кентрон, 2 ком., 80 кв.м., 2/4 этаж	2	525200	80	https://www.list.am/ru/item/20460297
Кентрон, 3 ком., 150 кв.м., 4/12 этаж	3	1050400	150	https://www.list.am/ru/item/20254748
Кентрон, 3 ком., 80 кв.м., 2/10 этаж	3	808000	80	https://www.list.am/ru/item/20016966
Кентрон, 3 ком., 80 кв.м., 1/5 этаж	3	404000	80	https://www.list.am/ru/item/19990168
Кентрон, 2 ком., 57 кв.м., 10/26 этаж	2	727200	57	https://www.list.am/ru/item/20269089
Кентрон, 2 ком., 33 кв.м., 2/4 этаж	2	323200	33	https://www.list.am/ru/item/20305972
Кентрон, 1 ком., 47 кв.м., 1/3 этаж	1	190000	47	https://www.list.am/ru/item/20282317
Кентрон, 1 ком., 45 кв.м., 1/5 этаж	1	242400	45	https://www.list.am/ru/item/20222540
Кентрон, 1 ком., 50 кв.м., 1/5 этаж	1	250000	50	https://www.list.am/ru/item/19674281
Кентрон, 1 ком., 40 кв.м., 12/14 этаж	1	300000	40	https://www.list.am/ru/item/17489556
Кентрон, 3 ком., 120 кв.м., 8/8 этаж	3	500000	120	https://www.list.am/ru/item/19568485
Кентрон, 2 ком., 50 кв.м., 3/7 этаж	2	484800	50	https://www.list.am/ru/item/19963951
Кентрон, 3 ком., 78 кв.м., 4/6 этаж	3	400000	78	https://www.list.am/ru/item/20205555
Кентрон, 3 ком., 75 кв.м., 4/4 этаж	3	505000	75	https://www.list.am/ru/item/19968500
Кентрон, 3 ком., 75 кв.м., 5/16 этаж	3	767600	75	https://www.list.am/ru/item/19946186
Кентрон, 2 ком., 48 кв.м., 3/5 этаж	2	220000	48	https://www.list.am/ru/item/20451737
Кентрон, 2 ком., 30 кв.м., 1/2 этаж	2	90000	30	https://www.list.am/ru/item/20365877
Кентрон, 3 ком., 106 кв.м., 9/16 этаж	3	888800	106	https://www.list.am/ru/item/20450056
Кентрон, 2 ком., 43 кв.м., 2/3 этаж	2	200000	43	https://www.list.am/ru/item/20436293
Кентрон, 2 ком., 55 кв.м., 8/18 этаж	2	606000	55	https://www.list.am/ru/item/20449150
Кентрон, 1 ком., 35 кв.м., 1/5 этаж	1	300000	35	https://www.list.am/ru/item/19206345
Кентрон, 3 ком., 80 кв.м., 3/16 этаж	3	280000	80	https://www.list.am/ru/item/20222348
Кентрон, 2 ком., 100 кв.м., 9/12 этаж	2	404000	100	https://www.list.am/ru/item/19420246
Кентрон, 3 ком., 94 кв.м., 3/11 этаж	3	400000	94	https://www.list.am/ru/item/20446215
Кентрон, 2 ком., 59 кв.м., 8/15 этаж	2	350000	59	https://www.list.am/ru/item/20227545
Кентрон, 2 ком., 70 кв.м., 4/5 этаж	2	340000	70	https://www.list.am/ru/item/20177642
Кентрон, 4 ком., 78 кв.м., 11/14 этаж	4	350000	78	https://www.list.am/ru/item/20083625
Кентрон, 5 ком., 180 кв.м., 4/4 этаж	5	1010000	180	https://www.list.am/ru/item/20443321
Кентрон, 1 ком., 33 кв.м., 4/5 этаж	1	270000	33	https://www.list.am/ru/item/19907602
Кентрон, 2 ком., 70 кв.м., 2/5 этаж	2	280000	70	https://www.list.am/ru/item/20253014
Кентрон, 5 ком., 170 кв.м., 4/4 этаж	5	1000000	170	https://www.list.am/ru/item/19285939
Кентрон, 3 ком., 67 кв.м., 1/5 этаж	3	600000	67	https://www.list.am/ru/item/20439984
Кентрон, 1 ком., 40 кв.м., 1/5 этаж	1	262600	40	https://www.list.am/ru/item/19990525
Кентрон, 3 ком., 125 кв.м., 12/16 этаж	3	646400	125	https://www.list.am/ru/item/20290386
Кентрон, 2 ком., 40 кв.м., 10/10 этаж	2	250000	40	https://www.list.am/ru/item/19419721
Кентрон, 2 ком., 54 кв.м., 4/9 этаж	2	300000	54	https://www.list.am/ru/item/20232343
Кентрон, 2 ком., 78 кв.м., 8/14 этаж	2	200000	78	https://www.list.am/ru/item/20420725
Кентрон, 3 ком., 100 кв.м., 4/5 этаж	3	484800	100	https://www.list.am/ru/item/19618916
Кентрон, 4 ком., 140 кв.м., 1/9 этаж	4	525200	140	https://www.list.am/ru/item/20282513
Кентрон, 2 ком., 90 кв.м., 7/13 этаж	2	606000	90	https://www.list.am/ru/item/19709999
Кентрон, 3 ком., 80 кв.м., 3/9 этаж	3	350000	80	https://www.list.am/ru/item/20388215
Кентрон, 3 ком., 65 кв.м., 3/5 этаж	3	450000	65	https://www.list.am/ru/item/20247172
Кентрон, 5 ком., 230 кв.м., 3/11 этаж	5	808000	230	https://www.list.am/ru/item/20246617
Кентрон, 2 ком., 57 кв.м., 2/5 этаж	2	300000	57	https://www.list.am/ru/item/19866381
Кентрон, 3 ком., 70 кв.м., 4/13 этаж	3	500000	70	https://www.list.am/ru/item/20124071
Кентрон, 3 ком., 130 кв.м., 7/10 этаж	3	767600	130	https://www.list.am/ru/item/20242555
Кентрон, 4 ком., 100 кв.м., 3/10 этаж	4	606000	100	https://www.list.am/ru/item/19155987
Кентрон, 2 ком., 64 кв.м., 2/5 этаж	2	400000	64	https://www.list.am/ru/item/20214543
Кентрон, 2 ком., 42 кв.м., 6/9 этаж	2	450000	42	https://www.list.am/ru/item/20383345
Кентрон, 3 ком., 120 кв.м., 5/5 этаж	3	500000	120	https://www.list.am/ru/item/20247612
Кентрон, 3 ком., 74 кв.м., 9/13 этаж	3	343400	74	https://www.list.am/ru/item/20003123
Кентрон, 4 ком., 120 кв.м., 1/4 этаж	4	300000	120	https://www.list.am/ru/item/20202031
Кентрон, 4 ком., 105 кв.м., 3/9 этаж	4	545400	105	https://www.list.am/ru/item/20320323
Кентрон, 1 ком., 40 кв.м., 3/4 этаж	1	242400	40	https://www.list.am/ru/item/20359878
Кентрон, 1 ком., 50 кв.м., 2/4 этаж	1	350000	50	https://www.list.am/ru/item/19289558
Кентрон, 3 ком., 78 кв.м., 3/4 этаж	3	606000	78	https://www.list.am/ru/item/18432415
Кентрон, 3 ком., 90 кв.м., 2/2 этаж	3	280000	90	https://www.list.am/ru/item/20284140
Кентрон, 2 ком., 40 кв.м., 6/9 этаж	2	300000	40	https://www.list.am/ru/item/20155516
Кентрон, 2 ком., 56 кв.м., 8/13 этаж	2	250000	56	https://www.list.am/ru/item/20309135
Кентрон, 3 ком., 70 кв.м., 2/11 этаж	3	550000	70	https://www.list.am/ru/item/19153282
Кентрон, 2 ком., 62 кв.м., 6/11 этаж	2	600000	62	https://www.list.am/ru/item/20090113
Кентрон, 3 ком., 71 кв.м., 4/4 этаж	3	323200	71	https://www.list.am/ru/item/20355631
Кентрон, 3 ком., 86 кв.м., 13/14 этаж	3	390000	86	https://www.list.am/ru/item/20122066
Кентрон, 2 ком., 72 кв.м., 8/9 этаж	2	300000	72	https://www.list.am/ru/item/20369055
Кентрон, 2 ком., 65 кв.м., 6/15 этаж	2	808000	65	https://www.list.am/ru/item/20030768
Кентрон, 4 ком., 85 кв.м., 15/16 этаж	4	300000	85	https://www.list.am/ru/item/20527388
Кентрон, 4 ком., 85 кв.м., 1/5 этаж	4	390000	85	https://www.list.am/ru/item/20430439
Кентрон, 1 ком., 62 кв.м., 4/10 этаж	1	320000	62	https://www.list.am/ru/item/20202507
Кентрон, 4 ком., 135 кв.м., 4/5 этаж	4	700000	135	https://www.list.am/ru/item/18487354
Кентрон, 3 ком., 75 кв.м., 2/9 этаж	3	350000	75	https://www.list.am/ru/item/20262566
Кентрон, 1 ком., 24 кв.м., 1/14 этаж	1	200000	24	https://www.list.am/ru/item/20332343
Кентрон, 3 ком., 66 кв.м., 4/14 этаж	3	363600	66	https://www.list.am/ru/item/20268456
Кентрон, 3 ком., 80 кв.м., 3/9 этаж	3	400000	80	https://www.list.am/ru/item/20463616
Кентрон, 2 ком., 49 кв.м., 2/5 этаж	2	270000	49	https://www.list.am/ru/item/19493468
Кентрон, 1 ком., 45 кв.м., 3/5 этаж	1	240000	45	https://www.list.am/ru/item/18676240
Кентрон, 3 ком., 98 кв.м., 6/11 этаж	3	420000	98	https://www.list.am/ru/item/20520799
Кентрон, 3 ком., 100 кв.м., 4/13 этаж	3	606000	100	https://www.list.am/ru/item/20254068
Кентрон, 4 ком., 96 кв.м., 3/12 этаж	4	525200	96	https://www.list.am/ru/item/19697617
Кентрон, 2 ком., 43 кв.м., 4/5 этаж	2	250000	43	https://www.list.am/ru/item/18214976
Кентрон, 2 ком., 74 кв.м., 4/5 этаж	2	300000	74	https://www.list.am/ru/item/18467034
Кентрон, 2 ком., 38 кв.м., 5/9 этаж	2	240000	38	https://www.list.am/ru/item/20221871
Кентрон, 2 ком., 80 кв.м., 15/15 этаж	2	606000	80	https://www.list.am/ru/item/20534773
Кентрон, 3 ком., 75 кв.м., 4/4 этаж	3	484800	75	https://www.list.am/ru/item/20333172
Кентрон, 3 ком., 90 кв.м., 2/4 этаж	3	400000	90	https://www.list.am/ru/item/20174220
Кентрон, 2 ком., 92 кв.м., 4/4 этаж	2	585800	92	https://www.list.am/ru/item/18356822
Кентрон, 2 ком., 70 кв.м., 2/5 этаж	2	450000	70	https://www.list.am/ru/item/20129079
Кентрон, 4 ком., 205 кв.м., 7/7 этаж	4	550000	205	https://www.list.am/ru/item/20143874
Кентрон, 1 ком., 60 кв.м., 10/10 этаж	1	363600	60	https://www.list.am/ru/item/19226371
Кентрон, 3 ком., 110 кв.м., 3/5 этаж	3	580000	110	https://www.list.am/ru/item/19446289
Кентрон, 2 ком., 43 кв.м., 7/10 этаж	2	390000	43	https://www.list.am/ru/item/20247024
Кентрон, 3 ком., 98 кв.м., 4/10 этаж	3	323200	98	https://www.list.am/ru/item/20324241
Кентрон, 3 ком., 98 кв.м., 4/10 этаж	3	323200	98	https://www.list.am/ru/item/20231577
Кентрон, 3 ком., 76 кв.м., 2/20 этаж	3	404000	76	https://www.list.am/ru/item/20537903
Кентрон, 3 ком., 95 кв.м., 5/5 этаж	3	400000	95	https://www.list.am/ru/item/20319848
Кентрон, 2 ком., 65 кв.м., 1/7 этаж	2	343400	65	https://www.list.am/ru/item/18681744
Кентрон, 3 ком., 95 кв.м., 3/4 этаж	3	380000	95	https://www.list.am/ru/item/20518795
Кентрон, 2 ком., 45 кв.м., 8/11 этаж	2	646400	45	https://www.list.am/ru/item/20141776
Кентрон, 3 ком., 60 кв.м., 1/4 этаж	3	350000	60	https://www.list.am/ru/item/19388602
Кентрон, 4 ком., 90 кв.м., 4/4 этаж	4	250000	90	https://www.list.am/ru/item/20516652
Кентрон, 2 ком., 50 кв.м., 1/5 этаж	2	400000	50	https://www.list.am/ru/item/19150330
Кентрон, 1 ком., 57 кв.м., 4/9 этаж	1	220000	57	https://www.list.am/ru/item/20532903
Кентрон, 3 ком., 67 кв.м., 3/5 этаж	3	335000	67	https://www.list.am/ru/item/19965324
Кентрон, 2 ком., 45 кв.м., 1/9 этаж	2	300000	45	https://www.list.am/ru/item/19370276
Кентрон, 3 ком., 130 кв.м., 7/10 этаж	3	606000	130	https://www.list.am/ru/item/20530097
Кентрон, 4 ком., 100 кв.м., 6/14 этаж	4	300000	100	https://www.list.am/ru/item/20339961
Кентрон, 3 ком., 75 кв.м., 1/9 этаж	3	400000	75	https://www.list.am/ru/item/19937792
Кентрон, 2 ком., 76 кв.м., 4/5 этаж	2	370000	76	https://www.list.am/ru/item/20531814
Кентрон, 3 ком., 105 кв.м., 10/12 этаж	3	484800	105	https://www.list.am/ru/item/20256822
Кентрон, 3 ком., 72 кв.м., 6/6 этаж	3	444400	72	https://www.list.am/ru/item/20525749
Кентрон, 2 ком., 40 кв.м., 10/15 этаж	2	300000	40	https://www.list.am/ru/item/20418346
Кентрон, 2 ком., 45 кв.м., 4/4 этаж	2	400000	45	https://www.list.am/ru/item/20537820
Кентрон, 1 ком., 40 кв.м., 3/10 этаж	1	275000	40	https://www.list.am/ru/item/20444150
Кентрон, 3 ком., 85 кв.м., 4/16 этаж	3	646400	85	https://www.list.am/ru/item/20000025
Кентрон, 2 ком., 65 кв.м., 4/9 этаж	2	350000	65	https://www.list.am/ru/item/20361363
Кентрон, 3 ком., 120 кв.м., 8/8 этаж	3	480000	120	https://www.list.am/ru/item/20500413
Кентрон, 2 ком., 63 кв.м., 2/4 этаж	2	450000	63	https://www.list.am/ru/item/19386705
Кентрон, 3 ком., 105 кв.м., 10/11 этаж	3	484800	105	https://www.list.am/ru/item/20256865
Кентрон, 1 ком., 43 кв.м., 3/10 этаж	1	280000	43	https://www.list.am/ru/item/20283682
Кентрон, 3 ком., 78 кв.м., 3/11 этаж	3	350000	78	https://www.list.am/ru/item/18677793
Кентрон, 2 ком., 50 кв.м., 2/5 этаж	2	500000	50	https://www.list.am/ru/item/18324680
Кентрон, 2 ком., 78 кв.м., 1/13 этаж	2	370000	78	https://www.list.am/ru/item/19764600
Кентрон, 2 ком., 60 кв.м., 11/15 этаж	2	323200	60	https://www.list.am/ru/item/19923896
Кентрон, 2 ком., 64 кв.м., 11/15 этаж	2	323200	64	https://www.list.am/ru/item/19973461
Кентрон, 5 ком., 180 кв.м., 5/5 этаж	5	707000	180	https://www.list.am/ru/item/20135279
Кентрон, 2 ком., 62 кв.м., 2/5 этаж	2	444400	62	https://www.list.am/ru/item/20185574
Кентрон, 3 ком., 72 кв.м., 3/13 этаж	3	550000	72	https://www.list.am/ru/item/20510480
Кентрон, 2 ком., 54 кв.м., 2/9 этаж	2	350000	54	https://www.list.am/ru/item/19831328
Кентрон, 1 ком., 35 кв.м., 2/4 этаж	1	350000	35	https://www.list.am/ru/item/18588814
Кентрон, 2 ком., 52 кв.м., 9/9 этаж	2	400000	52	https://www.list.am/ru/item/20235141
Кентрон, 3 ком., 75 кв.м., 3/10 этаж	3	500000	75	https://www.list.am/ru/item/20115062
Кентрон, 2 ком., 65 кв.м., 4/5 этаж	2	240000	65	https://www.list.am/ru/item/18891586
Кентрон, 3 ком., 70 кв.м., 5/10 этаж	3	383800	70	https://www.list.am/ru/item/18519900
Кентрон, 2 ком., 50 кв.м., 1/5 этаж	2	250000	50	https://www.list.am/ru/item/19998268
Кентрон, 2 ком., 46 кв.м., 4/9 этаж	2	305000	46	https://www.list.am/ru/item/20102554
Кентрон, 2 ком., 44 кв.м., 6/6 этаж	2	404000	44	https://www.list.am/ru/item/14986414
Кентрон, 3 ком., 86 кв.м., 3/9 этаж	3	400000	86	https://www.list.am/ru/item/20516724
Кентрон, 3 ком., 92 кв.м., 3/6 этаж	3	460000	92	https://www.list.am/ru/item/20361701
Кентрон, 2 ком., 56 кв.м., 13/14 этаж	2	350000	56	https://www.list.am/ru/item/19194541
Кентрон, 2 ком., 50 кв.м., 2/2 этаж	2	450000	50	https://www.list.am/ru/item/18730392
Кентрон, 1 ком., 32 кв.м., 1/5 этаж	1	250000	32	https://www.list.am/ru/item/20244942
Кентрон, 2 ком., 68 кв.м., 3/9 этаж	2	350000	68	https://www.list.am/ru/item/19789258
Кентрон, 2 ком., 50 кв.м., 1/5 этаж	2	450000	50	https://www.list.am/ru/item/20416475
Кентрон, 3 ком., 75 кв.м., 1/3 этаж	3	330000	75	https://www.list.am/ru/item/20372533
Кентрон, 3 ком., 100 кв.м., 3/5 этаж	3	500000	100	https://www.list.am/ru/item/14950885
Кентрон, 2 ком., 58 кв.м., 4/10 этаж	2	370000	58	https://www.list.am/ru/item/20221065
Кентрон, 3 ком., 85 кв.м., 1/9 этаж	3	350000	85	https://www.list.am/ru/item/20436206
Кентрон, 2 ком., 62 кв.м., 8/16 этаж	2	700000	62	https://www.list.am/ru/item/20565405
Кентрон, 3 ком., 83 кв.м., 2/11 этаж	3	400000	83	https://www.list.am/ru/item/19914368
Кентрон, 2 ком., 40 кв.м., 9/9 этаж	2	220000	40	https://www.list.am/ru/item/20087682
Кентрон, 3 ком., 130 кв.м., 9/10 этаж	3	808000	130	https://www.list.am/ru/item/19440316
Кентрон, 2 ком., 40 кв.м., 2/5 этаж	2	240000	40	https://www.list.am/ru/item/20047974
Кентрон, 2 ком., 40 кв.м., 3/6 этаж	2	290000	40	https://www.list.am/ru/item/19658989
Кентрон, 2 ком., 68 кв.м., 4/10 этаж	2	300000	68	https://www.list.am/ru/item/20456620
Кентрон, 4 ком., 106 кв.м., 5/9 этаж	4	565600	106	https://www.list.am/ru/item/20257466
Кентрон, 3 ком., 100 кв.м., 11/11 этаж	3	929200	100	https://www.list.am/ru/item/20214889
Кентрон, 2 ком., 40 кв.м., 5/12 этаж	2	400000	40	https://www.list.am/ru/item/20506041
Кентрон, 1 ком., 38 кв.м., 12/14 этаж	1	260000	38	https://www.list.am/ru/item/20463747
Кентрон, 3 ком., 72 кв.м., 6/9 этаж	3	500000	72	https://www.list.am/ru/item/20533570
Кентрон, 2 ком., 50 кв.м., 3/4 этаж	2	363600	50	https://www.list.am/ru/item/20267045
Кентрон, 3 ком., 75 кв.м., 5/5 этаж	3	400000	75	https://www.list.am/ru/item/20313633
Кентрон, 3 ком., 150 кв.м., 4/5 этаж	3	606000	150	https://www.list.am/ru/item/20340831
Кентрон, 3 ком., 98 кв.м., 11/11 этаж	3	606000	98	https://www.list.am/ru/item/20534811
Кентрон, 3 ком., 90 кв.м., 4/5 этаж	3	525200	90	https://www.list.am/ru/item/20500169
Кентрон, 1 ком., 26 кв.м., 13/19 этаж	1	404000	26	https://www.list.am/ru/item/20007873
Кентрон, 2 ком., 58 кв.м., 10/10 этаж	2	400000	58	https://www.list.am/ru/item/20211277
Кентрон, 2 ком., 56 кв.м., 4/14 этаж	2	404000	56	https://www.list.am/ru/item/20528428
Кентрон, 2 ком., 64 кв.м., 1/3 этаж	2	250000	64	https://www.list.am/ru/item/20541776
Кентрон, 3 ком., 110 кв.м., 4/5 этаж	3	484800	110	https://www.list.am/ru/item/20466893
Кентрон, 2 ком., 64 кв.м., 3/17 этаж	2	370000	64	https://www.list.am/ru/item/19146489
Кентрон, 1 ком., 17 кв.м., 2/2 этаж	1	150000	17	https://www.list.am/ru/item/20473161
Кентрон, 2 ком., 60 кв.м., 3/12 этаж	2	400000	60	https://www.list.am/ru/item/20486895
Кентрон, 2 ком., 26 кв.м., 8/8 этаж	2	350000	26	https://www.list.am/ru/item/19977863
Кентрон, 3 ком., 96 кв.м., 3/5 этаж	3	646400	96	https://www.list.am/ru/item/20502990
Кентрон, 3 ком., 47 кв.м., 2/9 этаж	3	235000	47	https://www.list.am/ru/item/20539843
Кентрон, 2 ком., 80 кв.м., 2/11 этаж	2	320000	80	https://www.list.am/ru/item/20350064
Кентрон, 2 ком., 44 кв.м., 10/10 этаж	2	525200	44	https://www.list.am/ru/item/20526819
Кентрон, 2 ком., 64 кв.м., 2/5 этаж	2	350000	64	https://www.list.am/ru/item/20499166
Кентрон, 2 ком., 70 кв.м., 7/7 этаж	2	100000	70	https://www.list.am/ru/item/20086915
Кентрон, 2 ком., 73 кв.м., 2/4 этаж	2	330000	73	https://www.list.am/ru/item/19902665
Кентрон, 2 ком., 60 кв.м., 9/10 этаж	2	320000	60	https://www.list.am/ru/item/18481905
Кентрон, 3 ком., 150 кв.м., 4/5 этаж	3	1010000	150	https://www.list.am/ru/item/18842979
Кентрон, 2 ком., 41 кв.м., 3/10 этаж	2	282800	41	https://www.list.am/ru/item/20070638
Кентрон, 1 ком., 31 кв.м., 2/5 этаж	1	280000	31	https://www.list.am/ru/item/20527641
Кентрон, 2 ком., 53 кв.м., 7/10 этаж	2	363600	53	https://www.list.am/ru/item/20531045
Кентрон, 4 ком., 160 кв.м., 4/5 этаж	4	646400	160	https://www.list.am/ru/item/20409112
Кентрон, 3 ком., 90 кв.м., 2/5 этаж	3	606000	90	https://www.list.am/ru/item/20181192
Кентрон, 2 ком., 67 кв.м., 10/10 этаж	2	300000	67	https://www.list.am/ru/item/20555140
Кентрон, 2 ком., 76 кв.м., 2/9 этаж	2	350000	76	https://www.list.am/ru/item/20400566
Кентрон, 4 ком., 156 кв.м., 6/12 этаж	4	1212000	156	https://www.list.am/ru/item/19229100
Кентрон, 2 ком., 52 кв.м., 11/12 этаж	2	250000	52	https://www.list.am/ru/item/20525810
Кентрон, 2 ком., 47 кв.м., 4/9 этаж	2	363600	47	https://www.list.am/ru/item/20403677
Кентрон, 1 ком., 45 кв.м., 1/4 этаж	1	484800	45	https://www.list.am/ru/item/19955083
Кентрон, 3 ком., 130 кв.м., 8/10 этаж	3	888800	130	https://www.list.am/ru/item/20005744
Кентрон, 1 ком., 31 кв.м., 1/5 этаж	1	200000	31	https://www.list.am/ru/item/19948429
Кентрон, 2 ком., 58 кв.м., 2/2 этаж	2	360000	58	https://www.list.am/ru/item/20404425
Кентрон, 2 ком., 72 кв.м., 3/4 этаж	2	525200	72	https://www.list.am/ru/item/20140261
Кентрон, 2 ком., 42 кв.м., 4/5 этаж	2	250000	42	https://www.list.am/ru/item/20582270
Кентрон, 3 ком., 121 кв.м., 5/7 этаж	3	585800	121	https://www.list.am/ru/item/19844733
Кентрон, 1 ком., 50 кв.м., 4/7 этаж	1	320000	50	https://www.list.am/ru/item/20130113
Кентрон, 2 ком., 68 кв.м., 2/4 этаж	2	230000	68	https://www.list.am/ru/item/20342547
Кентрон, 2 ком., 85 кв.м., 8/10 этаж	2	320000	85	https://www.list.am/ru/item/18194022
Кентрон, 3 ком., 97 кв.м., 3/11 этаж	3	727200	97	https://www.list.am/ru/item/20433095
Кентрон, 2 ком., 33 кв.м., 3/5 этаж	2	360000	33	https://www.list.am/ru/item/20220348
Кентрон, 2 ком., 50 кв.м., 5/10 этаж	2	350000	50	https://www.list.am/ru/item/20157197
Кентрон, 2 ком., 70 кв.м., 2/5 этаж	2	320000	70	https://www.list.am/ru/item/18777110
Кентрон, 2 ком., 69 кв.м., 1/5 этаж	2	350000	69	https://www.list.am/ru/item/18428581
Кентрон, 3 ком., 115 кв.м., 4/21 этаж	3	606000	115	https://www.list.am/ru/item/17463588
Кентрон, 2 ком., 20 кв.м., 1/3 этаж	2	299000	20	https://www.list.am/ru/item/16575690
Кентрон, 3 ком., 70 кв.м., 6/12 этаж	3	383800	70	https://www.list.am/ru/item/20210585
Кентрон, 3 ком., 65 кв.м., 2/2 этаж	3	320000	65	https://www.list.am/ru/item/20556283
Кентрон, 1 ком., 60 кв.м., 4/10 этаж	1	320000	60	https://www.list.am/ru/item/20201062
Кентрон, 3 ком., 90 кв.м., 5/5 этаж	3	464600	90	https://www.list.am/ru/item/20555136
Кентрон, 3 ком., 82 кв.м., 6/12 этаж	3	750000	82	https://www.list.am/ru/item/20551877
Кентрон, 4 ком., 128 кв.м., 4/10 этаж	4	808000	128	https://www.list.am/ru/item/19971874
Кентрон, 2 ком., 50 кв.м., 9/9 этаж	2	300000	50	https://www.list.am/ru/item/19806423
Кентрон, 3 ком., 81 кв.м., 3/4 этаж	3	250000	81	https://www.list.am/ru/item/20527874
Кентрон, 3 ком., 97 кв.м., 3/4 этаж	3	450000	97	https://www.list.am/ru/item/19553064
Кентрон, 2 ком., 54 кв.м., 2/4 этаж	2	400000	54	https://www.list.am/ru/item/19723835
Кентрон, 2 ком., 60 кв.м., 4/9 этаж	2	404000	60	https://www.list.am/ru/item/20361876
Кентрон, 1 ком., 41 кв.м., 7/9 этаж	1	230000	41	https://www.list.am/ru/item/20581977
Кентрон, 2 ком., 65 кв.м., 3/15 этаж	2	330000	65	https://www.list.am/ru/item/20479429
Кентрон, 2 ком., 65 кв.м., 3/10 этаж	2	310000	65	https://www.list.am/ru/item/19976002
Кентрон, 3 ком., 57 кв.м., 1/4 этаж	3	363600	57	https://www.list.am/ru/item/19428727
Кентрон, 2 ком., 40 кв.м., 1/1 этаж	2	250000	40	https://www.list.am/ru/item/20467478
Кентрон, 2 ком., 41 кв.м., 2/5 этаж	2	350000	41	https://www.list.am/ru/item/20054777
Кентрон, 2 ком., 53 кв.м., 5/5 этаж	2	400000	53	https://www.list.am/ru/item/20392471
Кентрон, 5 ком., 110 кв.м., 3/5 этаж	5	450000	110	https://www.list.am/ru/item/13398205
Кентрон, 1 ком., 37 кв.м., 13/14 этаж	1	200000	37	https://www.list.am/ru/item/20083068
Кентрон, 2 ком., 71 кв.м., 5/10 этаж	2	404000	71	https://www.list.am/ru/item/20085267
Кентрон, 1 ком., 40 кв.м., 1/1 этаж	1	222200	40	https://www.list.am/ru/item/20017315
Кентрон, 2 ком., 50 кв.м., 2/9 этаж	2	280000	50	https://www.list.am/ru/item/20386036
Кентрон, 3 ком., 60 кв.м., 5/5 этаж	3	250000	60	https://www.list.am/ru/item/20169706
Кентрон, 3 ком., 78 кв.м., 3/21 этаж	3	484800	78	https://www.list.am/ru/item/19713013
Кентрон, 1 ком., 60 кв.м., 12/12 этаж	1	340000	60	https://www.list.am/ru/item/19706042
Кентрон, 2 ком., 60 кв.м., 2/5 этаж	2	280000	60	https://www.list.am/ru/item/20344498
Кентрон, 2 ком., 52 кв.м., 3/14 этаж	2	444400	52	https://www.list.am/ru/item/20156682
Кентрон, 3 ком., 145 кв.м., 3/11 этаж	3	1010000	145	https://www.list.am/ru/item/20391451
Кентрон, 2 ком., 46 кв.м., 5/10 этаж	2	350000	46	https://www.list.am/ru/item/19277690
Кентрон, 2 ком., 63 кв.м., 10/12 этаж	2	400000	63	https://www.list.am/ru/item/20240048
Кентрон, 2 ком., 50 кв.м., 2/4 этаж	2	444400	50	https://www.list.am/ru/item/20437927
Кентрон, 1 ком., 35 кв.м., 2/5 этаж	1	250000	35	https://www.list.am/ru/item/20505648
Кентрон, 2 ком., 75 кв.м., 1/5 этаж	2	555000	75	https://www.list.am/ru/item/20347723
Кентрон, 2 ком., 65 кв.м., 2/9 этаж	2	370000	65	https://www.list.am/ru/item/20494476
Кентрон, 4 ком., 135 кв.м., 6/14 этаж	4	565600	135	https://www.list.am/ru/item/20350575
Кентрон, 1 ком., 32 кв.м., 2/5 этаж	1	250000	32	https://www.list.am/ru/item/20239189
Кентрон, 2 ком., 45 кв.м., 5/6 этаж	2	380000	45	https://www.list.am/ru/item/20256844
Кентрон, 2 ком., 44 кв.м., 2/10 этаж	2	350000	44	https://www.list.am/ru/item/20423592
Кентрон, 2 ком., 68 кв.м., 4/14 этаж	2	450000	68	https://www.list.am/ru/item/19448254
Кентрон, 3 ком., 73 кв.м., 7/12 этаж	3	363600	73	https://www.list.am/ru/item/20066284
Кентрон, 3 ком., 117 кв.м., 4/14 этаж	3	484800	117	https://www.list.am/ru/item/20265093
Кентрон, 2 ком., 49 кв.м., 3/9 этаж	2	250000	49	https://www.list.am/ru/item/18498220
Кентрон, 2 ком., 45 кв.м., 5/9 этаж	2	270000	45	https://www.list.am/ru/item/20350531
Кентрон, 2 ком., 46 кв.м., 2/5 этаж	2	300000	46	https://www.list.am/ru/item/20007978
Кентрон, 2 ком., 55 кв.м., 12/17 этаж	2	450000	55	https://www.list.am/ru/item/20473846
Кентрон, 3 ком., 110 кв.м., 4/9 этаж	3	525200	110	https://www.list.am/ru/item/20205716
Кентрон, 3 ком., 140 кв.м., 4/9 этаж	3	606000	140	https://www.list.am/ru/item/20531143
Кентрон, 2 ком., 53 кв.м., 4/11 этаж	2	484800	53	https://www.list.am/ru/item/20481902
Кентрон, 3 ком., 120 кв.м., 8/8 этаж	3	606000	120	https://www.list.am/ru/item/20227051
Кентрон, 3 ком., 56 кв.м., 7/10 этаж	3	320000	56	https://www.list.am/ru/item/20481543
Кентрон, 3 ком., 90 кв.м., 9/9 этаж	3	424200	90	https://www.list.am/ru/item/20371646
Кентрон, 4 ком., 190 кв.м., 9/16 этаж	4	808000	190	https://www.list.am/ru/item/20541583
Кентрон, 2 ком., 63 кв.м., 5/9 этаж	2	240000	63	https://www.list.am/ru/item/20313775
Кентрон, 3 ком., 98 кв.м., 3/6 этаж	3	390000	98	https://www.list.am/ru/item/19165928
Кентрон, 2 ком., 67 кв.м., 6/10 этаж	2	606000	67	https://www.list.am/ru/item/20571728
Кентрон, 3 ком., 100 кв.м., 1/6 этаж	3	525200	100	https://www.list.am/ru/item/20461520
Кентрон, 2 ком., 68 кв.м., 9/10 этаж	2	363600	68	https://www.list.am/ru/item/20065901
Кентрон, 3 ком., 75 кв.м., 1/1 этаж	3	280000	75	https://www.list.am/ru/item/20208619
Кентрон, 3 ком., 80 кв.м., 5/13 этаж	3	450000	80	https://www.list.am/ru/item/20391387
Кентрон, 2 ком., 53 кв.м., 9/10 этаж	2	525200	53	https://www.list.am/ru/item/19838327
Кентрон, 1 ком., 43 кв.м., 2/5 этаж	1	250000	43	https://www.list.am/ru/item/20203952
Кентрон, 2 ком., 64 кв.м., 2/6 этаж	2	350000	64	https://www.list.am/ru/item/20367165
Кентрон, 1 ком., 38 кв.м., 4/4 этаж	1	325000	38	https://www.list.am/ru/item/20468397
Кентрон, 3 ком., 85 кв.м., 2/5 этаж	3	1212000	85	https://www.list.am/ru/item/20514002
Кентрон, 2 ком., 55 кв.м., 2/9 этаж	2	290000	55	https://www.list.am/ru/item/20009448
Кентрон, 2 ком., 62 кв.м., 3/5 этаж	2	363600	62	https://www.list.am/ru/item/20542672
Кентрон, 2 ком., 52 кв.м., 4/10 этаж	2	370000	52	https://www.list.am/ru/item/20206872
Кентрон, 2 ком., 50 кв.м., 2/5 этаж	2	400000	50	https://www.list.am/ru/item/20214551
Кентрон, 2 ком., 50 кв.м., 3/4 этаж	2	520000	50	https://www.list.am/ru/item/20521209
Кентрон, 2 ком., 70 кв.м., 2/11 этаж	2	350000	70	https://www.list.am/ru/item/20229635
Кентрон, 2 ком., 40 кв.м., 2/4 этаж	2	280000	40	https://www.list.am/ru/item/20148098
Кентрон, 3 ком., 67 кв.м., 1/3 этаж	3	300000	67	https://www.list.am/ru/item/19912498
Кентрон, 1 ком., 50 кв.м., 8/10 этаж	1	320000	50	https://www.list.am/ru/item/19506723
Кентрон, 2 ком., 48 кв.м., 3/4 этаж	2	424200	48	https://www.list.am/ru/item/20557273
Кентрон, 3 ком., 90 кв.м., 3/4 этаж	3	800000	90	https://www.list.am/ru/item/20450645
Кентрон, 3 ком., 85 кв.м., 5/5 этаж	3	606000	85	https://www.list.am/ru/item/20430268
Кентрон, 3 ком., 85 кв.м., 4/4 этаж	3	606000	85	https://www.list.am/ru/item/20430229
Кентрон, 2 ком., 40 кв.м., 11/15 этаж	2	484800	40	https://www.list.am/ru/item/20453819
Кентрон, 4 ком., 100 кв.м., 1/2 этаж	4	808000	100	https://www.list.am/ru/item/19361201
Кентрон, 3 ком., 106 кв.м., 4/4 этаж	3	484800	106	https://www.list.am/ru/item/20124477
Кентрон, 3 ком., 120 кв.м., 7/14 этаж	3	525200	120	https://www.list.am/ru/item/20418631
Кентрон, 3 ком., 74 кв.м., 7/7 этаж	3	400000	74	https://www.list.am/ru/item/18457899
Кентрон, 3 ком., 70 кв.м., 4/5 этаж	3	400000	70	https://www.list.am/ru/item/20314273
Кентрон, 3 ком., 67 кв.м., 5/10 этаж	3	350000	67	https://www.list.am/ru/item/20525884
Кентрон, 2 ком., 40 кв.м., 11/15 этаж	2	525200	40	https://www.list.am/ru/item/20149856
Кентрон, 3 ком., 90 кв.м., 14/16 этаж	3	500000	90	https://www.list.am/ru/item/20274923
Кентрон, 2 ком., 75 кв.м., 2/5 этаж	2	500000	75	https://www.list.am/ru/item/20538559
Кентрон, 2 ком., 64 кв.м., 2/5 этаж	2	578500	64	https://www.list.am/ru/item/20025215
Кентрон, 2 ком., 65 кв.м., 3/7 этаж	2	280000	65	https://www.list.am/ru/item/18973827
Кентрон, 2 ком., 52 кв.м., 4/9 этаж	2	350000	52	https://www.list.am/ru/item/20484279
Кентрон, 2 ком., 58 кв.м., 2/5 этаж	2	360000	58	https://www.list.am/ru/item/19898681
Кентрон, 3 ком., 59 кв.м., 4/13 этаж	3	510000	59	https://www.list.am/ru/item/20547702
Кентрон, 3 ком., 96 кв.м., 4/5 этаж	3	310000	96	https://www.list.am/ru/item/20161570
Кентрон, 3 ком., 70 кв.м., 3/5 этаж	3	400000	70	https://www.list.am/ru/item/20498808
Кентрон, 3 ком., 120 кв.м., 5/14 этаж	3	300000	120	https://www.list.am/ru/item/20527773
Кентрон, 2 ком., 50 кв.м., 7/9 этаж	2	300000	50	https://www.list.am/ru/item/19479348
Кентрон, 2 ком., 51 кв.м., 8/13 этаж	2	250000	51	https://www.list.am/ru/item/20332298
Кентрон, 2 ком., 65 кв.м., 4/10 этаж	2	525200	65	https://www.list.am/ru/item/20452010
Кентрон, 2 ком., 46 кв.м., 3/5 этаж	2	250000	46	https://www.list.am/ru/item/20451712
Кентрон, 4 ком., 210 кв.м., 11/13 этаж	4	1414000	210	https://www.list.am/ru/item/20107600
Кентрон, 2 ком., 40 кв.м., 3/7 этаж	2	484800	40	https://www.list.am/ru/item/19983813
Кентрон, 2 ком., 45 кв.м., 3/5 этаж	2	470000	45	https://www.list.am/ru/item/20476052
Кентрон, 2 ком., 55 кв.м., 3/12 этаж	2	300000	55	https://www.list.am/ru/item/20372389
Кентрон, 2 ком., 53 кв.м., 4/15 этаж	2	500000	53	https://www.list.am/ru/item/20548521
Кентрон, 2 ком., 65 кв.м., 7/14 этаж	2	646400	65	https://www.list.am/ru/item/20268953
Кентрон, 2 ком., 52 кв.м., 8/9 этаж	2	260000	52	https://www.list.am/ru/item/19817992
Кентрон, 2 ком., 46 кв.м., 2/9 этаж	2	360000	46	https://www.list.am/ru/item/19586441
Кентрон, 3 ком., 70 кв.м., 8/9 этаж	3	300000	70	https://www.list.am/ru/item/20324070
Кентрон, 3 ком., 110 кв.м., 2/17 этаж	3	450000	110	https://www.list.am/ru/item/19915637
Кентрон, 3 ком., 47 кв.м., 10/10 этаж	3	300000	47	https://www.list.am/ru/item/20228049
Кентрон, 2 ком., 80 кв.м., 14/14 этаж	2	450000	80	https://www.list.am/ru/item/19110965
Кентрон, 3 ком., 85 кв.м., 4/5 этаж	3	310000	85	https://www.list.am/ru/item/20471501
Кентрон, 2 ком., 80 кв.м., 12/14 этаж	2	525200	80	https://www.list.am/ru/item/19009628
Кентрон, 2 ком., 54 кв.м., 1/1 этаж	2	200000	54	https://www.list.am/ru/item/19797510
Кентрон, 3 ком., 134 кв.м., 7/10 этаж	3	606000	134	https://www.list.am/ru/item/19292323
Кентрон, 3 ком., 140 кв.м., 4/5 этаж	3	500000	140	https://www.list.am/ru/item/20241415
Кентрон, 2 ком., 42 кв.м., 1/5 этаж	2	300000	42	https://www.list.am/ru/item/19950893
Кентрон, 2 ком., 45 кв.м., 2/3 этаж	2	180000	45	https://www.list.am/ru/item/20537268
Кентрон, 1 ком., 37 кв.м., 3/5 этаж	1	220000	37	https://www.list.am/ru/item/19494827
Кентрон, 3 ком., 115 кв.м., 11/21 этаж	3	404000	115	https://www.list.am/ru/item/20360742
Кентрон, 2 ком., 50 кв.м., 4/9 этаж	2	330000	50	https://www.list.am/ru/item/20151172
Кентрон, 1 ком., 42 кв.м., 3/10 этаж	1	350000	42	https://www.list.am/ru/item/20537899
Кентрон, 1 ком., 80 кв.м., 2/3 этаж	1	550000	80	https://www.list.am/ru/item/20131041
Кентрон, 1 ком., 41 кв.м., 7/10 этаж	1	390000	41	https://www.list.am/ru/item/20474274
Кентрон, 1 ком., 42 кв.м., 3/10 этаж	1	240000	42	https://www.list.am/ru/item/20293046
Кентрон, 2 ком., 40 кв.м., 1/5 этаж	2	300000	40	https://www.list.am/ru/item/20051529
Кентрон, 3 ком., 150 кв.м., 4/5 этаж	3	888800	150	https://www.list.am/ru/item/20567972
Кентрон, 6 ком., 145 кв.м., 4/5 этаж	6	800000	145	https://www.list.am/ru/item/19862879
Кентрон, 3 ком., 90 кв.м., 4/8 этаж	3	323200	90	https://www.list.am/ru/item/19347426
Кентрон, 4 ком., 136 кв.м., 7/7 этаж	4	290000	136	https://www.list.am/ru/item/20115547
Кентрон, 2 ком., 57 кв.м., 6/14 этаж	2	320000	57	https://www.list.am/ru/item/20353732
Кентрон, 3 ком., 58 кв.м., 7/9 этаж	3	320000	58	https://www.list.am/ru/item/20499283
Кентрон, 2 ком., 55 кв.м., 3/12 этаж	2	300000	55	https://www.list.am/ru/item/20372527
Кентрон, 5 ком., 80 кв.м., 2/5 этаж	5	500000	80	https://www.list.am/ru/item/20116237
Кентрон, 2 ком., 50 кв.м., 4/9 этаж	2	330000	50	https://www.list.am/ru/item/17489059
Кентрон, 3 ком., 75 кв.м., 8/9 этаж	3	350000	75	https://www.list.am/ru/item/19991374
Кентрон, 3 ком., 68 кв.м., 3/3 этаж	3	450000	68	https://www.list.am/ru/item/20567419
Кентрон, 2 ком., 60 кв.м., 3/5 этаж	2	525200	60	https://www.list.am/ru/item/20567194
Кентрон, 2 ком., 53 кв.м., 2/4 этаж	2	351480	53	https://www.list.am/ru/item/20567192
Кентрон, 3 ком., 90 кв.м., 5/10 этаж	3	300000	90	https://www.list.am/ru/item/20307102
Кентрон, 2 ком., 80 кв.м., 3/4 этаж	2	363600	80	https://www.list.am/ru/item/19175379
Кентрон, 3 ком., 80 кв.м., 1/2 этаж	3	323200	80	https://www.list.am/ru/item/19946242
Кентрон, 2 ком., 56 кв.м., 5/6 этаж	2	550000	56	https://www.list.am/ru/item/20536062
