Нор Норк, 2 ком., 42 кв.м., 3/9 этаж	2	230000	42	https://www.list.am/ru/item/20556002
Нор Норк, 3 ком., 75 кв.м., 8/9 этаж	3	230000	75	https://www.list.am/ru/item/20334465
Нор Норк, 2 ком., 57 кв.м., 5/8 этаж	2	190000	57	https://www.list.am/ru/item/17681260
Нор Норк, 3 ком., 100 кв.м., 1/1 этаж	3	250000	100	https://www.list.am/ru/item/19616245
Нор Норк, 3 ком., 78 кв.м., 5/9 этаж	3	180000	78	https://www.list.am/ru/item/20299126
Нор Норк, 3 ком., 70 кв.м., 6/9 этаж	3	220000	70	https://www.list.am/ru/item/20555219
Нор Норк, 2 ком., 56 кв.м., 5/5 этаж	2	220000	56	https://www.list.am/ru/item/20553295
Нор Норк, 2 ком., 50 кв.м., 2/5 этаж	2	210000	50	https://www.list.am/ru/item/20533997
Нор Норк, 2 ком., 68 кв.м., 9/9 этаж	2	200000	68	https://www.list.am/ru/item/20520331
Нор Норк, 4 ком., 82 кв.м., 1/3 этаж	4	350000	82	https://www.list.am/ru/item/20452542
Нор Норк, 2 ком., 50 кв.м., 2/5 этаж	2	250000	50	https://www.list.am/ru/item/20551256
Нор Норк, 2 ком., 60 кв.м., 5/9 этаж	2	250000	60	https://www.list.am/ru/item/20551195
Нор Норк, 3 ком., 66 кв.м., 2/5 этаж	3	280000	66	https://www.list.am/ru/item/20205997
Нор Норк, 1 ком., 40 кв.м., 3/4 этаж	1	250000	40	https://www.list.am/ru/item/20095733
Нор Норк, 3 ком., 70 кв.м., 1/9 этаж	3	220000	70	https://www.list.am/ru/item/20496430
Нор Норк, 3 ком., 70 кв.м., 5/5 этаж	3	300000	70	https://www.list.am/ru/item/19996571
Нор Норк, 2 ком., 50 кв.м., 2/5 этаж	2	280000	50	https://www.list.am/ru/item/20133119
Нор Норк, 1 ком., 30 кв.м., 3/3 этаж	1	160000	30	https://www.list.am/ru/item/20518287
Нор Норк, 4 ком., 75 кв.м., 1/9 этаж	4	200000	75	https://www.list.am/ru/item/18519830
Нор Норк, 1 ком., 50 кв.м., 5/5 этаж	1	250000	50	https://www.list.am/ru/item/19217218
Нор Норк, 3 ком., 90 кв.м., 5/5 этаж	3	300000	90	https://www.list.am/ru/item/20542888
Нор Норк, 2 ком., 52 кв.м., 1/5 этаж	2	180000	52	https://www.list.am/ru/item/20541998
Нор Норк, 3 ком., 96 кв.м., 5/6 этаж	3	350000	96	https://www.list.am/ru/item/20541898
Нор Норк, 3 ком., 70 кв.м., 7/9 этаж	3	260000	70	https://www.list.am/ru/item/20512459
Нор Норк, 2 ком., 40 кв.м., 7/7 этаж	2	130000	40	https://www.list.am/ru/item/18722475
Нор Норк, 2 ком., 32 кв.м., 5/8 этаж	2	125000	32	https://www.list.am/ru/item/17651331
Нор Норк, 2 ком., 45 кв.м., 4/8 этаж	2	130000	45	https://www.list.am/ru/item/19113931
Нор Норк, 2 ком., 48 кв.м., 2/2 этаж	2	170000	48	https://www.list.am/ru/item/20470954
Нор Норк, 2 ком., 56 кв.м., 5/5 этаж	2	190000	56	https://www.list.am/ru/item/19822402
Нор Норк, 3 ком., 65 кв.м., 3/5 этаж	3	200000	65	https://www.list.am/ru/item/20487625
Нор Норк, 1 ком., 43 кв.м., 12/12 этаж	1	230000	43	https://www.list.am/ru/item/20521391
Нор Норк, 3 ком., 79 кв.м., 2/5 этаж	3	300000	79	https://www.list.am/ru/item/20537589
Нор Норк, 1 ком., 48 кв.м., 3/5 этаж	1	150000	48	https://www.list.am/ru/item/20512551
Нор Норк, 2 ком., 77 кв.м., 4/5 этаж	2	320000	77	https://www.list.am/ru/item/20537485
Нор Норк, 3 ком., 80 кв.м., 9/9 этаж	3	270000	80	https://www.list.am/ru/item/20536995
Нор Норк, 1 ком., 50 кв.м., 9/9 этаж	1	350000	50	https://www.list.am/ru/item/19964423
Нор Норк, 2 ком., 78 кв.м., 1/9 этаж	2	190000	78	https://www.list.am/ru/item/20399105
Нор Норк, 3 ком., 86 кв.м., 7/9 этаж	3	300000	86	https://www.list.am/ru/item/20041497
Нор Норк, 2 ком., 40 кв.м., 2/5 этаж	2	250000	40	https://www.list.am/ru/item/20532891
Нор Норк, 3 ком., 89 кв.м., 5/9 этаж	3	100000	89	https://www.list.am/ru/item/20435508
Нор Норк, 4 ком., 95 кв.м., 6/14 этаж	4	350000	95	https://www.list.am/ru/item/20278755
Нор Норк, 2 ком., 55 кв.м., 2/5 этаж	2	300000	55	https://www.list.am/ru/item/20530261
Нор Норк, 3 ком., 62 кв.м., 6/12 этаж	3	250000	62	https://www.list.am/ru/item/20490848
Нор Норк, 2 ком., 35 кв.м., 1/1 этаж	2	165000	35	https://www.list.am/ru/item/20395144
Нор Норк, 2 ком., 54 кв.м., 4/5 этаж	2	244750	54	https://www.list.am/ru/item/19955073
Нор Норк, 2 ком., 47 кв.м., 6/9 этаж	2	220000	47	https://www.list.am/ru/item/20451523
Нор Норк, 2 ком., 60 кв.м., 5/9 этаж	2	200000	60	https://www.list.am/ru/item/20512340
Нор Норк, 3 ком., 72 кв.м., 6/7 этаж	3	330000	72	https://www.list.am/ru/item/20527300
Нор Норк, 2 ком., 58 кв.м., 3/5 этаж	2	250000	58	https://www.list.am/ru/item/20284179
Нор Норк, 2 ком., 58 кв.м., 3/5 этаж	2	300000	58	https://www.list.am/ru/item/20278795
Нор Норк, 3 ком., 77 кв.м., 3/5 этаж	3	230000	77	https://www.list.am/ru/item/20524587
Нор Норк, 3 ком., 76 кв.м., 1/9 этаж	3	140000	76	https://www.list.am/ru/item/20523321
Нор Норк, 2 ком., 49 кв.м., 3/5 этаж	2	300000	49	https://www.list.am/ru/item/20523128
Нор Норк, 2 ком., 60 кв.м., 2/14 этаж	2	350000	60	https://www.list.am/ru/item/20522994
Нор Норк, 2 ком., 61 кв.м., 8/11 этаж	2	180000	61	https://www.list.am/ru/item/20313810
Нор Норк, 2 ком., 56 кв.м., 3/5 этаж	2	320000	56	https://www.list.am/ru/item/19243777
Нор Норк, 2 ком., 68 кв.м., 2/5 этаж	2	300000	68	https://www.list.am/ru/item/20517875
Нор Норк, 3 ком., 65 кв.м., 2/2 этаж	3	200000	65	https://www.list.am/ru/item/20517720
Нор Норк, 2 ком., 48 кв.м., 12/12 этаж	2	290000	48	https://www.list.am/ru/item/20088864
Нор Норк, 1 ком., 32 кв.м., 2/5 этаж	1	250000	32	https://www.list.am/ru/item/20272352
Нор Норк, 2 ком., 70 кв.м., 2/4 этаж	2	250000	70	https://www.list.am/ru/item/19520767
Нор Норк, 2 ком., 50 кв.м., 1/5 этаж	2	230000	50	https://www.list.am/ru/item/20492523
Нор Норк, 2 ком., 50 кв.м., 2/9 этаж	2	220000	50	https://www.list.am/ru/item/20503904
Нор Норк, 3 ком., 77 кв.м., 2/9 этаж	3	180000	77	https://www.list.am/ru/item/20399656
Нор Норк, 1 ком., 41 кв.м., 3/5 этаж	1	170000	41	https://www.list.am/ru/item/20449739
Нор Норк, 3 ком., 68 кв.м., 9/9 этаж	3	240000	68	https://www.list.am/ru/item/20204138
Нор Норк, 2 ком., 40 кв.м., 3/5 этаж	2	220000	40	https://www.list.am/ru/item/20145616
Нор Норк, 2 ком., 56 кв.м., 1/9 этаж	2	250000	56	https://www.list.am/ru/item/20481210
Нор Норк, 2 ком., 65 кв.м., 1/3 этаж	2	300000	65	https://www.list.am/ru/item/19918030
Нор Норк, 2 ком., 60 кв.м., 5/5 этаж	2	210000	60	https://www.list.am/ru/item/20450157
Нор Норк, 2 ком., 70 кв.м., 4/4 этаж	2	320000	70	https://www.list.am/ru/item/20360923
Нор Норк, 2 ком., 50 кв.м., 2/5 этаж	2	240000	50	https://www.list.am/ru/item/20236670
Нор Норк, 3 ком., 86 кв.м., 3/5 этаж	3	400000	86	https://www.list.am/ru/item/18959372
Нор Норк, 2 ком., 37 кв.м., 14/14 этаж	2	210000	37	https://www.list.am/ru/item/19910290
Нор Норк, 4 ком., 68 кв.м., 7/10 этаж	4	400000	68	https://www.list.am/ru/item/20447735
Нор Норк, 3 ком., 80 кв.м., 3/5 этаж	3	350000	80	https://www.list.am/ru/item/20477707
Нор Норк, 2 ком., 50 кв.м., 1/5 этаж	2	250000	50	https://www.list.am/ru/item/20335375
Нор Норк, 2 ком., 70 кв.м., 2/14 этаж	2	404000	70	https://www.list.am/ru/item/20275066
Нор Норк, 2 ком., 40 кв.м., 5/8 этаж	2	200000	40	https://www.list.am/ru/item/20116729
Нор Норк, 3 ком., 74 кв.м., 1/9 этаж	3	245000	74	https://www.list.am/ru/item/20426815
Нор Норк, 4 ком., 98 кв.м., 1/9 этаж	4	330000	98	https://www.list.am/ru/item/20295666
Нор Норк, 3 ком., 77 кв.м., 1/8 этаж	3	150000	77	https://www.list.am/ru/item/19770549
Нор Норк, 3 ком., 77 кв.м., 1/1 этаж	3	150000	77	https://www.list.am/ru/item/19482130
Нор Норк, 3 ком., 87 кв.м., 5/6 этаж	3	350000	87	https://www.list.am/ru/item/19736554
Нор Норк, 3 ком., 76 кв.м., 5/9 этаж	3	404000	76	https://www.list.am/ru/item/20289705
Нор Норк, 2 ком., 45 кв.м., 12/12 этаж	2	230000	45	https://www.list.am/ru/item/20433696
Нор Норк, 1 ком., 35 кв.м., 5/8 этаж	1	200000	35	https://www.list.am/ru/item/20386087
Нор Норк, 2 ком., 50 кв.м., 3/5 этаж	2	250000	50	https://www.list.am/ru/item/20385638
Нор Норк, 1 ком., 40 кв.м., 5/5 этаж	1	200000	40	https://www.list.am/ru/item/20397804
Нор Норк, 2 ком., 68 кв.м., 2/2 этаж	2	250000	68	https://www.list.am/ru/item/20336218
Нор Норк, 2 ком., 56 кв.м., 9/9 этаж	2	179000	56	https://www.list.am/ru/item/20323787
Нор Норк, 1 ком., 17 кв.м., 4/8 этаж	1	150000	17	https://www.list.am/ru/item/20231125
Нор Норк, 2 ком., 56 кв.м., 6/9 этаж	2	165000	56	https://www.list.am/ru/item/20413629
Нор Норк, 2 ком., 70 кв.м., 1/2 этаж	2	250000	70	https://www.list.am/ru/item/20118815
Нор Норк, 2 ком., 51 кв.м., 4/5 этаж	2	250000	51	https://www.list.am/ru/item/20407756
Нор Норк, 1 ком., 41 кв.м., 2/2 этаж	1	190000	41	https://www.list.am/ru/item/20302221
