Арабкир, 2 ком., 68 кв.м., 14/16 этаж	2	444400	68	https://www.list.am/ru/item/20091179
Арабкир, 2 ком., 70 кв.м., 3/4 этаж	2	250000	70	https://www.list.am/ru/item/19369372
Арабкир, 1 ком., 44 кв.м., 5/5 этаж	1	250000	44	https://www.list.am/ru/item/20378226
Арабкир, 3 ком., 80 кв.м., 1/5 этаж	3	400000	80	https://www.list.am/ru/item/20472545
Арабкир, 4 ком., 95 кв.м., 1/8 этаж	4	700000	95	https://www.list.am/ru/item/20256827
Арабкир, 1 ком., 40 кв.м., 2/5 этаж	1	200000	40	https://www.list.am/ru/item/17627775
Арабкир, 2 ком., 45 кв.м., 2/5 этаж	2	350000	45	https://www.list.am/ru/item/20453159
Арабкир, 3 ком., 81 кв.м., 12/12 этаж	3	440000	81	https://www.list.am/ru/item/20444002
Арабкир, 2 ком., 50 кв.м., 5/5 этаж	2	300000	50	https://www.list.am/ru/item/19870516
Арабкир, 3 ком., 90 кв.м., 4/5 этаж	3	400000	90	https://www.list.am/ru/item/20372392
Арабкир, 5 ком., 165 кв.м., 4/4 этаж	5	100000	165	https://www.list.am/ru/item/17491120
Арабкир, 3 ком., 68 кв.м., 2/5 этаж	3	310000	68	https://www.list.am/ru/item/20436327
Арабкир, 4 ком., 78 кв.м., 7/10 этаж	4	400000	78	https://www.list.am/ru/item/20449226
Арабкир, 2 ком., 55 кв.м., 5/9 этаж	2	330000	55	https://www.list.am/ru/item/19926040
Арабкир, 2 ком., 52 кв.м., 4/5 этаж	2	250000	52	https://www.list.am/ru/item/20232864
Арабкир, 3 ком., 72 кв.м., 8/9 этаж	3	404000	72	https://www.list.am/ru/item/20218749
Арабкир, 2 ком., 54 кв.м., 2/2 этаж	2	250000	54	https://www.list.am/ru/item/20074864
Арабкир, 3 ком., 70 кв.м., 8/9 этаж	3	525200	70	https://www.list.am/ru/item/20436223
Арабкир, 2 ком., 45 кв.м., 3/5 этаж	2	300000	45	https://www.list.am/ru/item/20395955
Арабкир, 2 ком., 35 кв.м., 3/5 этаж	2	330000	35	https://www.list.am/ru/item/19719778
Арабкир, 1 ком., 44 кв.м., 3/5 этаж	1	220000	44	https://www.list.am/ru/item/20063305
Арабкир, 2 ком., 65 кв.м., 2/5 этаж	2	350000	65	https://www.list.am/ru/item/20265450
Арабкир, 3 ком., 70 кв.м., 15/16 этаж	3	404000	70	https://www.list.am/ru/item/20166508
Арабкир, 4 ком., 127 кв.м., 1/10 этаж	4	750000	127	https://www.list.am/ru/item/19826974
Арабкир, 2 ком., 40 кв.м., 2/5 этаж	2	400000	40	https://www.list.am/ru/item/20268285
Арабкир, 2 ком., 56 кв.м., 2/5 этаж	2	320000	56	https://www.list.am/ru/item/18096214
Арабкир, 3 ком., 85 кв.м., 6/8 этаж	3	450000	85	https://www.list.am/ru/item/20198811
Арабкир, 2 ком., 40 кв.м., 1/5 этаж	2	200000	40	https://www.list.am/ru/item/20303460
Арабкир, 3 ком., 64 кв.м., 5/16 этаж	3	525200	64	https://www.list.am/ru/item/20330378
Арабкир, 3 ком., 107 кв.м., 7/9 этаж	3	470000	107	https://www.list.am/ru/item/20296360
Арабкир, 3 ком., 90 кв.м., 12/15 этаж	3	420000	90	https://www.list.am/ru/item/20370815
Арабкир, 3 ком., 80 кв.м., 3/9 этаж	3	420000	80	https://www.list.am/ru/item/20435808
Арабкир, 2 ком., 48 кв.м., 3/5 этаж	2	400000	48	https://www.list.am/ru/item/20389497
Арабкир, 3 ком., 54 кв.м., 4/5 этаж	3	260000	54	https://www.list.am/ru/item/20471530
Арабкир, 1 ком., 27 кв.м., 1/5 этаж	1	180000	27	https://www.list.am/ru/item/20471527
Арабкир, 2 ком., 56 кв.м., 2/5 этаж	2	300000	56	https://www.list.am/ru/item/20302226
Арабкир, 1 ком., 56 кв.м., 3/5 этаж	1	270000	56	https://www.list.am/ru/item/20420680
Арабкир, 2 ком., 50 кв.м., 2/5 этаж	2	190000	50	https://www.list.am/ru/item/20471451
Арабкир, 1 ком., 48 кв.м., 1/1 этаж	1	195000	48	https://www.list.am/ru/item/19938206
Арабкир, 2 ком., 40 кв.м., 2/5 этаж	2	250000	40	https://www.list.am/ru/item/20428902
Арабкир, 2 ком., 50 кв.м., 1/9 этаж	2	260000	50	https://www.list.am/ru/item/20223064
Арабкир, 2 ком., 65 кв.м., 7/16 этаж	2	290000	65	https://www.list.am/ru/item/20227958
Арабкир, 2 ком., 63 кв.м., 5/5 этаж	2	360000	63	https://www.list.am/ru/item/20440282
Арабкир, 2 ком., 60 кв.м., 8/14 этаж	2	370000	60	https://www.list.am/ru/item/20265042
Арабкир, 3 ком., 90 кв.м., 3/5 этаж	3	330000	90	https://www.list.am/ru/item/20311884
Арабкир, 1 ком., 36 кв.м., 5/5 этаж	1	330000	36	https://www.list.am/ru/item/20206830
Арабкир, 3 ком., 70 кв.м., 2/5 этаж	3	280000	70	https://www.list.am/ru/item/20471406
Арабкир, 2 ком., 81 кв.м., 4/10 этаж	2	280000	81	https://www.list.am/ru/item/20259280
Арабкир, 2 ком., 50 кв.м., 3/5 этаж	2	300000	50	https://www.list.am/ru/item/20377797
Арабкир, 1 ком., 40 кв.м., 5/5 этаж	1	210000	40	https://www.list.am/ru/item/20307258
Арабкир, 4 ком., 80 кв.м., 2/3 этаж	4	290000	80	https://www.list.am/ru/item/20242060
Арабкир, 2 ком., 65 кв.м., 9/9 этаж	2	300000	65	https://www.list.am/ru/item/20435784
Арабкир, 2 ком., 45 кв.м., 5/5 этаж	2	250000	45	https://www.list.am/ru/item/20458149
Арабкир, 1 ком., 27 кв.м., 2/9 этаж	1	300000	27	https://www.list.am/ru/item/20126795
Арабкир, 2 ком., 50 кв.м., 8/8 этаж	2	320000	50	https://www.list.am/ru/item/20448425
Арабкир, 2 ком., 30 кв.м., 1/2 этаж	2	190000	30	https://www.list.am/ru/item/20440240
Арабкир, 1 ком., 38 кв.м., 2/5 этаж	1	220000	38	https://www.list.am/ru/item/20210143
Арабкир, 2 ком., 50 кв.м., 3/5 этаж	2	280000	50	https://www.list.am/ru/item/20458384
Арабкир, 3 ком., 80 кв.м., 1/6 этаж	3	650000	80	https://www.list.am/ru/item/20203779
Арабкир, 4 ком., 95 кв.м., 2/9 этаж	4	360000	95	https://www.list.am/ru/item/20216629
Арабкир, 2 ком., 55 кв.м., 2/5 этаж	2	280000	55	https://www.list.am/ru/item/20009076
Арабкир, 2 ком., 70 кв.м., 8/15 этаж	2	404000	70	https://www.list.am/ru/item/20322838
Арабкир, 3 ком., 75 кв.м., 14/15 этаж	3	450000	75	https://www.list.am/ru/item/20270802
Арабкир, 4 ком., 80 кв.м., 3/5 этаж	4	370000	80	https://www.list.am/ru/item/20309274
Арабкир, 1 ком., 45 кв.м., 6/9 этаж	1	225000	45	https://www.list.am/ru/item/20408064
Арабкир, 5 ком., 100 кв.м., 8/9 этаж	5	600000	100	https://www.list.am/ru/item/20456140
Арабкир, 2 ком., 40 кв.м., 4/9 этаж	2	280000	40	https://www.list.am/ru/item/18926212
Арабкир, 2 ком., 45 кв.м., 6/7 этаж	2	275000	45	https://www.list.am/ru/item/18816511
Арабкир, 2 ком., 43 кв.м., 3/5 этаж	2	350000	43	https://www.list.am/ru/item/20389779
Арабкир, 2 ком., 78 кв.м., 6/6 этаж	2	444400	78	https://www.list.am/ru/item/17666103
Арабкир, 2 ком., 60 кв.м., 4/5 этаж	2	404000	60	https://www.list.am/ru/item/20415458
Арабкир, 2 ком., 65 кв.м., 5/9 этаж	2	210000	65	https://www.list.am/ru/item/19832074
Арабкир, 2 ком., 55 кв.м., 4/4 этаж	2	320000	55	https://www.list.am/ru/item/20460509
Арабкир, 2 ком., 56 кв.м., 10/14 этаж	2	420000	56	https://www.list.am/ru/item/20470692
Арабкир, 3 ком., 100 кв.м., 2/5 этаж	3	320000	100	https://www.list.am/ru/item/20263277
Арабкир, 3 ком., 100 кв.м., 9/9 этаж	3	320000	100	https://www.list.am/ru/item/20409110
Арабкир, 3 ком., 70 кв.м., 7/9 этаж	3	380000	70	https://www.list.am/ru/item/20470614
Арабкир, 3 ком., 63 кв.м., 3/5 этаж	3	323200	63	https://www.list.am/ru/item/18657701
Арабкир, 4 ком., 184 кв.м., 2/4 этаж	4	808000	184	https://www.list.am/ru/item/20360840
Арабкир, 2 ком., 65 кв.м., 6/8 этаж	2	350000	65	https://www.list.am/ru/item/20089967
Арабкир, 4 ком., 104 кв.м., 9/14 этаж	4	400000	104	https://www.list.am/ru/item/20265967
Арабкир, 2 ком., 87 кв.м., 6/9 этаж	2	391880	87	https://www.list.am/ru/item/20445924
Арабкир, 3 ком., 68 кв.м., 12/18 этаж	3	565600	68	https://www.list.am/ru/item/20422468
Арабкир, 2 ком., 50 кв.м., 6/9 этаж	2	300000	50	https://www.list.am/ru/item/20137510
Арабкир, 4 ком., 90 кв.м., 4/6 этаж	4	700000	90	https://www.list.am/ru/item/20340811
Арабкир, 2 ком., 68 кв.м., 4/15 этаж	2	450000	68	https://www.list.am/ru/item/20344495
Арабкир, 2 ком., 60 кв.м., 10/15 этаж	2	404000	60	https://www.list.am/ru/item/20280952
Арабкир, 2 ком., 51 кв.м., 17/19 этаж	2	383800	51	https://www.list.am/ru/item/20073613
Арабкир, 4 ком., 130 кв.м., 3/4 этаж	4	565600	130	https://www.list.am/ru/item/20344122
Арабкир, 2 ком., 40 кв.м., 1/5 этаж	2	280000	40	https://www.list.am/ru/item/20335186
Арабкир, 2 ком., 56 кв.м., 7/9 этаж	2	280000	56	https://www.list.am/ru/item/20184565
Арабкир, 2 ком., 50 кв.м., 1/5 этаж	2	240000	50	https://www.list.am/ru/item/20157436
Арабкир, 2 ком., 47 кв.м., 1/5 этаж	2	230000	47	https://www.list.am/ru/item/20146057
Арабкир, 4 ком., 100 кв.м., 2/12 этаж	4	400000	100	https://www.list.am/ru/item/20470226
Арабкир, 4 ком., 139 кв.м., 3/13 этаж	4	700000	139	https://www.list.am/ru/item/20285839
Арабкир, 4 ком., 121 кв.м., 4/8 этаж	4	727200	121	https://www.list.am/ru/item/20227868
Арабкир, 3 ком., 125 кв.м., 5/19 этаж	3	520000	125	https://www.list.am/ru/item/20223009
Арабкир, 2 ком., 47 кв.м., 2/4 этаж	2	400000	47	https://www.list.am/ru/item/20222561
Арабкир, 3 ком., 74 кв.м., 1/16 этаж	3	303000	74	https://www.list.am/ru/item/20218731
Арабкир, 2 ком., 55 кв.м., 2/5 этаж	2	300000	55	https://www.list.am/ru/item/19990577
Арабкир, 2 ком., 56 кв.м., 1/9 этаж	2	250000	56	https://www.list.am/ru/item/20041318
Арабкир, 2 ком., 70 кв.м., 2/5 этаж	2	350000	70	https://www.list.am/ru/item/20216352
Арабкир, 4 ком., 129 кв.м., 3/12 этаж	4	808000	129	https://www.list.am/ru/item/20216302
Арабкир, 5 ком., 100 кв.м., 1/5 этаж	5	400000	100	https://www.list.am/ru/item/20164560
Арабкир, 3 ком., 90 кв.м., 10/17 этаж	3	565600	90	https://www.list.am/ru/item/20261069
Арабкир, 2 ком., 47 кв.м., 2/8 этаж	2	350000	47	https://www.list.am/ru/item/20332844
Арабкир, 3 ком., 81 кв.м., 4/13 этаж	3	550000	81	https://www.list.am/ru/item/20470153
Арабкир, 1 ком., 20 кв.м., 1/16 этаж	1	150000	20	https://www.list.am/ru/item/20149469
Арабкир, 3 ком., 100 кв.м., 2/6 этаж	3	450000	100	https://www.list.am/ru/item/19643844
Арабкир, 2 ком., 60 кв.м., 5/14 этаж	2	350000	60	https://www.list.am/ru/item/20453247
Арабкир, 2 ком., 38 кв.м., 4/4 этаж	2	282800	38	https://www.list.am/ru/item/20323589
Арабкир, 2 ком., 45 кв.м., 3/3 этаж	2	444400	45	https://www.list.am/ru/item/19761403
Арабкир, 2 ком., 46 кв.м., 12/15 этаж	2	300000	46	https://www.list.am/ru/item/20399033
Арабкир, 2 ком., 41 кв.м., 2/5 этаж	2	250000	41	https://www.list.am/ru/item/20138403
Арабкир, 2 ком., 47 кв.м., 1/5 этаж	2	250000	47	https://www.list.am/ru/item/20219794
Арабкир, 3 ком., 65 кв.м., 3/5 этаж	3	240000	65	https://www.list.am/ru/item/20408988
Арабкир, 2 ком., 45 кв.м., 9/9 этаж	2	323200	45	https://www.list.am/ru/item/20157572
Арабкир, 2 ком., 64 кв.м., 3/5 этаж	2	350000	64	https://www.list.am/ru/item/20404441
Арабкир, 1 ком., 25 кв.м., 1/12 этаж	1	260000	25	https://www.list.am/ru/item/20004183
Арабкир, 3 ком., 70 кв.м., 3/5 этаж	3	280000	70	https://www.list.am/ru/item/20204527
Арабкир, 4 ком., 130 кв.м., 2/5 этаж	4	400000	130	https://www.list.am/ru/item/17118825
Арабкир, 2 ком., 43 кв.м., 5/9 этаж	2	550000	43	https://www.list.am/ru/item/19066005
Арабкир, 2 ком., 70 кв.м., 9/12 этаж	2	280000	70	https://www.list.am/ru/item/19324681
Арабкир, 2 ком., 57 кв.м., 6/14 этаж	2	404000	57	https://www.list.am/ru/item/20443981
Арабкир, 2 ком., 47 кв.м., 3/5 этаж	2	300000	47	https://www.list.am/ru/item/20422336
Арабкир, 3 ком., 75 кв.м., 5/5 этаж	3	450000	75	https://www.list.am/ru/item/19448862
Арабкир, 2 ком., 65 кв.м., 3/3 этаж	2	200000	65	https://www.list.am/ru/item/20368491
Арабкир, 2 ком., 46 кв.м., 5/8 этаж	2	270000	46	https://www.list.am/ru/item/19584587
Арабкир, 2 ком., 48 кв.м., 7/10 этаж	2	280000	48	https://www.list.am/ru/item/19560625
Арабкир, 2 ком., 52 кв.м., 7/10 этаж	2	280000	52	https://www.list.am/ru/item/20425267
Арабкир, 2 ком., 60 кв.м., 10/10 этаж	2	320000	60	https://www.list.am/ru/item/20010652
Арабкир, 3 ком., 90 кв.м., 5/5 этаж	3	300000	90	https://www.list.am/ru/item/20366081
Арабкир, 3 ком., 91 кв.м., 3/8 этаж	3	449000	91	https://www.list.am/ru/item/20196922
Арабкир, 2 ком., 50 кв.м., 1/5 этаж	2	300000	50	https://www.list.am/ru/item/20353783
Арабкир, 2 ком., 59 кв.м., 5/14 этаж	2	350000	59	https://www.list.am/ru/item/20400933
Арабкир, 3 ком., 96 кв.м., 2/9 этаж	3	500000	96	https://www.list.am/ru/item/20238250
Арабкир, 2 ком., 60 кв.м., 4/10 этаж	2	520000	60	https://www.list.am/ru/item/20194019
Арабкир, 2 ком., 45 кв.м., 2/9 этаж	2	330000	45	https://www.list.am/ru/item/20330963
Арабкир, 2 ком., 45 кв.м., 3/5 этаж	2	300000	45	https://www.list.am/ru/item/20403932
Арабкир, 3 ком., 73 кв.м., 6/6 этаж	3	380000	73	https://www.list.am/ru/item/20452700
Арабкир, 2 ком., 46 кв.м., 4/5 этаж	2	250000	46	https://www.list.am/ru/item/20430199
Арабкир, 2 ком., 50 кв.м., 5/5 этаж	2	280000	50	https://www.list.am/ru/item/20230391
Арабкир, 3 ком., 92 кв.м., 5/16 этаж	3	300000	92	https://www.list.am/ru/item/20291472
Арабкир, 1 ком., 25 кв.м., 1/1 этаж	1	200000	25	https://www.list.am/ru/item/20453878
Арабкир, 2 ком., 45 кв.м., 2/4 этаж	2	444400	45	https://www.list.am/ru/item/20442938
Арабкир, 3 ком., 98 кв.м., 3/5 этаж	3	400000	98	https://www.list.am/ru/item/18374407
Арабкир, 2 ком., 73 кв.м., 2/9 этаж	2	340000	73	https://www.list.am/ru/item/20468710
Арабкир, 3 ком., 96 кв.м., 2/9 этаж	3	500000	96	https://www.list.am/ru/item/20257703
Арабкир, 2 ком., 65 кв.м., 6/6 этаж	2	260000	65	https://www.list.am/ru/item/20344465
Арабкир, 3 ком., 90 кв.м., 1/5 этаж	3	380000	90	https://www.list.am/ru/item/20372072
Арабкир, 2 ком., 50 кв.м., 7/17 этаж	2	363600	50	https://www.list.am/ru/item/19244798
Арабкир, 1 ком., 33 кв.м., 2/4 этаж	1	230000	33	https://www.list.am/ru/item/20468570
Арабкир, 3 ком., 90 кв.м., 4/8 этаж	3	420000	90	https://www.list.am/ru/item/19847102
Арабкир, 2 ком., 70 кв.м., 8/17 этаж	2	550000	70	https://www.list.am/ru/item/20320500
Арабкир, 2 ком., 42 кв.м., 7/8 этаж	2	280000	42	https://www.list.am/ru/item/20310502
Арабкир, 2 ком., 56 кв.м., 4/9 этаж	2	500000	56	https://www.list.am/ru/item/19959618
Арабкир, 2 ком., 32 кв.м., 3/4 этаж	2	300000	32	https://www.list.am/ru/item/19863715
Арабкир, 3 ком., 97 кв.м., 4/7 этаж	3	450000	97	https://www.list.am/ru/item/19883345
Арабкир, 5 ком., 155 кв.м., 12/14 этаж	5	969600	155	https://www.list.am/ru/item/19423918
Арабкир, 3 ком., 85 кв.м., 4/9 этаж	3	450000	85	https://www.list.am/ru/item/19457018
Арабкир, 3 ком., 80 кв.м., 9/14 этаж	3	450000	80	https://www.list.am/ru/item/20354969
Арабкир, 2 ком., 52 кв.м., 10/14 этаж	2	370000	52	https://www.list.am/ru/item/20426753
Арабкир, 4 ком., 80 кв.м., 3/5 этаж	4	400000	80	https://www.list.am/ru/item/18565247
Арабкир, 1 ком., 45 кв.м., 2/5 этаж	1	220000	45	https://www.list.am/ru/item/17815174
Арабкир, 1 ком., 48 кв.м., 1/6 этаж	1	290000	48	https://www.list.am/ru/item/18203764
Арабкир, 3 ком., 70 кв.м., 1/9 этаж	3	370000	70	https://www.list.am/ru/item/20149275
Арабкир, 2 ком., 65 кв.м., 7/12 этаж	2	359560	65	https://www.list.am/ru/item/19218604
Арабкир, 2 ком., 70 кв.м., 3/3 этаж	2	320000	70	https://www.list.am/ru/item/19711313
Арабкир, 1 ком., 50 кв.м., 7/9 этаж	1	190000	50	https://www.list.am/ru/item/20401789
Арабкир, 3 ком., 85 кв.м., 4/5 этаж	3	400000	85	https://www.list.am/ru/item/20193748
Арабкир, 2 ком., 60 кв.м., 11/13 этаж	2	500000	60	https://www.list.am/ru/item/20433613
Арабкир, 3 ком., 100 кв.м., 4/4 этаж	3	420000	100	https://www.list.am/ru/item/20452093
Арабкир, 4 ком., 150 кв.м., 2/3 этаж	4	775000	150	https://www.list.am/ru/item/20354433
Арабкир, 3 ком., 78 кв.м., 5/5 этаж	3	262600	78	https://www.list.am/ru/item/20409106
Арабкир, 3 ком., 68 кв.м., 2/5 этаж	3	310000	68	https://www.list.am/ru/item/20457084
Арабкир, 2 ком., 44 кв.м., 2/3 этаж	2	280000	44	https://www.list.am/ru/item/20311916
Арабкир, 3 ком., 101 кв.м., 4/11 этаж	3	420000	101	https://www.list.am/ru/item/19924598
Арабкир, 1 ком., 46 кв.м., 1/5 этаж	1	290000	46	https://www.list.am/ru/item/20422469
Арабкир, 1 ком., 30 кв.м., 3/5 этаж	1	160000	30	https://www.list.am/ru/item/20366755
Арабкир, 6 ком., 240 кв.м., 6/6 этаж	6	600000	240	https://www.list.am/ru/item/20290939
Арабкир, 2 ком., 41 кв.м., 2/3 этаж	2	170000	41	https://www.list.am/ru/item/20454559
Арабкир, 3 ком., 98 кв.м., 5/5 этаж	3	450000	98	https://www.list.am/ru/item/19346349
Арабкир, 2 ком., 45 кв.м., 1/12 этаж	2	339000	45	https://www.list.am/ru/item/19268624
Арабкир, 3 ком., 86 кв.м., 3/5 этаж	3	250000	86	https://www.list.am/ru/item/20372284
Арабкир, 2 ком., 68 кв.м., 4/5 этаж	2	300000	68	https://www.list.am/ru/item/20413333
Арабкир, 2 ком., 62 кв.м., 3/17 этаж	2	800000	62	https://www.list.am/ru/item/19821011
Арабкир, 4 ком., 110 кв.м., 2/5 этаж	4	606000	110	https://www.list.am/ru/item/19867144
Арабкир, 1 ком., 30 кв.м., 3/5 этаж	1	230000	30	https://www.list.am/ru/item/20331944
Арабкир, 2 ком., 50 кв.м., 7/10 этаж	2	280000	50	https://www.list.am/ru/item/18419727
Арабкир, 3 ком., 100 кв.м., 17/17 этаж	3	767600	100	https://www.list.am/ru/item/20059486
Арабкир, 2 ком., 81 кв.м., 6/18 этаж	2	300000	81	https://www.list.am/ru/item/20332548
Арабкир, 2 ком., 30 кв.м., 4/4 этаж	2	200000	30	https://www.list.am/ru/item/20285416
Арабкир, 1 ком., 30 кв.м., 4/4 этаж	1	200000	30	https://www.list.am/ru/item/20397896
Арабкир, 4 ком., 100 кв.м., 4/4 этаж	4	330000	100	https://www.list.am/ru/item/19858375
Арабкир, 3 ком., 78 кв.м., 1/5 этаж	3	320000	78	https://www.list.am/ru/item/19386086
Арабкир, 4 ком., 126 кв.м., 8/8 этаж	4	400000	126	https://www.list.am/ru/item/19479770
Арабкир, 3 ком., 80 кв.м., 6/9 этаж	3	350000	80	https://www.list.am/ru/item/20027463
Арабкир, 3 ком., 70 кв.м., 3/4 этаж	3	380000	70	https://www.list.am/ru/item/20104138
Арабкир, 3 ком., 127 кв.м., 14/17 этаж	3	530000	127	https://www.list.am/ru/item/20352923
Арабкир, 3 ком., 96 кв.м., 3/10 этаж	3	250000	96	https://www.list.am/ru/item/20410998
Арабкир, 1 ком., 43 кв.м., 6/9 этаж	1	250000	43	https://www.list.am/ru/item/20432357
Арабкир, 4 ком., 101 кв.м., 4/7 этаж	4	650000	101	https://www.list.am/ru/item/20436016
Арабкир, 2 ком., 38 кв.м., 4/4 этаж	2	282800	38	https://www.list.am/ru/item/20255900
Арабкир, 3 ком., 70 кв.м., 6/6 этаж	3	255000	70	https://www.list.am/ru/item/20412186
Арабкир, 1 ком., 41 кв.м., 2/5 этаж	1	250000	41	https://www.list.am/ru/item/20464958
Арабкир, 4 ком., 105 кв.м., 6/7 этаж	4	500000	105	https://www.list.am/ru/item/19956315
Арабкир, 3 ком., 78 кв.м., 2/5 этаж	3	280000	78	https://www.list.am/ru/item/20414586
Арабкир, 2 ком., 38 кв.м., 4/4 этаж	2	343400	38	https://www.list.am/ru/item/20084601
Арабкир, 1 ком., 32 кв.м., 4/5 этаж	1	200000	32	https://www.list.am/ru/item/20475168
Арабкир, 3 ком., 82 кв.м., 2/3 этаж	3	300000	82	https://www.list.am/ru/item/20334208
Арабкир, 4 ком., 75 кв.м., 1/5 этаж	4	350000	75	https://www.list.am/ru/item/20116449
Арабкир, 3 ком., 80 кв.м., 14/14 этаж	3	450000	80	https://www.list.am/ru/item/20269507
Арабкир, 3 ком., 76 кв.м., 5/5 этаж	3	300000	76	https://www.list.am/ru/item/20371713
Арабкир, 3 ком., 74 кв.м., 3/3 этаж	3	530000	74	https://www.list.am/ru/item/20340113
Арабкир, 3 ком., 77 кв.м., 2/8 этаж	3	450000	77	https://www.list.am/ru/item/18871183
Арабкир, 2 ком., 50 кв.м., 2/9 этаж	2	220000	50	https://www.list.am/ru/item/20444418
Арабкир, 3 ком., 70 кв.м., 1/9 этаж	3	400000	70	https://www.list.am/ru/item/20146083
Арабкир, 2 ком., 51 кв.м., 7/18 этаж	2	363600	51	https://www.list.am/ru/item/19244126
Арабкир, 3 ком., 70 кв.м., 3/14 этаж	3	606000	70	https://www.list.am/ru/item/19066184
Арабкир, 2 ком., 55 кв.м., 11/13 этаж	2	290000	55	https://www.list.am/ru/item/20332858
Арабкир, 1 ком., 42 кв.м., 9/9 этаж	1	250000	42	https://www.list.am/ru/item/18817300
Арабкир, 3 ком., 75 кв.м., 4/4 этаж	3	400000	75	https://www.list.am/ru/item/20449874
Арабкир, 2 ком., 45 кв.м., 1/4 этаж	2	320000	45	https://www.list.am/ru/item/20464684
Арабкир, 3 ком., 78 кв.м., 14/14 этаж	3	323200	78	https://www.list.am/ru/item/19568147
Арабкир, 2 ком., 43 кв.м., 4/5 этаж	2	363600	43	https://www.list.am/ru/item/20381587
Арабкир, 3 ком., 80 кв.м., 1/12 этаж	3	320000	80	https://www.list.am/ru/item/20256102
Арабкир, 2 ком., 64 кв.м., 4/14 этаж	2	363600	64	https://www.list.am/ru/item/20422337
Арабкир, 2 ком., 50 кв.м., 1/5 этаж	2	350000	50	https://www.list.am/ru/item/20408852
Арабкир, 1 ком., 42 кв.м., 2/5 этаж	1	200000	42	https://www.list.am/ru/item/18451398
Арабкир, 2 ком., 50 кв.м., 6/9 этаж	2	250000	50	https://www.list.am/ru/item/20335272
Арабкир, 2 ком., 65 кв.м., 7/9 этаж	2	242400	65	https://www.list.am/ru/item/20298862
Арабкир, 3 ком., 151 кв.м., 1/1 этаж	3	444400	151	https://www.list.am/ru/item/19920704
Арабкир, 2 ком., 42 кв.м., 7/8 этаж	2	300000	42	https://www.list.am/ru/item/20420099
Арабкир, 2 ком., 45 кв.м., 12/15 этаж	2	280000	45	https://www.list.am/ru/item/20461435
Арабкир, 3 ком., 90 кв.м., 4/7 этаж	3	260000	90	https://www.list.am/ru/item/19972668
Арабкир, 1 ком., 30 кв.м., 3/5 этаж	1	200000	30	https://www.list.am/ru/item/19002954
Арабкир, 2 ком., 50 кв.м., 1/1 этаж	2	200000	50	https://www.list.am/ru/item/20377463
Арабкир, 3 ком., 75 кв.м., 4/9 этаж	3	400000	75	https://www.list.am/ru/item/20353589
Арабкир, 2 ком., 66 кв.м., 7/9 этаж	2	270000	66	https://www.list.am/ru/item/20474267
Арабкир, 2 ком., 45 кв.м., 4/8 этаж	2	300000	45	https://www.list.am/ru/item/20350562
Арабкир, 2 ком., 40 кв.м., 1/5 этаж	2	250000	40	https://www.list.am/ru/item/20243832
Арабкир, 3 ком., 90 кв.м., 1/6 этаж	3	525200	90	https://www.list.am/ru/item/18661457
Арабкир, 2 ком., 70 кв.м., 4/4 этаж	2	350000	70	https://www.list.am/ru/item/20235744
Арабкир, 3 ком., 95 кв.м., 3/7 этаж	3	380000	95	https://www.list.am/ru/item/20339952
Арабкир, 4 ком., 80 кв.м., 2/18 этаж	4	500000	80	https://www.list.am/ru/item/20397920
Арабкир, 2 ком., 60 кв.м., 4/9 этаж	2	525200	60	https://www.list.am/ru/item/20447986
Арабкир, 2 ком., 56 кв.м., 8/10 этаж	2	280000	56	https://www.list.am/ru/item/20198735
Арабкир, 2 ком., 71 кв.м., 7/9 этаж	2	400000	71	https://www.list.am/ru/item/20285567
Арабкир, 3 ком., 90 кв.м., 4/13 этаж	3	727200	90	https://www.list.am/ru/item/20349481
Арабкир, 1 ком., 50 кв.м., 6/7 этаж	1	330000	50	https://www.list.am/ru/item/20388419
Арабкир, 2 ком., 40 кв.м., 4/4 этаж	2	282800	40	https://www.list.am/ru/item/17811666
Арабкир, 3 ком., 125 кв.м., 4/4 этаж	3	450000	125	https://www.list.am/ru/item/20339925
Арабкир, 1 ком., 26 кв.м., 4/5 этаж	1	150000	26	https://www.list.am/ru/item/20462538
Арабкир, 2 ком., 71 кв.м., 10/16 этаж	2	20000	71	https://www.list.am/ru/item/20426225
Арабкир, 3 ком., 80 кв.м., 2/5 этаж	3	380000	80	https://www.list.am/ru/item/20269192
Арабкир, 4 ком., 80 кв.м., 2/18 этаж	4	420000	80	https://www.list.am/ru/item/20425532
Арабкир, 3 ком., 100 кв.м., 2/6 этаж	3	450000	100	https://www.list.am/ru/item/19975495
Арабкир, 2 ком., 45 кв.м., 3/3 этаж	2	444400	45	https://www.list.am/ru/item/19853738
Арабкир, 3 ком., 74 кв.м., 12/16 этаж	3	350000	74	https://www.list.am/ru/item/20349402
Арабкир, 3 ком., 62 кв.м., 7/9 этаж	3	300000	62	https://www.list.am/ru/item/20418962
Арабкир, 2 ком., 50 кв.м., 3/5 этаж	2	250000	50	https://www.list.am/ru/item/20376337
Арабкир, 3 ком., 76 кв.м., 7/9 этаж	3	350000	76	https://www.list.am/ru/item/20473493
Арабкир, 2 ком., 56 кв.м., 2/5 этаж	2	320000	56	https://www.list.am/ru/item/18519782
Арабкир, 2 ком., 72 кв.м., 4/9 этаж	2	400000	72	https://www.list.am/ru/item/20396104
Арабкир, 2 ком., 68 кв.м., 4/4 этаж	2	444400	68	https://www.list.am/ru/item/18911105
Арабкир, 1 ком., 35 кв.м., 3/5 этаж	1	160000	35	https://www.list.am/ru/item/19940799
Арабкир, 3 ком., 60 кв.м., 1/5 этаж	3	300000	60	https://www.list.am/ru/item/19981909
Арабкир, 2 ком., 52 кв.м., 6/10 этаж	2	350000	52	https://www.list.am/ru/item/20373425
Арабкир, 1 ком., 42 кв.м., 4/5 этаж	1	165000	42	https://www.list.am/ru/item/20373699
Арабкир, 1 ком., 40 кв.м., 5/5 этаж	1	200000	40	https://www.list.am/ru/item/20238358
Арабкир, 3 ком., 90 кв.м., 2/9 этаж	3	650000	90	https://www.list.am/ru/item/20221514
Арабкир, 2 ком., 54 кв.м., 5/16 этаж	2	260000	54	https://www.list.am/ru/item/20119175
Арабкир, 3 ком., 75 кв.м., 1/5 этаж	3	320000	75	https://www.list.am/ru/item/19407901
Арабкир, 5 ком., 153 кв.м., 12/14 этаж	5	969600	153	https://www.list.am/ru/item/19887529
Арабкир, 2 ком., 42 кв.м., 4/5 этаж	2	350000	42	https://www.list.am/ru/item/20401767
Арабкир, 3 ком., 96 кв.м., 7/12 этаж	3	600000	96	https://www.list.am/ru/item/20183895
Арабкир, 2 ком., 56 кв.м., 3/14 этаж	2	305000	56	https://www.list.am/ru/item/20329410
Арабкир, 2 ком., 64 кв.м., 2/3 этаж	2	250000	64	https://www.list.am/ru/item/20395279
Арабкир, 1 ком., 38 кв.м., 4/4 этаж	1	280000	38	https://www.list.am/ru/item/20294118
Арабкир, 1 ком., 31 кв.м., 4/5 этаж	1	190000	31	https://www.list.am/ru/item/20327109
Арабкир, 4 ком., 90 кв.м., 4/5 этаж	4	727200	90	https://www.list.am/ru/item/20219417
Арабкир, 2 ком., 45 кв.м., 6/8 этаж	2	260000	45	https://www.list.am/ru/item/20359909
Арабкир, 2 ком., 68 кв.м., 9/9 этаж	2	250000	68	https://www.list.am/ru/item/18160880
Арабкир, 3 ком., 73 кв.м., 3/5 этаж	3	400000	73	https://www.list.am/ru/item/20403972
Арабкир, 2 ком., 57 кв.м., 4/5 этаж	2	250000	57	https://www.list.am/ru/item/20456173
Арабкир, 3 ком., 110 кв.м., 4/5 этаж	3	330000	110	https://www.list.am/ru/item/20125932
Арабкир, 1 ком., 40 кв.м., 2/5 этаж	1	400000	40	https://www.list.am/ru/item/20076118
Арабкир, 1 ком., 300 кв.м., 1/4 этаж	1	230000	300	https://www.list.am/ru/item/20266998
Арабкир, 1 ком., 46 кв.м., 2/3 этаж	1	170000	46	https://www.list.am/ru/item/20186269
Арабкир, 1 ком., 43 кв.м., 1/2 этаж	1	170000	43	https://www.list.am/ru/item/20186420
Арабкир, 3 ком., 100 кв.м., 17/18 этаж	3	430000	100	https://www.list.am/ru/item/19598727
Арабкир, 2 ком., 100 кв.м., 4/5 этаж	2	606000	100	https://www.list.am/ru/item/20271022
Арабкир, 3 ком., 80 кв.м., 3/5 этаж	3	260000	80	https://www.list.am/ru/item/20293343
Арабкир, 2 ком., 65 кв.м., 4/9 этаж	2	300000	65	https://www.list.am/ru/item/20285540
Арабкир, 1 ком., 40 кв.м., 2/5 этаж	1	220000	40	https://www.list.am/ru/item/20328410
Арабкир, 3 ком., 100 кв.м., 5/5 этаж	3	250000	100	https://www.list.am/ru/item/20338895
Арабкир, 3 ком., 88 кв.м., 9/9 этаж	3	300000	88	https://www.list.am/ru/item/20293239
Арабкир, 2 ком., 50 кв.м., 2/2 этаж	2	360000	50	https://www.list.am/ru/item/19783942
Арабкир, 3 ком., 83 кв.м., 2/5 этаж	3	250000	83	https://www.list.am/ru/item/20315582
Арабкир, 2 ком., 70 кв.м., 2/2 этаж	2	646400	70	https://www.list.am/ru/item/20233189
Арабкир, 2 ком., 45 кв.м., 2/2 этаж	2	270000	45	https://www.list.am/ru/item/19472604
Арабкир, 2 ком., 45 кв.м., 10/17 этаж	2	323200	45	https://www.list.am/ru/item/20350248
Арабкир, 3 ком., 120 кв.м., 3/16 этаж	3	500000	120	https://www.list.am/ru/item/20370691
Арабкир, 2 ком., 55 кв.м., 10/14 этаж	2	240000	55	https://www.list.am/ru/item/20370652
Арабкир, 2 ком., 72 кв.м., 3/5 этаж	2	240000	72	https://www.list.am/ru/item/20369775
Арабкир, 3 ком., 74 кв.м., 1/1 этаж	3	280000	74	https://www.list.am/ru/item/20336167
Арабкир, 3 ком., 100 кв.м., 3/7 этаж	3	400000	100	https://www.list.am/ru/item/20035586
Арабкир, 2 ком., 58 кв.м., 4/5 этаж	2	280000	58	https://www.list.am/ru/item/20368961
Арабкир, 2 ком., 55 кв.м., 9/18 этаж	2	525200	55	https://www.list.am/ru/item/20367202
Арабкир, 1 ком., 38 кв.м., 1/5 этаж	1	285000	38	https://www.list.am/ru/item/19131078
Арабкир, 3 ком., 80 кв.м., 8/8 этаж	3	400000	80	https://www.list.am/ru/item/20167649
Арабкир, 2 ком., 57 кв.м., 14/18 этаж	2	350000	57	https://www.list.am/ru/item/20364708
Арабкир, 2 ком., 54 кв.м., 3/4 этаж	2	444400	54	https://www.list.am/ru/item/19727783
Арабкир, 2 ком., 40 кв.м., 3/4 этаж	2	260000	40	https://www.list.am/ru/item/20294748
Арабкир, 3 ком., 57 кв.м., 5/5 этаж	3	300000	57	https://www.list.am/ru/item/20361162
Арабкир, 3 ком., 60 кв.м., 3/5 этаж	3	300000	60	https://www.list.am/ru/item/20009799
Арабкир, 2 ком., 70 кв.м., 1/5 этаж	2	350000	70	https://www.list.am/ru/item/20299041
Арабкир, 3 ком., 110 кв.м., 9/16 этаж	3	500000	110	https://www.list.am/ru/item/20002365
Арабкир, 2 ком., 75 кв.м., 7/8 этаж	2	500000	75	https://www.list.am/ru/item/19785631
Арабкир, 2 ком., 100 кв.м., 8/16 этаж	2	400000	100	https://www.list.am/ru/item/20353923
Арабкир, 3 ком., 76 кв.м., 3/5 этаж	3	450000	76	https://www.list.am/ru/item/20353252
Арабкир, 3 ком., 91 кв.м., 4/17 этаж	3	565600	91	https://www.list.am/ru/item/18886061
Арабкир, 3 ком., 48 кв.м., 6/6 этаж	3	160000	48	https://www.list.am/ru/item/20349312
Арабкир, 3 ком., 80 кв.м., 4/18 этаж	3	525200	80	https://www.list.am/ru/item/19571495
Арабкир, 2 ком., 46 кв.м., 5/8 этаж	2	360000	46	https://www.list.am/ru/item/20348012
Арабкир, 2 ком., 70 кв.м., 2/16 этаж	2	300000	70	https://www.list.am/ru/item/20347968
Арабкир, 2 ком., 63 кв.м., 5/5 этаж	2	350000	63	https://www.list.am/ru/item/19300212
Арабкир, 4 ком., 90 кв.м., 1/5 этаж	4	450000	90	https://www.list.am/ru/item/20324739
Арабкир, 3 ком., 126 кв.м., 5/13 этаж	3	727200	126	https://www.list.am/ru/item/19507277
Арабкир, 2 ком., 62 кв.м., 12/18 этаж	2	430000	62	https://www.list.am/ru/item/20344129
Арабкир, 2 ком., 60 кв.м., 5/5 этаж	2	300000	60	https://www.list.am/ru/item/20342821
Арабкир, 2 ком., 50 кв.м., 5/5 этаж	2	200000	50	https://www.list.am/ru/item/20341332
Арабкир, 2 ком., 60 кв.м., 2/5 этаж	2	202000	60	https://www.list.am/ru/item/20340078
Арабкир, 1 ком., 44 кв.м., 6/10 этаж	1	190000	44	https://www.list.am/ru/item/20340071
Арабкир, 2 ком., 63 кв.м., 7/10 этаж	2	280000	63	https://www.list.am/ru/item/20222012
Арабкир, 3 ком., 80 кв.м., 3/5 этаж	3	400000	80	https://www.list.am/ru/item/20283572
Арабкир, 2 ком., 65 кв.м., 3/3 этаж	2	300000	65	https://www.list.am/ru/item/20328755
Арабкир, 2 ком., 43 кв.м., 8/8 этаж	2	330000	43	https://www.list.am/ru/item/20231626
Арабкир, 1 ком., 100 кв.м., 3/4 этаж	1	230000	100	https://www.list.am/ru/item/20324495
Арабкир, 7 ком., 196 кв.м., 2/3 этаж	7	800000	196	https://www.list.am/ru/item/20278298
Арабкир, 3 ком., 65 кв.м., 2/2 этаж	3	250000	65	https://www.list.am/ru/item/20252140
Арабкир, 4 ком., 174 кв.м., 10/14 этаж	4	800000	174	https://www.list.am/ru/item/19245208
Арабкир, 3 ком., 63 кв.м., 3/16 этаж	3	250000	63	https://www.list.am/ru/item/19990875
Арабкир, 3 ком., 78 кв.м., 5/5 этаж	3	320000	78	https://www.list.am/ru/item/20320274
Арабкир, 3 ком., 100 кв.м., 6/8 этаж	3	484800	100	https://www.list.am/ru/item/20280437
Арабкир, 3 ком., 111 кв.м., 6/13 этаж	3	686800	111	https://www.list.am/ru/item/20193858
Арабкир, 3 ком., 82 кв.м., 9/9 этаж	3	450000	82	https://www.list.am/ru/item/20235324
Арабкир, 2 ком., 56 кв.м., 5/6 этаж	2	350000	56	https://www.list.am/ru/item/20186762
Арабкир, 3 ком., 89 кв.м., 3/3 этаж	3	444400	89	https://www.list.am/ru/item/20231201
Арабкир, 1 ком., 35 кв.м., 4/4 этаж	1	200000	35	https://www.list.am/ru/item/20312052
Арабкир, 5 ком., 236 кв.м., 18/19 этаж	5	1818000	236	https://www.list.am/ru/item/19577969
Арабкир, 3 ком., 100 кв.м., 13/18 этаж	3	800000	100	https://www.list.am/ru/item/19553876
Арабкир, 2 ком., 65 кв.м., 2/8 этаж	2	260000	65	https://www.list.am/ru/item/20274633
Арабкир, 3 ком., 60 кв.м., 5/5 этаж	3	390000	60	https://www.list.am/ru/item/19990019
Арабкир, 3 ком., 110 кв.м., 1/3 этаж	3	300000	110	https://www.list.am/ru/item/20157696
Арабкир, 2 ком., 61 кв.м., 4/8 этаж	2	500000	61	https://www.list.am/ru/item/19263203
Арабкир, 3 ком., 62 кв.м., 7/10 этаж	3	600000	62	https://www.list.am/ru/item/18727125
Арабкир, 2 ком., 44 кв.м., 4/6 этаж	2	350000	44	https://www.list.am/ru/item/20196570
Арабкир, 2 ком., 51 кв.м., 2/16 этаж	2	320000	51	https://www.list.am/ru/item/20178614
Арабкир, 3 ком., 103 кв.м., 6/14 этаж	3	430000	103	https://www.list.am/ru/item/19086214
Арабкир, 2 ком., 45 кв.м., 1/9 этаж	2	300000	45	https://www.list.am/ru/item/19998607
Арабкир, 3 ком., 100 кв.м., 3/5 этаж	3	444400	100	https://www.list.am/ru/item/20288511
Арабкир, 2 ком., 65 кв.м., 3/5 этаж	2	350000	65	https://www.list.am/ru/item/20176147
Арабкир, 3 ком., 78 кв.м., 3/9 этаж	3	750000	78	https://www.list.am/ru/item/20156973
Арабкир, 2 ком., 72 кв.м., 6/9 этаж	2	280000	72	https://www.list.am/ru/item/20283146
Арабкир, 1 ком., 43 кв.м., 3/5 этаж	1	250000	43	https://www.list.am/ru/item/20281753
Арабкир, 3 ком., 82 кв.м., 4/4 этаж	3	400000	82	https://www.list.am/ru/item/19153253
Арабкир, 2 ком., 50 кв.м., 5/5 этаж	2	150000	50	https://www.list.am/ru/item/20268006
Арабкир, 2 ком., 55 кв.м., 3/18 этаж	2	280000	55	https://www.list.am/ru/item/20267730
Арабкир, 2 ком., 41 кв.м., 4/5 этаж	2	300000	41	https://www.list.am/ru/item/20266571
Арабкир, 2 ком., 45 кв.м., 10/14 этаж	2	323200	45	https://www.list.am/ru/item/20265560
Арабкир, 2 ком., 74 кв.м., 8/9 этаж	2	282800	74	https://www.list.am/ru/item/19937248
Арабкир, 2 ком., 82 кв.м., 4/16 этаж	2	323200	82	https://www.list.am/ru/item/19938058
Арабкир, 3 ком., 102 кв.м., 13/16 этаж	3	460000	102	https://www.list.am/ru/item/20205361
Арабкир, 1 ком., 56 кв.м., 5/9 этаж	1	270000	56	https://www.list.am/ru/item/20258764
Арабкир, 2 ком., 35 кв.м., 3/5 этаж	2	300000	35	https://www.list.am/ru/item/19541381
Арабкир, 2 ком., 67 кв.м., 9/11 этаж	2	450000	67	https://www.list.am/ru/item/20255153
Арабкир, 2 ком., 40 кв.м., 2/5 этаж	2	260000	40	https://www.list.am/ru/item/19170171
Арабкир, 3 ком., 60 кв.м., 1/1 этаж	3	250000	60	https://www.list.am/ru/item/20191833
Арабкир, 3 ком., 130 кв.м., 8/16 этаж	3	606000	130	https://www.list.am/ru/item/20247482
Арабкир, 2 ком., 56 кв.м., 3/5 этаж	2	350000	56	https://www.list.am/ru/item/20246999
Арабкир, 3 ком., 100 кв.м., 2/5 этаж	3	350000	100	https://www.list.am/ru/item/20161555
Арабкир, 2 ком., 45 кв.м., 8/9 этаж	2	280000	45	https://www.list.am/ru/item/19319003
Арабкир, 2 ком., 46 кв.м., 2/5 этаж	2	320000	46	https://www.list.am/ru/item/19946620
Арабкир, 2 ком., 51 кв.м., 5/5 этаж	2	300000	51	https://www.list.am/ru/item/20238374
Арабкир, 2 ком., 48 кв.м., 6/6 этаж	2	300000	48	https://www.list.am/ru/item/20175873
Арабкир, 1 ком., 46 кв.м., 2/9 этаж	1	343400	46	https://www.list.am/ru/item/20214710
Арабкир, 3 ком., 70 кв.м., 2/4 этаж	3	400000	70	https://www.list.am/ru/item/20181672
Арабкир, 4 ком., 160 кв.м., 7/10 этаж	4	727200	160	https://www.list.am/ru/item/19129235
Арабкир, 2 ком., 67 кв.м., 4/5 этаж	2	280000	67	https://www.list.am/ru/item/20307038
Арабкир, 3 ком., 56 кв.м., 3/6 этаж	3	320000	56	https://www.list.am/ru/item/20287596
Арабкир, 3 ком., 85 кв.м., 9/9 этаж	3	600000	85	https://www.list.am/ru/item/20358412
Арабкир, 2 ком., 65 кв.м., 9/9 этаж	2	300000	65	https://www.list.am/ru/item/20435785
Арабкир, 2 ком., 48 кв.м., 4/6 этаж	2	300000	48	https://www.list.am/ru/item/20438538
Арабкир, 2 ком., 45 кв.м., 6/8 этаж	2	320000	45	https://www.list.am/ru/item/20377746
Арабкир, 3 ком., 92 кв.м., 3/4 этаж	3	330000	92	https://www.list.am/ru/item/20298632
Арабкир, 3 ком., 93 кв.м., 8/9 этаж	3	420000	93	https://www.list.am/ru/item/20126384
Арабкир, 2 ком., 60 кв.м., 2/9 этаж	2	300000	60	https://www.list.am/ru/item/20407475
Арабкир, 2 ком., 64 кв.м., 3/4 этаж	2	370000	64	https://www.list.am/ru/item/20285339
Арабкир, 1 ком., 37 кв.м., 5/5 этаж	1	260000	37	https://www.list.am/ru/item/20199459
Арабкир, 1 ком., 43 кв.м., 6/6 этаж	1	430000	43	https://www.list.am/ru/item/20154626
Арабкир, 2 ком., 45 кв.м., 3/8 этаж	2	300000	45	https://www.list.am/ru/item/20266204
Арабкир, 3 ком., 110 кв.м., 10/14 этаж	3	646400	110	https://www.list.am/ru/item/20431671
Арабкир, 2 ком., 55 кв.м., 2/5 этаж	2	260000	55	https://www.list.am/ru/item/20385032
Арабкир, 3 ком., 90 кв.м., 3/5 этаж	3	300000	90	https://www.list.am/ru/item/19638041
Арабкир, 3 ком., 55 кв.м., 9/9 этаж	3	280000	55	https://www.list.am/ru/item/20456317
Арабкир, 2 ком., 100 кв.м., 17/17 этаж	2	455000	100	https://www.list.am/ru/item/19210187
Арабкир, 3 ком., 50 кв.м., 2/5 этаж	3	430000	50	https://www.list.am/ru/item/20261218
Арабкир, 3 ком., 73 кв.м., 4/5 этаж	3	420000	73	https://www.list.am/ru/item/20179562
Арабкир, 2 ком., 47 кв.м., 2/5 этаж	2	400000	47	https://www.list.am/ru/item/20381942
Арабкир, 4 ком., 110 кв.м., 7/14 этаж	4	500000	110	https://www.list.am/ru/item/19783071
Арабкир, 1 ком., 35 кв.м., 3/5 этаж	1	250000	35	https://www.list.am/ru/item/19155137
Арабкир, 2 ком., 45 кв.м., 7/9 этаж	2	320000	45	https://www.list.am/ru/item/20312080
Арабкир, 3 ком., 90 кв.м., 8/9 этаж	3	470000	90	https://www.list.am/ru/item/20323070
Арабкир, 2 ком., 65 кв.м., 6/9 этаж	2	220000	65	https://www.list.am/ru/item/20444144
Арабкир, 2 ком., 45 кв.м., 2/5 этаж	2	350000	45	https://www.list.am/ru/item/20315891
Арабкир, 4 ком., 78 кв.м., 3/5 этаж	4	300000	78	https://www.list.am/ru/item/19637921
Арабкир, 3 ком., 60 кв.м., 4/5 этаж	3	330000	60	https://www.list.am/ru/item/20278630
Арабкир, 2 ком., 40 кв.м., 4/4 этаж	2	323200	40	https://www.list.am/ru/item/18686860
Арабкир, 2 ком., 52 кв.м., 4/16 этаж	2	400000	52	https://www.list.am/ru/item/20248644
Арабкир, 3 ком., 53 кв.м., 1/14 этаж	3	280000	53	https://www.list.am/ru/item/20378232
Арабкир, 2 ком., 50 кв.м., 1/5 этаж	2	707000	50	https://www.list.am/ru/item/20452129
Арабкир, 2 ком., 35 кв.м., 3/5 этаж	2	280000	35	https://www.list.am/ru/item/20350434
Арабкир, 2 ком., 46 кв.м., 4/4 этаж	2	220000	46	https://www.list.am/ru/item/19931339
Арабкир, 3 ком., 127 кв.м., 6/6 этаж	3	650000	127	https://www.list.am/ru/item/20461921
Арабкир, 1 ком., 36 кв.м., 3/5 этаж	1	200000	36	https://www.list.am/ru/item/20448904
Арабкир, 1 ком., 38 кв.м., 5/5 этаж	1	200000	38	https://www.list.am/ru/item/20424454
Арабкир, 2 ком., 60 кв.м., 3/3 этаж	2	450000	60	https://www.list.am/ru/item/20278860
Арабкир, 4 ком., 118 кв.м., 6/6 этаж	4	550000	118	https://www.list.am/ru/item/19612904
Арабкир, 3 ком., 85 кв.м., 9/10 этаж	3	600000	85	https://www.list.am/ru/item/20339879
Арабкир, 2 ком., 38 кв.м., 3/4 этаж	2	220000	38	https://www.list.am/ru/item/20397362
Арабкир, 3 ком., 60 кв.м., 7/10 этаж	3	400000	60	https://www.list.am/ru/item/20397935
Арабкир, 4 ком., 100 кв.м., 1/5 этаж	4	330000	100	https://www.list.am/ru/item/20468441
Арабкир, 2 ком., 53 кв.м., 5/7 этаж	2	254520	53	https://www.list.am/ru/item/20299028
Арабкир, 3 ком., 81 кв.м., 4/5 этаж	3	370000	81	https://www.list.am/ru/item/20219534
Арабкир, 3 ком., 80 кв.м., 6/9 этаж	3	350000	80	https://www.list.am/ru/item/20204729
Арабкир, 3 ком., 80 кв.м., 6/9 этаж	3	323200	80	https://www.list.am/ru/item/20373271
Арабкир, 2 ком., 92 кв.м., 16/16 этаж	2	727200	92	https://www.list.am/ru/item/19713875
Арабкир, 1 ком., 52 кв.м., 2/5 этаж	1	230000	52	https://www.list.am/ru/item/20255943
Арабкир, 3 ком., 79 кв.м., 13/14 этаж	3	300000	79	https://www.list.am/ru/item/19974730
Арабкир, 1 ком., 40 кв.м., 2/5 этаж	1	200000	40	https://www.list.am/ru/item/17759393
Арабкир, 1 ком., 31 кв.м., 3/5 этаж	1	300000	31	https://www.list.am/ru/item/20242657
Арабкир, 3 ком., 89 кв.м., 8/9 этаж	3	380000	89	https://www.list.am/ru/item/19359162
Арабкир, 3 ком., 85 кв.м., 5/15 этаж	3	343400	85	https://www.list.am/ru/item/20259315
Арабкир, 4 ком., 127 кв.м., 2/5 этаж	4	430000	127	https://www.list.am/ru/item/20408233
Арабкир, 2 ком., 45 кв.м., 2/8 этаж	2	300000	45	https://www.list.am/ru/item/19373015
Арабкир, 2 ком., 38 кв.м., 1/5 этаж	2	380000	38	https://www.list.am/ru/item/20404096
Арабкир, 2 ком., 55 кв.м., 6/9 этаж	2	210000	55	https://www.list.am/ru/item/20465065
Арабкир, 3 ком., 83 кв.м., 6/9 этаж	3	320000	83	https://www.list.am/ru/item/19848862
Арабкир, 2 ком., 40 кв.м., 1/1 этаж	2	250000	40	https://www.list.am/ru/item/18134003
Арабкир, 2 ком., 55 кв.м., 8/17 этаж	2	390000	55	https://www.list.am/ru/item/20280177
Арабкир, 2 ком., 30 кв.м., 2/5 этаж	2	180000	30	https://www.list.am/ru/item/20444061
Арабкир, 1 ком., 43 кв.м., 2/5 этаж	1	250000	43	https://www.list.am/ru/item/20290218
Арабкир, 2 ком., 60 кв.м., 1/4 этаж	2	300000	60	https://www.list.am/ru/item/20256439
Арабкир, 2 ком., 60 кв.м., 3/5 этаж	2	250000	60	https://www.list.am/ru/item/19166242
Арабкир, 2 ком., 78 кв.м., 4/5 этаж	2	360000	78	https://www.list.am/ru/item/20377009
Арабкир, 2 ком., 68 кв.м., 10/17 этаж	2	404000	68	https://www.list.am/ru/item/19900327
Арабкир, 3 ком., 96 кв.м., 12/12 этаж	3	370000	96	https://www.list.am/ru/item/20435386
Арабкир, 3 ком., 75 кв.м., 4/4 этаж	3	280000	75	https://www.list.am/ru/item/20397182
Арабкир, 2 ком., 37 кв.м., 2/5 этаж	2	215000	37	https://www.list.am/ru/item/20449670
Арабкир, 2 ком., 40 кв.м., 5/5 этаж	2	320000	40	https://www.list.am/ru/item/20242487
Арабкир, 2 ком., 43 кв.м., 6/9 этаж	2	300000	43	https://www.list.am/ru/item/20459488
Арабкир, 4 ком., 90 кв.м., 3/9 этаж	4	390000	90	https://www.list.am/ru/item/20372447
Арабкир, 2 ком., 60 кв.м., 10/12 этаж	2	350000	60	https://www.list.am/ru/item/20360477
Арабкир, 2 ком., 68 кв.м., 7/9 этаж	2	245000	68	https://www.list.am/ru/item/20344163
Арабкир, 3 ком., 71 кв.м., 2/8 этаж	3	525200	71	https://www.list.am/ru/item/19292163
Арабкир, 3 ком., 101 кв.м., 7/16 этаж	3	969600	101	https://www.list.am/ru/item/18463569
Арабкир, 4 ком., 150 кв.м., 13/15 этаж	4	888800	150	https://www.list.am/ru/item/20277878
Арабкир, 3 ком., 80 кв.м., 4/5 этаж	3	390000	80	https://www.list.am/ru/item/20438032
Арабкир, 3 ком., 105 кв.м., 13/16 этаж	3	400000	105	https://www.list.am/ru/item/20325872
Арабкир, 1 ком., 43 кв.м., 7/9 этаж	1	260000	43	https://www.list.am/ru/item/18541670
Арабкир, 1 ком., 45 кв.м., 7/9 этаж	1	280000	45	https://www.list.am/ru/item/20164287
Арабкир, 1 ком., 50 кв.м., 2/9 этаж	1	300000	50	https://www.list.am/ru/item/20440249
Арабкир, 3 ком., 87 кв.м., 2/2 этаж	3	280000	87	https://www.list.am/ru/item/20475563
Арабкир, 2 ком., 48 кв.м., 1/9 этаж	2	350000	48	https://www.list.am/ru/item/20436709
Арабкир, 3 ком., 71 кв.м., 4/6 этаж	3	280000	71	https://www.list.am/ru/item/20420524
Арабкир, 2 ком., 68 кв.м., 6/6 этаж	2	260000	68	https://www.list.am/ru/item/19747615
Арабкир, 2 ком., 55 кв.м., 8/13 этаж	2	300000	55	https://www.list.am/ru/item/20347252
Арабкир, 4 ком., 98 кв.м., 3/5 этаж	4	330000	98	https://www.list.am/ru/item/20475395
Арабкир, 2 ком., 40 кв.м., 4/5 этаж	2	350000	40	https://www.list.am/ru/item/20429649
Арабкир, 1 ком., 30 кв.м., 1/1 этаж	1	190000	30	https://www.list.am/ru/item/20403693
Арабкир, 3 ком., 80 кв.м., 2/5 этаж	3	360000	80	https://www.list.am/ru/item/20284274
Арабкир, 1 ком., 53 кв.м., 5/7 этаж	1	220000	53	https://www.list.am/ru/item/20301527
Арабкир, 2 ком., 50 кв.м., 5/8 этаж	2	350000	50	https://www.list.am/ru/item/20461420
Арабкир, 4 ком., 97 кв.м., 9/9 этаж	4	360000	97	https://www.list.am/ru/item/20347614
Арабкир, 2 ком., 74 кв.м., 4/5 этаж	2	280000	74	https://www.list.am/ru/item/20438454
Арабкир, 2 ком., 68 кв.м., 3/5 этаж	2	265000	68	https://www.list.am/ru/item/20112206
Арабкир, 2 ком., 54 кв.м., 5/5 этаж	2	270000	54	https://www.list.am/ru/item/20212640
Арабкир, 2 ком., 55 кв.м., 4/5 этаж	2	450000	55	https://www.list.am/ru/item/19777638
Арабкир, 2 ком., 38 кв.м., 3/4 этаж	2	220000	38	https://www.list.am/ru/item/20404156
Арабкир, 2 ком., 50 кв.м., 3/9 этаж	2	280000	50	https://www.list.am/ru/item/19994429
Арабкир, 2 ком., 68 кв.м., 6/7 этаж	2	300000	68	https://www.list.am/ru/item/19875615
Арабкир, 2 ком., 52 кв.м., 1/5 этаж	2	250000	52	https://www.list.am/ru/item/20250646
Арабкир, 2 ком., 46 кв.м., 3/9 этаж	2	250000	46	https://www.list.am/ru/item/20430158
Арабкир, 2 ком., 53 кв.м., 3/8 этаж	2	350000	53	https://www.list.am/ru/item/19631904
Арабкир, 4 ком., 105 кв.м., 6/7 этаж	4	500000	105	https://www.list.am/ru/item/19916818
Арабкир, 4 ком., 190 кв.м., 9/9 этаж	4	1818000	190	https://www.list.am/ru/item/20460436
Арабкир, 2 ком., 45 кв.м., 1/12 этаж	2	329000	45	https://www.list.am/ru/item/19249849
Арабкир, 2 ком., 66 кв.м., 1/12 этаж	2	262600	66	https://www.list.am/ru/item/20460319
Арабкир, 3 ком., 119 кв.м., 6/18 этаж	3	1090800	119	https://www.list.am/ru/item/20192522
Арабкир, 3 ком., 89 кв.м., 1/1 этаж	3	250000	89	https://www.list.am/ru/item/20460269
Арабкир, 3 ком., 82 кв.м., 4/5 этаж	3	404000	82	https://www.list.am/ru/item/19877428
Арабкир, 2 ком., 44 кв.м., 1/5 этаж	2	222200	44	https://www.list.am/ru/item/20460202
Арабкир, 2 ком., 77 кв.м., 6/8 этаж	2	525200	77	https://www.list.am/ru/item/20059678
Арабкир, 3 ком., 65 кв.м., 6/6 этаж	3	330000	65	https://www.list.am/ru/item/19883492
Арабкир, 1 ком., 33 кв.м., 2/5 этаж	1	170000	33	https://www.list.am/ru/item/19940165
Арабкир, 2 ком., 30 кв.м., 2/5 этаж	2	220000	30	https://www.list.am/ru/item/20280534
Арабкир, 3 ком., 75 кв.м., 2/5 этаж	3	280000	75	https://www.list.am/ru/item/20442342
Арабкир, 3 ком., 69 кв.м., 4/9 этаж	3	330000	69	https://www.list.am/ru/item/20207880
Арабкир, 4 ком., 80 кв.м., 11/14 этаж	4	650000	80	https://www.list.am/ru/item/19909120
Арабкир, 3 ком., 75 кв.м., 5/5 этаж	3	370000	75	https://www.list.am/ru/item/19965457
Арабкир, 2 ком., 47 кв.м., 2/5 этаж	2	220000	47	https://www.list.am/ru/item/19909484
Арабкир, 3 ком., 76 кв.м., 5/5 этаж	3	290000	76	https://www.list.am/ru/item/20459893
Арабкир, 4 ком., 128 кв.м., 2/5 этаж	4	420000	128	https://www.list.am/ru/item/20364750
Арабкир, 2 ком., 70 кв.м., 3/5 этаж	2	404000	70	https://www.list.am/ru/item/19636923
Арабкир, 2 ком., 75 кв.м., 3/5 этаж	2	300000	75	https://www.list.am/ru/item/20459792
Арабкир, 4 ком., 78 кв.м., 3/5 этаж	4	350000	78	https://www.list.am/ru/item/20305686
Арабкир, 4 ком., 140 кв.м., 4/4 этаж	4	484800	140	https://www.list.am/ru/item/20253472
Арабкир, 3 ком., 90 кв.м., 12/16 этаж	3	300000	90	https://www.list.am/ru/item/20403481
Арабкир, 2 ком., 45 кв.м., 5/8 этаж	2	280000	45	https://www.list.am/ru/item/20459625
Арабкир, 2 ком., 47 кв.м., 6/8 этаж	2	280000	47	https://www.list.am/ru/item/20459618
Арабкир, 3 ком., 72 кв.м., 8/9 этаж	3	280000	72	https://www.list.am/ru/item/20190979
Арабкир, 3 ком., 60 кв.м., 1/5 этаж	3	300000	60	https://www.list.am/ru/item/20294555
Арабкир, 2 ком., 70 кв.м., 6/9 этаж	2	240000	70	https://www.list.am/ru/item/20438113
Арабкир, 3 ком., 120 кв.м., 7/13 этаж	3	646400	120	https://www.list.am/ru/item/20354478
Арабкир, 1 ком., 43 кв.м., 6/7 этаж	1	300000	43	https://www.list.am/ru/item/20225184
Арабкир, 2 ком., 45 кв.м., 2/10 этаж	2	280000	45	https://www.list.am/ru/item/20010467
Арабкир, 3 ком., 65 кв.м., 3/5 этаж	3	330000	65	https://www.list.am/ru/item/20458145
Арабкир, 2 ком., 71 кв.м., 2/5 этаж	2	280000	71	https://www.list.am/ru/item/20458107
Арабкир, 2 ком., 85 кв.м., 3/5 этаж	2	300000	85	https://www.list.am/ru/item/20199295
Арабкир, 2 ком., 70 кв.м., 3/5 этаж	2	330000	70	https://www.list.am/ru/item/20369241
Арабкир, 4 ком., 98 кв.м., 3/8 этаж	4	727200	98	https://www.list.am/ru/item/19688308
Арабкир, 4 ком., 150 кв.м., 6/9 этаж	4	404000	150	https://www.list.am/ru/item/20373128
Арабкир, 2 ком., 46 кв.м., 4/7 этаж	2	300000	46	https://www.list.am/ru/item/20388704
Арабкир, 2 ком., 40 кв.м., 2/4 этаж	2	230000	40	https://www.list.am/ru/item/20201025
Арабкир, 2 ком., 60 кв.м., 5/6 этаж	2	290000	60	https://www.list.am/ru/item/20242665
Арабкир, 2 ком., 56 кв.м., 2/4 этаж	2	511750	56	https://www.list.am/ru/item/20404906
Арабкир, 3 ком., 94 кв.м., 4/9 этаж	3	350000	94	https://www.list.am/ru/item/20320240
Арабкир, 2 ком., 56 кв.м., 1/9 этаж	2	300000	56	https://www.list.am/ru/item/20145786
Арабкир, 2 ком., 50 кв.м., 6/7 этаж	2	350000	50	https://www.list.am/ru/item/20444672
Арабкир, 4 ком., 92 кв.м., 1/5 этаж	4	450000	92	https://www.list.am/ru/item/19635676
Арабкир, 3 ком., 124 кв.м., 1/5 этаж	3	350000	124	https://www.list.am/ru/item/19869303
Арабкир, 1 ком., 30 кв.м., 1/5 этаж	1	200000	30	https://www.list.am/ru/item/19978137
Арабкир, 2 ком., 65 кв.м., 3/5 этаж	2	515000	65	https://www.list.am/ru/item/19559150
Арабкир, 1 ком., 54 кв.м., 9/9 этаж	1	250000	54	https://www.list.am/ru/item/18830956
Арабкир, 2 ком., 49 кв.м., 8/8 этаж	2	330000	49	https://www.list.am/ru/item/19710228
Арабкир, 3 ком., 75 кв.м., 3/5 этаж	3	350000	75	https://www.list.am/ru/item/20305893
Арабкир, 3 ком., 67 кв.м., 2/10 этаж	3	420000	67	https://www.list.am/ru/item/20052878
Арабкир, 2 ком., 65 кв.м., 5/11 этаж	2	250000	65	https://www.list.am/ru/item/20376422
Арабкир, 2 ком., 48 кв.м., 1/3 этаж	2	340000	48	https://www.list.am/ru/item/17563731
Арабкир, 2 ком., 47 кв.м., 1/5 этаж	2	250000	47	https://www.list.am/ru/item/20456683
Арабкир, 2 ком., 38 кв.м., 4/5 этаж	2	280000	38	https://www.list.am/ru/item/20305946
Арабкир, 2 ком., 48 кв.м., 7/8 этаж	2	363600	48	https://www.list.am/ru/item/19471412
Арабкир, 2 ком., 55 кв.м., 2/5 этаж	2	350000	55	https://www.list.am/ru/item/20370267
Арабкир, 2 ком., 47 кв.м., 7/8 этаж	2	370000	47	https://www.list.am/ru/item/20174604
Арабкир, 2 ком., 56 кв.м., 2/6 этаж	2	300000	56	https://www.list.am/ru/item/20456315
Арабкир, 2 ком., 48 кв.м., 1/9 этаж	2	350000	48	https://www.list.am/ru/item/20440243
Арабкир, 2 ком., 58 кв.м., 5/5 этаж	2	210000	58	https://www.list.am/ru/item/20456259
Арабкир, 2 ком., 60 кв.м., 14/14 этаж	2	450000	60	https://www.list.am/ru/item/20386157
Арабкир, 3 ком., 93 кв.м., 3/5 этаж	3	444400	93	https://www.list.am/ru/item/20456011
Арабкир, 1 ком., 50 кв.м., 6/9 этаж	1	240000	50	https://www.list.am/ru/item/20438192
Арабкир, 3 ком., 78 кв.м., 1/6 этаж	3	320000	78	https://www.list.am/ru/item/20455969
Арабкир, 2 ком., 65 кв.м., 5/13 этаж	2	250000	65	https://www.list.am/ru/item/20297924
Арабкир, 2 ком., 45 кв.м., 5/5 этаж	2	280000	45	https://www.list.am/ru/item/20426413
Арабкир, 3 ком., 98 кв.м., 3/5 этаж	3	565600	98	https://www.list.am/ru/item/20223831
Арабкир, 3 ком., 90 кв.м., 4/5 этаж	3	270000	90	https://www.list.am/ru/item/20185989
Арабкир, 3 ком., 100 кв.м., 7/8 этаж	3	600000	100	https://www.list.am/ru/item/20274155
Арабкир, 3 ком., 68 кв.м., 4/14 этаж	3	300000	68	https://www.list.am/ru/item/20428828
Арабкир, 3 ком., 62 кв.м., 12/16 этаж	3	350000	62	https://www.list.am/ru/item/20366729
Арабкир, 2 ком., 35 кв.м., 3/17 этаж	2	350000	35	https://www.list.am/ru/item/20157174
Арабкир, 4 ком., 70 кв.м., 1/1 этаж	4	350000	70	https://www.list.am/ru/item/20038881
Арабкир, 4 ком., 100 кв.м., 3/5 этаж	4	400000	100	https://www.list.am/ru/item/20316671
Арабкир, 4 ком., 131 кв.м., 4/4 этаж	4	350000	131	https://www.list.am/ru/item/20401337
Арабкир, 4 ком., 95 кв.м., 8/9 этаж	4	450000	95	https://www.list.am/ru/item/20336128
Арабкир, 2 ком., 56 кв.м., 11/17 этаж	2	383800	56	https://www.list.am/ru/item/19679826
Арабкир, 2 ком., 116 кв.м., 4/12 этаж	2	646400	116	https://www.list.am/ru/item/19942281
Арабкир, 2 ком., 57 кв.м., 2/5 этаж	2	300000	57	https://www.list.am/ru/item/20239725
Арабкир, 3 ком., 100 кв.м., 2/5 этаж	3	350000	100	https://www.list.am/ru/item/20274985
Арабкир, 2 ком., 31 кв.м., 2/5 этаж	2	230000	31	https://www.list.am/ru/item/20430502
Арабкир, 1 ком., 27 кв.м., 3/4 этаж	1	220000	27	https://www.list.am/ru/item/20100935
Арабкир, 3 ком., 102 кв.м., 5/5 этаж	3	500000	102	https://www.list.am/ru/item/19113194
Арабкир, 3 ком., 100 кв.м., 3/5 этаж	3	330000	100	https://www.list.am/ru/item/20429235
Арабкир, 3 ком., 90 кв.м., 14/14 этаж	3	400000	90	https://www.list.am/ru/item/20133244
Арабкир, 3 ком., 95 кв.м., 5/5 этаж	3	490000	95	https://www.list.am/ru/item/19640037
Арабкир, 1 ком., 50 кв.м., 4/10 этаж	1	300000	50	https://www.list.am/ru/item/20157366
Арабкир, 3 ком., 70 кв.м., 3/16 этаж	3	606000	70	https://www.list.am/ru/item/19064597
Арабкир, 2 ком., 45 кв.м., 2/5 этаж	2	350000	45	https://www.list.am/ru/item/20236615
Арабкир, 3 ком., 95 кв.м., 4/10 этаж	3	420000	95	https://www.list.am/ru/item/19629649
Арабкир, 2 ком., 47 кв.м., 3/5 этаж	2	380000	47	https://www.list.am/ru/item/20401237
Арабкир, 2 ком., 48 кв.м., 5/5 этаж	2	280000	48	https://www.list.am/ru/item/20365499
Арабкир, 2 ком., 45 кв.м., 2/5 этаж	2	320000	45	https://www.list.am/ru/item/19169235
Арабкир, 1 ком., 43 кв.м., 3/5 этаж	1	230000	43	https://www.list.am/ru/item/20465783
Арабкир, 3 ком., 57 кв.м., 5/5 этаж	3	290000	57	https://www.list.am/ru/item/20454718
Арабкир, 2 ком., 70 кв.м., 2/5 этаж	2	300000	70	https://www.list.am/ru/item/20371261
Арабкир, 2 ком., 62 кв.м., 5/16 этаж	2	440000	62	https://www.list.am/ru/item/20465381
Арабкир, 3 ком., 82 кв.м., 2/3 этаж	3	300000	82	https://www.list.am/ru/item/20323038
Арабкир, 2 ком., 50 кв.м., 6/10 этаж	2	274720	50	https://www.list.am/ru/item/19929171
Арабкир, 2 ком., 72 кв.м., 3/5 этаж	2	400000	72	https://www.list.am/ru/item/20358299
Арабкир, 3 ком., 78 кв.м., 1/5 этаж	3	404000	78	https://www.list.am/ru/item/20445080
Арабкир, 2 ком., 110 кв.м., 9/13 этаж	2	500000	110	https://www.list.am/ru/item/20102321
Арабкир, 2 ком., 80 кв.м., 1/7 этаж	2	300000	80	https://www.list.am/ru/item/20427616
Арабкир, 3 ком., 78 кв.м., 11/11 этаж	3	484800	78	https://www.list.am/ru/item/20465114
Арабкир, 3 ком., 70 кв.м., 4/14 этаж	3	480000	70	https://www.list.am/ru/item/20464991
Арабкир, 2 ком., 50 кв.м., 6/10 этаж	2	280000	50	https://www.list.am/ru/item/20464989
Арабкир, 4 ком., 82 кв.м., 3/9 этаж	4	400000	82	https://www.list.am/ru/item/17914535
Арабкир, 2 ком., 68 кв.м., 3/4 этаж	2	320000	68	https://www.list.am/ru/item/20386312
Арабкир, 3 ком., 75 кв.м., 4/4 этаж	3	400000	75	https://www.list.am/ru/item/19091694
Арабкир, 2 ком., 40 кв.м., 2/2 этаж	2	220000	40	https://www.list.am/ru/item/20242471
Арабкир, 2 ком., 50 кв.м., 4/9 этаж	2	240000	50	https://www.list.am/ru/item/18419752
Арабкир, 4 ком., 86 кв.м., 6/14 этаж	4	565600	86	https://www.list.am/ru/item/20199575
Арабкир, 2 ком., 50 кв.м., 1/5 этаж	2	250000	50	https://www.list.am/ru/item/20289749
Арабкир, 2 ком., 42 кв.м., 3/10 этаж	2	300000	42	https://www.list.am/ru/item/20030150
Арабкир, 2 ком., 60 кв.м., 10/10 этаж	2	303000	60	https://www.list.am/ru/item/20266524
Арабкир, 3 ком., 80 кв.м., 5/16 этаж	3	484800	80	https://www.list.am/ru/item/20440220
Арабкир, 2 ком., 54 кв.м., 2/5 этаж	2	230000	54	https://www.list.am/ru/item/20032306
Арабкир, 1 ком., 20 кв.м., 1/1 этаж	1	300000	20	https://www.list.am/ru/item/20053841
Арабкир, 2 ком., 77 кв.м., 3/8 этаж	2	350000	77	https://www.list.am/ru/item/19507643
Арабкир, 3 ком., 98 кв.м., 4/8 этаж	3	650000	98	https://www.list.am/ru/item/19506589
Арабкир, 4 ком., 120 кв.м., 7/16 этаж	4	606000	120	https://www.list.am/ru/item/18876066
Арабкир, 2 ком., 68 кв.м., 9/9 этаж	2	250000	68	https://www.list.am/ru/item/20246963
Арабкир, 3 ком., 70 кв.м., 1/2 этаж	3	250000	70	https://www.list.am/ru/item/20323627
Арабкир, 2 ком., 70 кв.м., 2/2 этаж	2	250000	70	https://www.list.am/ru/item/20323626
Арабкир, 4 ком., 136 кв.м., 4/9 этаж	4	580000	136	https://www.list.am/ru/item/20055265
Арабкир, 2 ком., 61 кв.м., 4/5 этаж	2	245000	61	https://www.list.am/ru/item/20037253
Арабкир, 3 ком., 110 кв.м., 3/3 этаж	3	450000	110	https://www.list.am/ru/item/20349401
Арабкир, 3 ком., 50 кв.м., 4/5 этаж	3	280000	50	https://www.list.am/ru/item/20084578
Арабкир, 4 ком., 96 кв.м., 6/11 этаж	4	484800	96	https://www.list.am/ru/item/20367739
Арабкир, 2 ком., 65 кв.м., 7/14 этаж	2	230000	65	https://www.list.am/ru/item/20214579
Арабкир, 4 ком., 75 кв.м., 3/11 этаж	4	363600	75	https://www.list.am/ru/item/20397263
Арабкир, 2 ком., 67 кв.м., 3/5 этаж	2	325000	67	https://www.list.am/ru/item/20452088
Арабкир, 3 ком., 87 кв.м., 3/4 этаж	3	484800	87	https://www.list.am/ru/item/19255906
Арабкир, 3 ком., 65 кв.м., 4/4 этаж	3	330000	65	https://www.list.am/ru/item/20114862
Арабкир, 3 ком., 95 кв.м., 13/13 этаж	3	363600	95	https://www.list.am/ru/item/20179675
Арабкир, 3 ком., 80 кв.м., 2/5 этаж	3	380000	80	https://www.list.am/ru/item/20447926
Арабкир, 4 ком., 90 кв.м., 7/7 этаж	4	400000	90	https://www.list.am/ru/item/20452517
Арабкир, 3 ком., 107 кв.м., 3/4 этаж	3	484800	107	https://www.list.am/ru/item/20183392
Арабкир, 1 ком., 25 кв.м., 4/4 этаж	1	150000	25	https://www.list.am/ru/item/20146297
Арабкир, 3 ком., 97 кв.м., 7/11 этаж	3	450000	97	https://www.list.am/ru/item/20173339
Арабкир, 2 ком., 60 кв.м., 5/5 этаж	2	320000	60	https://www.list.am/ru/item/20398649
Арабкир, 4 ком., 130 кв.м., 4/8 этаж	4	727200	130	https://www.list.am/ru/item/20063306
Арабкир, 1 ком., 30 кв.м., 1/1 этаж	1	220000	30	https://www.list.am/ru/item/20327239
Арабкир, 2 ком., 41 кв.м., 2/4 этаж	2	250000	41	https://www.list.am/ru/item/20421749
Арабкир, 2 ком., 71 кв.м., 2/2 этаж	2	250000	71	https://www.list.am/ru/item/20427225
Арабкир, 1 ком., 40 кв.м., 14/15 этаж	1	230000	40	https://www.list.am/ru/item/20426609
Арабкир, 2 ком., 48 кв.м., 4/5 этаж	2	250000	48	https://www.list.am/ru/item/20418111
Арабкир, 3 ком., 65 кв.м., 3/9 этаж	3	300000	65	https://www.list.am/ru/item/19998632
Арабкир, 2 ком., 68 кв.м., 4/5 этаж	2	300000	68	https://www.list.am/ru/item/19060662
Арабкир, 2 ком., 55 кв.м., 3/8 этаж	2	320000	55	https://www.list.am/ru/item/18612721
Арабкир, 4 ком., 125 кв.м., 8/8 этаж	4	450000	125	https://www.list.am/ru/item/18717104
Арабкир, 2 ком., 59 кв.м., 1/5 этаж	2	300000	59	https://www.list.am/ru/item/20346131
Арабкир, 4 ком., 104 кв.м., 9/14 этаж	4	400000	104	https://www.list.am/ru/item/20329303
Арабкир, 2 ком., 47 кв.м., 3/8 этаж	2	320000	47	https://www.list.am/ru/item/19969388
Арабкир, 1 ком., 25 кв.м., 3/9 этаж	1	210000	25	https://www.list.am/ru/item/20225349
Арабкир, 1 ком., 25 кв.м., 1/1 этаж	1	300000	25	https://www.list.am/ru/item/20320229
Арабкир, 2 ком., 50 кв.м., 4/5 этаж	2	200000	50	https://www.list.am/ru/item/20386301
Арабкир, 3 ком., 95 кв.м., 10/14 этаж	3	350000	95	https://www.list.am/ru/item/20225383
Арабкир, 3 ком., 70 кв.м., 1/5 этаж	3	300000	70	https://www.list.am/ru/item/20244227
Арабкир, 1 ком., 33 кв.м., 3/6 этаж	1	160000	33	https://www.list.am/ru/item/20462222
Арабкир, 2 ком., 43 кв.м., 2/8 этаж	2	400000	43	https://www.list.am/ru/item/20389765
Арабкир, 2 ком., 45 кв.м., 2/5 этаж	2	350000	45	https://www.list.am/ru/item/20372466
Арабкир, 2 ком., 56 кв.м., 3/14 этаж	2	500000	56	https://www.list.am/ru/item/20138165
Арабкир, 2 ком., 57 кв.м., 6/14 этаж	2	280000	57	https://www.list.am/ru/item/20412292
Арабкир, 3 ком., 82 кв.м., 3/4 этаж	3	300000	82	https://www.list.am/ru/item/20345605
Арабкир, 2 ком., 52 кв.м., 6/15 этаж	2	404000	52	https://www.list.am/ru/item/20019663
Арабкир, 2 ком., 45 кв.м., 1/12 этаж	2	349000	45	https://www.list.am/ru/item/19431463
Арабкир, 2 ком., 64 кв.м., 3/5 этаж	2	240000	64	https://www.list.am/ru/item/20428512
Арабкир, 2 ком., 47 кв.м., 3/7 этаж	2	270680	47	https://www.list.am/ru/item/20040944
Арабкир, 3 ком., 68 кв.м., 5/5 этаж	3	444400	68	https://www.list.am/ru/item/20236567
Арабкир, 2 ком., 67 кв.м., 5/16 этаж	2	404000	67	https://www.list.am/ru/item/20122347
Арабкир, 2 ком., 49 кв.м., 4/5 этаж	2	300000	49	https://www.list.am/ru/item/20392828
Арабкир, 5 ком., 155 кв.м., 12/14 этаж	5	969600	155	https://www.list.am/ru/item/20098368
Арабкир, 1 ком., 46 кв.м., 6/10 этаж	1	170000	46	https://www.list.am/ru/item/20294603
Арабкир, 3 ком., 99 кв.м., 2/5 этаж	3	400000	99	https://www.list.am/ru/item/20414503
Арабкир, 3 ком., 70 кв.м., 5/8 этаж	3	450000	70	https://www.list.am/ru/item/20461429
Арабкир, 1 ком., 20 кв.м., 1/5 этаж	1	165000	20	https://www.list.am/ru/item/19816176
Арабкир, 2 ком., 97 кв.м., 4/4 этаж	2	363600	97	https://www.list.am/ru/item/19881475
Арабкир, 4 ком., 90 кв.м., 9/9 этаж	4	300000	90	https://www.list.am/ru/item/20361579
Арабкир, 2 ком., 48 кв.м., 2/5 этаж	2	250000	48	https://www.list.am/ru/item/19558708
Арабкир, 3 ком., 70 кв.м., 3/4 этаж	3	380000	70	https://www.list.am/ru/item/20294667
Арабкир, 3 ком., 80 кв.м., 16/18 этаж	3	565600	80	https://www.list.am/ru/item/19694505
Арабкир, 1 ком., 50 кв.м., 2/5 этаж	1	350000	50	https://www.list.am/ru/item/19042446
Арабкир, 3 ком., 70 кв.м., 11/18 этаж	3	606000	70	https://www.list.am/ru/item/19047589
Арабкир, 2 ком., 50 кв.м., 4/5 этаж	2	340000	50	https://www.list.am/ru/item/18578498
Арабкир, 2 ком., 65 кв.м., 3/5 этаж	2	363600	65	https://www.list.am/ru/item/20340084
Арабкир, 2 ком., 46 кв.м., 4/8 этаж	2	350000	46	https://www.list.am/ru/item/20377930
Арабкир, 2 ком., 79 кв.м., 2/5 этаж	2	350000	79	https://www.list.am/ru/item/20425908
Арабкир, 2 ком., 67 кв.м., 4/18 этаж	2	444400	67	https://www.list.am/ru/item/19066093
Арабкир, 3 ком., 139 кв.м., 10/12 этаж	3	560000	139	https://www.list.am/ru/item/20320409
Арабкир, 3 ком., 78 кв.м., 6/9 этаж	3	380000	78	https://www.list.am/ru/item/20255979
Арабкир, 2 ком., 45 кв.м., 1/5 этаж	2	250000	45	https://www.list.am/ru/item/19869428
Арабкир, 3 ком., 100 кв.м., 6/18 этаж	3	363600	100	https://www.list.am/ru/item/20373232
Арабкир, 2 ком., 44 кв.м., 1/5 этаж	2	380000	44	https://www.list.am/ru/item/19616537
Арабкир, 2 ком., 60 кв.м., 1/6 этаж	2	320000	60	https://www.list.am/ru/item/20424315
Арабкир, 2 ком., 70 кв.м., 14/17 этаж	2	404000	70	https://www.list.am/ru/item/19327301
Арабкир, 2 ком., 31 кв.м., 2/5 этаж	2	230000	31	https://www.list.am/ru/item/20229540
Арабкир, 3 ком., 78 кв.м., 4/4 этаж	3	260000	78	https://www.list.am/ru/item/19130858
Арабкир, 3 ком., 97 кв.м., 4/5 этаж	3	808000	97	https://www.list.am/ru/item/17533672
Арабкир, 3 ком., 83 кв.м., 4/7 этаж	3	484800	83	https://www.list.am/ru/item/20371568
Арабкир, 3 ком., 90 кв.м., 4/13 этаж	3	686800	90	https://www.list.am/ru/item/20341120
Арабкир, 2 ком., 45 кв.м., 6/6 этаж	2	270000	45	https://www.list.am/ru/item/20375378
Арабкир, 4 ком., 126 кв.м., 8/14 этаж	4	400000	126	https://www.list.am/ru/item/20141071
Арабкир, 3 ком., 100 кв.м., 2/5 этаж	3	440000	100	https://www.list.am/ru/item/20095302
Арабкир, 2 ком., 60 кв.м., 2/4 этаж	2	400000	60	https://www.list.am/ru/item/20177041
Арабкир, 1 ком., 50 кв.м., 6/7 этаж	1	250000	50	https://www.list.am/ru/item/20242370
Арабкир, 2 ком., 65 кв.м., 3/11 этаж	2	410000	65	https://www.list.am/ru/item/20019597
Арабкир, 2 ком., 38 кв.м., 3/4 этаж	2	280000	38	https://www.list.am/ru/item/20419525
Арабкир, 2 ком., 57 кв.м., 5/5 этаж	2	250000	57	https://www.list.am/ru/item/20419519
Арабкир, 2 ком., 30 кв.м., 4/4 этаж	2	110000	30	https://www.list.am/ru/item/19998647
Арабкир, 3 ком., 70 кв.м., 3/3 этаж	3	350000	70	https://www.list.am/ru/item/20418230
Арабкир, 5 ком., 130 кв.м., 5/15 этаж	5	600000	130	https://www.list.am/ru/item/20418198
Арабкир, 2 ком., 70 кв.м., 1/2 этаж	2	350000	70	https://www.list.am/ru/item/19973365
Арабкир, 3 ком., 60 кв.м., 1/5 этаж	3	250000	60	https://www.list.am/ru/item/20177656
Арабкир, 3 ком., 78 кв.м., 5/5 этаж	3	340000	78	https://www.list.am/ru/item/20349915
Арабкир, 3 ком., 96 кв.м., 3/4 этаж	3	484800	96	https://www.list.am/ru/item/19590950
Арабкир, 3 ком., 95 кв.м., 5/7 этаж	3	280000	95	https://www.list.am/ru/item/20242219
Арабкир, 2 ком., 41 кв.м., 2/5 этаж	2	260000	41	https://www.list.am/ru/item/20186554
Арабкир, 2 ком., 56 кв.м., 4/4 этаж	2	444400	56	https://www.list.am/ru/item/20360904
Арабкир, 3 ком., 85 кв.м., 2/9 этаж	3	300000	85	https://www.list.am/ru/item/20212603
Арабкир, 3 ком., 100 кв.м., 7/8 этаж	3	640000	100	https://www.list.am/ru/item/20026172
Арабкир, 4 ком., 97 кв.м., 3/5 этаж	4	300000	97	https://www.list.am/ru/item/20290149
Арабкир, 2 ком., 49 кв.м., 4/6 этаж	2	350000	49	https://www.list.am/ru/item/20361550
Арабкир, 2 ком., 46 кв.м., 1/15 этаж	2	400000	46	https://www.list.am/ru/item/19346042
Арабкир, 2 ком., 58 кв.м., 6/8 этаж	2	450000	58	https://www.list.am/ru/item/20407817
Арабкир, 2 ком., 77 кв.м., 6/20 этаж	2	323200	77	https://www.list.am/ru/item/20007442
Арабкир, 4 ком., 97 кв.м., 9/10 этаж	4	450000	97	https://www.list.am/ru/item/18591152
Арабкир, 1 ком., 40 кв.м., 2/5 этаж	1	280000	40	https://www.list.am/ru/item/20219923
Арабкир, 2 ком., 54 кв.м., 2/5 этаж	2	250000	54	https://www.list.am/ru/item/19831058
Арабкир, 3 ком., 70 кв.м., 2/4 этаж	3	330000	70	https://www.list.am/ru/item/20226249
Арабкир, 1 ком., 45 кв.м., 6/9 этаж	1	225000	45	https://www.list.am/ru/item/20404907
Арабкир, 2 ком., 39 кв.м., 3/5 этаж	2	270000	39	https://www.list.am/ru/item/19135148
Арабкир, 2 ком., 43 кв.м., 2/5 этаж	2	280000	43	https://www.list.am/ru/item/20401113
Арабкир, 3 ком., 86 кв.м., 12/16 этаж	3	390000	86	https://www.list.am/ru/item/20344428
Арабкир, 1 ком., 25 кв.м., 1/1 этаж	1	110000	25	https://www.list.am/ru/item/20400319
Арабкир, 2 ком., 70 кв.м., 2/5 этаж	2	350000	70	https://www.list.am/ru/item/19911598
Арабкир, 2 ком., 70 кв.м., 4/16 этаж	2	415000	70	https://www.list.am/ru/item/20226622
Арабкир, 2 ком., 51 кв.м., 1/9 этаж	2	250000	51	https://www.list.am/ru/item/20398454
Арабкир, 3 ком., 80 кв.м., 5/5 этаж	3	383800	80	https://www.list.am/ru/item/18876796
Арабкир, 2 ком., 61 кв.м., 4/9 этаж	2	300000	61	https://www.list.am/ru/item/20259624
Арабкир, 2 ком., 39 кв.м., 3/5 этаж	2	270000	39	https://www.list.am/ru/item/20242569
Арабкир, 3 ком., 70 кв.м., 3/12 этаж	3	399000	70	https://www.list.am/ru/item/19364360
Арабкир, 1 ком., 35 кв.м., 3/4 этаж	1	250000	35	https://www.list.am/ru/item/20376462
Арабкир, 4 ком., 90 кв.м., 2/5 этаж	4	250000	90	https://www.list.am/ru/item/20050617
Арабкир, 3 ком., 74 кв.м., 6/9 этаж	3	450000	74	https://www.list.am/ru/item/20346159
Арабкир, 1 ком., 47 кв.м., 2/16 этаж	1	250000	47	https://www.list.am/ru/item/20186827
Арабкир, 3 ком., 80 кв.м., 2/5 этаж	3	400000	80	https://www.list.am/ru/item/19314651
Арабкир, 3 ком., 75 кв.м., 2/5 этаж	3	484800	75	https://www.list.am/ru/item/20066869
Арабкир, 2 ком., 62 кв.м., 2/5 этаж	2	400000	62	https://www.list.am/ru/item/20146785
Арабкир, 2 ком., 69 кв.м., 3/5 этаж	2	290000	69	https://www.list.am/ru/item/20047065
Арабкир, 3 ком., 20 кв.м., 1/2 этаж	3	100000	20	https://www.list.am/ru/item/20323069
Арабкир, 1 ком., 39 кв.м., 9/16 этаж	1	350000	39	https://www.list.am/ru/item/20389617
Арабкир, 2 ком., 44 кв.м., 5/5 этаж	2	250000	44	https://www.list.am/ru/item/20307410
Арабкир, 2 ком., 44 кв.м., 5/5 этаж	2	250000	44	https://www.list.am/ru/item/20332379
Арабкир, 4 ком., 158 кв.м., 2/12 этаж	4	686800	158	https://www.list.am/ru/item/19665286
Арабкир, 2 ком., 47 кв.м., 4/5 этаж	2	230000	47	https://www.list.am/ru/item/20096524
Арабкир, 2 ком., 45 кв.м., 9/15 этаж	2	300000	45	https://www.list.am/ru/item/20386204
Арабкир, 1 ком., 20 кв.м., 3/5 этаж	1	170000	20	https://www.list.am/ru/item/20260360
Арабкир, 2 ком., 60 кв.м., 3/5 этаж	2	300000	60	https://www.list.am/ru/item/20242722
Арабкир, 2 ком., 60 кв.м., 5/5 этаж	2	300000	60	https://www.list.am/ru/item/20245443
Арабкир, 1 ком., 50 кв.м., 5/8 этаж	1	222200	50	https://www.list.am/ru/item/20223019
Арабкир, 3 ком., 65 кв.м., 5/9 этаж	3	450000	65	https://www.list.am/ru/item/19799856
Арабкир, 3 ком., 90 кв.м., 3/5 этаж	3	525200	90	https://www.list.am/ru/item/20380084
Арабкир, 1 ком., 30 кв.м., 2/5 этаж	1	180000	30	https://www.list.am/ru/item/20380032
Арабкир, 2 ком., 59 кв.м., 1/5 этаж	2	320000	59	https://www.list.am/ru/item/20318015
Арабкир, 3 ком., 91 кв.м., 3/3 этаж	3	490000	91	https://www.list.am/ru/item/20379185
Арабкир, 2 ком., 48 кв.м., 5/5 этаж	2	250000	48	https://www.list.am/ru/item/20378838
Арабкир, 3 ком., 140 кв.м., 10/12 этаж	3	565600	140	https://www.list.am/ru/item/20320287
Арабкир, 4 ком., 110 кв.м., 4/5 этаж	4	450000	110	https://www.list.am/ru/item/20226575
Арабкир, 3 ком., 74 кв.м., 2/9 этаж	3	383800	74	https://www.list.am/ru/item/20377802
Арабкир, 1 ком., 30 кв.м., 2/5 этаж	1	180000	30	https://www.list.am/ru/item/20377243
Арабкир, 2 ком., 55 кв.м., 5/5 этаж	2	210000	55	https://www.list.am/ru/item/20193874
Арабкир, 3 ком., 93 кв.м., 3/10 этаж	3	500000	93	https://www.list.am/ru/item/20435693
Арабкир, 2 ком., 62 кв.м., 6/9 этаж	2	280000	62	https://www.list.am/ru/item/20195463
Арабкир, 3 ком., 90 кв.м., 5/9 этаж	3	300000	90	https://www.list.am/ru/item/20227067
Арабкир, 2 ком., 48 кв.м., 1/5 этаж	2	250000	48	https://www.list.am/ru/item/20291218
Арабкир, 2 ком., 64 кв.м., 2/3 этаж	2	250000	64	https://www.list.am/ru/item/20360593
Арабкир, 4 ком., 80 кв.м., 3/5 этаж	4	400000	80	https://www.list.am/ru/item/17504961
Арабкир, 2 ком., 56 кв.м., 3/5 этаж	2	280000	56	https://www.list.am/ru/item/20422125
Арабкир, 2 ком., 78 кв.м., 3/5 этаж	2	350000	78	https://www.list.am/ru/item/20080210
Арабкир, 2 ком., 67 кв.м., 4/5 этаж	2	300000	67	https://www.list.am/ru/item/20307622
Арабкир, 3 ком., 77 кв.м., 9/9 этаж	3	310000	77	https://www.list.am/ru/item/19903907
Арабкир, 2 ком., 65 кв.м., 5/5 этаж	2	225000	65	https://www.list.am/ru/item/20107136
Арабкир, 2 ком., 55 кв.м., 9/10 этаж	2	300000	55	https://www.list.am/ru/item/19007570
Арабкир, 2 ком., 67 кв.м., 9/14 этаж	2	300000	67	https://www.list.am/ru/item/20367115
Арабкир, 5 ком., 122 кв.м., 1/3 этаж	5	650000	122	https://www.list.am/ru/item/18278782
Арабкир, 4 ком., 78 кв.м., 4/6 этаж	4	380000	78	https://www.list.am/ru/item/20307550
Арабкир, 2 ком., 74 кв.м., 3/9 этаж	2	404000	74	https://www.list.am/ru/item/20175917
Арабкир, 3 ком., 100 кв.м., 9/10 этаж	3	606000	100	https://www.list.am/ru/item/19315869
Арабкир, 2 ком., 50 кв.м., 9/10 этаж	2	270000	50	https://www.list.am/ru/item/19096588
Арабкир, 2 ком., 96 кв.м., 4/9 этаж	2	200000	96	https://www.list.am/ru/item/20449468
Арабкир, 2 ком., 48 кв.м., 3/9 этаж	2	260000	48	https://www.list.am/ru/item/19752873
Арабкир, 3 ком., 67 кв.м., 4/5 этаж	3	380000	67	https://www.list.am/ru/item/20429880
Арабкир, 3 ком., 68 кв.м., 4/5 этаж	3	380000	68	https://www.list.am/ru/item/19955337
Арабкир, 3 ком., 75 кв.м., 3/9 этаж	3	500000	75	https://www.list.am/ru/item/18585327
Арабкир, 3 ком., 82 кв.м., 4/5 этаж	3	350000	82	https://www.list.am/ru/item/20448758
Арабкир, 2 ком., 76 кв.м., 3/4 этаж	2	230000	76	https://www.list.am/ru/item/20323727
Арабкир, 5 ком., 166 кв.м., 9/16 этаж	5	646400	166	https://www.list.am/ru/item/20214568
Арабкир, 2 ком., 54 кв.м., 1/9 этаж	2	380000	54	https://www.list.am/ru/item/20130150
Арабкир, 2 ком., 46 кв.м., 3/9 этаж	2	320000	46	https://www.list.am/ru/item/20171803
Арабкир, 3 ком., 64 кв.м., 2/5 этаж	3	340000	64	https://www.list.am/ru/item/20447901
Арабкир, 3 ком., 85 кв.м., 3/5 этаж	3	383800	85	https://www.list.am/ru/item/20358450
Арабкир, 2 ком., 58 кв.м., 7/7 этаж	2	330000	58	https://www.list.am/ru/item/20403284
Арабкир, 2 ком., 50 кв.м., 4/9 этаж	2	300000	50	https://www.list.am/ru/item/20433226
Арабкир, 2 ком., 45 кв.м., 3/5 этаж	2	230000	45	https://www.list.am/ru/item/20308445
Арабкир, 5 ком., 150 кв.м., 12/17 этаж	5	670000	150	https://www.list.am/ru/item/20020307
Арабкир, 2 ком., 60 кв.м., 10/16 этаж	2	444400	60	https://www.list.am/ru/item/20445648
Арабкир, 3 ком., 69 кв.м., 3/5 этаж	3	300000	69	https://www.list.am/ru/item/20104146
Арабкир, 1 ком., 40 кв.м., 3/5 этаж	1	200000	40	https://www.list.am/ru/item/20412782
Арабкир, 1 ком., 36 кв.м., 5/5 этаж	1	250000	36	https://www.list.am/ru/item/20386194
Арабкир, 2 ком., 67 кв.м., 4/5 этаж	2	300000	67	https://www.list.am/ru/item/20332941
Арабкир, 2 ком., 55 кв.м., 16/17 этаж	2	545400	55	https://www.list.am/ru/item/20117021
Арабкир, 2 ком., 40 кв.м., 3/7 этаж	2	323200	40	https://www.list.am/ru/item/20292037
Арабкир, 3 ком., 74 кв.м., 6/7 этаж	3	500000	74	https://www.list.am/ru/item/19749866
Арабкир, 3 ком., 80 кв.м., 9/9 этаж	3	350000	80	https://www.list.am/ru/item/19904564
Арабкир, 4 ком., 144 кв.м., 1/4 этаж	4	1212000	144	https://www.list.am/ru/item/17970906
Арабкир, 1 ком., 42 кв.м., 12/18 этаж	1	303000	42	https://www.list.am/ru/item/20219447
Арабкир, 2 ком., 50 кв.м., 4/5 этаж	2	230000	50	https://www.list.am/ru/item/20408559
Арабкир, 1 ком., 38 кв.м., 4/5 этаж	1	170000	38	https://www.list.am/ru/item/19867356
Арабкир, 2 ком., 56 кв.м., 1/6 этаж	2	250000	56	https://www.list.am/ru/item/20426997
Арабкир, 2 ком., 50 кв.м., 9/10 этаж	2	270000	50	https://www.list.am/ru/item/20291830
Арабкир, 4 ком., 110 кв.м., 9/10 этаж	4	500000	110	https://www.list.am/ru/item/20230668
Арабкир, 3 ком., 80 кв.м., 2/5 этаж	3	340000	80	https://www.list.am/ru/item/19565402
Арабкир, 2 ком., 70 кв.м., 1/5 этаж	2	350000	70	https://www.list.am/ru/item/19293533
Арабкир, 2 ком., 71 кв.м., 4/5 этаж	2	300000	71	https://www.list.am/ru/item/20393043
Арабкир, 3 ком., 59 кв.м., 4/5 этаж	3	300000	59	https://www.list.am/ru/item/20378205
Арабкир, 2 ком., 57 кв.м., 5/5 этаж	2	230000	57	https://www.list.am/ru/item/20301532
Арабкир, 2 ком., 56 кв.м., 8/10 этаж	2	270000	56	https://www.list.am/ru/item/20135197
Арабкир, 2 ком., 85 кв.м., 7/12 этаж	2	300000	85	https://www.list.am/ru/item/20442934
Арабкир, 2 ком., 40 кв.м., 4/8 этаж	2	240000	40	https://www.list.am/ru/item/20442329
Арабкир, 3 ком., 110 кв.м., 1/5 этаж	3	350000	110	https://www.list.am/ru/item/19773955
Арабкир, 2 ком., 41 кв.м., 8/10 этаж	2	340000	41	https://www.list.am/ru/item/20086509
Арабкир, 3 ком., 75 кв.м., 3/6 этаж	3	330000	75	https://www.list.am/ru/item/20371791
Арабкир, 2 ком., 68 кв.м., 8/16 этаж	2	230000	68	https://www.list.am/ru/item/20353258
Арабкир, 2 ком., 50 кв.м., 5/5 этаж	2	500000	50	https://www.list.am/ru/item/19331710
Арабкир, 1 ком., 35 кв.м., 2/5 этаж	1	343400	35	https://www.list.am/ru/item/19177452
Арабкир, 2 ком., 51 кв.м., 4/5 этаж	2	280000	51	https://www.list.am/ru/item/20441079
Арабкир, 3 ком., 120 кв.м., 2/4 этаж	3	200000	120	https://www.list.am/ru/item/20441041
Арабкир, 3 ком., 90 кв.м., 4/5 этаж	3	300000	90	https://www.list.am/ru/item/18592796
Арабкир, 3 ком., 102 кв.м., 2/2 этаж	3	545400	102	https://www.list.am/ru/item/19757975
Арабкир, 4 ком., 135 кв.м., 1/1 этаж	4	606000	135	https://www.list.am/ru/item/20439982
Арабкир, 4 ком., 95 кв.м., 2/4 этаж	4	400000	95	https://www.list.am/ru/item/20247924
Арабкир, 3 ком., 81 кв.м., 9/9 этаж	3	300000	81	https://www.list.am/ru/item/20377567
Арабкир, 2 ком., 70 кв.м., 11/16 этаж	2	450000	70	https://www.list.am/ru/item/18524509
Арабкир, 2 ком., 68 кв.м., 4/14 этаж	2	450000	68	https://www.list.am/ru/item/20370980
Арабкир, 2 ком., 64 кв.м., 4/9 этаж	2	360000	64	https://www.list.am/ru/item/20209852
Арабкир, 1 ком., 35 кв.м., 1/1 этаж	1	250000	35	https://www.list.am/ru/item/20238315
Арабкир, 3 ком., 70 кв.м., 2/2 этаж	3	400000	70	https://www.list.am/ru/item/20191349
Арабкир, 3 ком., 100 кв.м., 3/5 этаж	3	484800	100	https://www.list.am/ru/item/20257933
Арабкир, 2 ком., 65 кв.м., 12/16 этаж	2	525200	65	https://www.list.am/ru/item/20088327
Арабкир, 2 ком., 56 кв.м., 3/7 этаж	2	250000	56	https://www.list.am/ru/item/20368017
Арабкир, 2 ком., 52 кв.м., 4/6 этаж	2	330000	52	https://www.list.am/ru/item/20299407
Арабкир, 3 ком., 70 кв.м., 2/19 этаж	3	360000	70	https://www.list.am/ru/item/20072546
Арабкир, 3 ком., 135 кв.м., 15/19 этаж	3	888800	135	https://www.list.am/ru/item/20345242
Арабкир, 3 ком., 84 кв.м., 3/7 этаж	3	350000	84	https://www.list.am/ru/item/20283156
Арабкир, 2 ком., 35 кв.м., 4/4 этаж	2	290000	35	https://www.list.am/ru/item/19844716
Арабкир, 1 ком., 35 кв.м., 2/5 этаж	1	290000	35	https://www.list.am/ru/item/20251877
Арабкир, 2 ком., 50 кв.м., 3/5 этаж	2	250000	50	https://www.list.am/ru/item/20178611
Арабкир, 3 ком., 90 кв.м., 10/17 этаж	3	525200	90	https://www.list.am/ru/item/19980281
Арабкир, 2 ком., 70 кв.м., 1/2 этаж	2	350000	70	https://www.list.am/ru/item/20165306
Арабкир, 4 ком., 124 кв.м., 1/9 этаж	4	660000	124	https://www.list.am/ru/item/20356086
Арабкир, 3 ком., 100 кв.м., 3/3 этаж	3	686800	100	https://www.list.am/ru/item/20071950
Арабкир, 1 ком., 44 кв.м., 8/9 этаж	1	270000	44	https://www.list.am/ru/item/20201039
Арабкир, 2 ком., 30 кв.м., 2/3 этаж	2	250000	30	https://www.list.am/ru/item/19568639
Арабкир, 3 ком., 74 кв.м., 3/14 этаж	3	200000	74	https://www.list.am/ru/item/20430744
Арабкир, 2 ком., 59 кв.м., 1/6 этаж	2	300000	59	https://www.list.am/ru/item/20059234
Арабкир, 4 ком., 159 кв.м., 2/19 этаж	4	1010000	159	https://www.list.am/ru/item/20360756
Арабкир, 3 ком., 70 кв.м., 1/5 этаж	3	500000	70	https://www.list.am/ru/item/19747479
